:1000000010720120F13D00009F410100DD3D000024
:10001000DD3D0000DD3D0000DD3D0000DD3D000078
:10002000000000000000000000000000B13E0000E1
:10003000DD3D000000000000553E0000DD3D0000F9
:10004000894000008940000089400000894000008C
:10005000894000008940000089400000894000007C
:10006000894000008940000089400000894000006C
:10007000894000008940000089400000894000005C
:10008000894000008940000089400000894000004C
:10009000894000008940000089400000894000003C
:1000A000894000008940000089400000894000002C
:1000B000894000008940000089400000894000001C
:1000C000894000008940000089400000894000000C
:1000D00089400000894000008940000089400000FC
:1000E00089400000894000008940000089400000EC
:1000F00089400000894000008940000089400000DC
:1001000089400000894000008940000089400000CB
:1001100089400000894000008940000089400000BB
:1001200089400000894000008940000089400000AB
:10013000894000008940000089400000894000009B
:10014000894000008940000089400000894000008B
:10015000894000008940000089400000894000007B
:10016000894000008940000089400000894000006B
:10017000894000008940000089400000894000005B
:10018000894000008940000089400000894000004B
:10019000894000008940000089400000894000003B
:1001A000894000008940000089400000894000002B
:1001B000894000008940000089400000894000001B
:1001C000894000008940000089400000894000000B
:1001D00089400000894000008940000089400000FB
:1001E00089400000894000008940000089400000EB
:1001F00089400000894000008940000089400000DB
:1002000089400000894000008940000089400000CA
:1002100089400000894000008940000089400000BA
:1002200089400000894000008940000089400000AA
:10023000894000008940000089400000894000009A
:10024000894000008940000089400000894000008A
:10025000894000008940000089400000894000007A
:10026000894000008940000089400000894000006A
:10027000894000008940000089400000894000005A
:10028000894000008940000089400000894000004A
:10029000894000008940000089400000894000003A
:1002A000894000008940000089400000894000002A
:1002B000894000008940000089400000894000001A
:1002C000894000008940000089400000894000000A
:1002D00089400000894000008940000089400000FA
:1002E00089400000894000008940000089400000EA
:1002F00089400000894000008940000089400000DA
:1003000089400000894000008940000089400000C9
:1003100089400000894000008940000089400000B9
:1003200089400000894000008940000089400000A9
:100330008940000089400000894000008940000099
:100340008940000089400000894000008940000089
:100350008940000089400000894000008940000079
:100360008940000089400000894000008940000069
:100370008940000089400000894000008940000059
:100380008940000089400000894000008940000049
:100390008940000089400000894000008940000039
:1003A0008940000089400000894000008940000029
:1003B0008940000089400000894000008940000019
:1003C0008940000089400000894000008940000009
:1003D00089400000894000008940000089400000F9
:1003E00089400000894000008940000089400000E9
:1003F00089400000894000008940000089400000D9
:1004000089400000894000008940000089400000C8
:1004100089400000894000008940000089400000B8
:1004200089400000894000008940000089400000A8
:100430008940000089400000894000008940000098
:100440008940000089400000894000008940000088
:100450008940000089400000894000008940000078
:100460008940000089400000894000008940000068
:0C04700089400000894000008940000025
:10048000844641EA000313F0030349D1403A23D3E1
:100490000B6803604B6843608B688360CB68C36004
:1004A0000B6903614B6943618B698361CB69C361EC
:1004B0000B6A03624B6A43628B6A8362CB6AC362D4
:1004C0000B6B03634B6B43638B6B8363CB6BC363BC
:1004D00040304031403ADBD230320BD30B680360FE
:1004E0004B6843608B688360CB68C3601030103109
:1004F000103AF3D20C3205D351F8043B40F8043BD8
:10050000043AF9D2043208D0D2071CBF11F8013BDB
:1005100000F8013B01D30B8803806046704700BFA1
:10052000082A13D38B07B1D010F00303AED0C3F168
:100530000403D21ADB071CBF11F8013B00F8013B92
:10054000A4D331F8023B20F8023B9FE7043AD9D309
:10055000013A11F8013B00F8013BF9D20B78037026
:100560004B7843708B7883706046704780EA010C4B
:100570001CF0030F37D110F0030C20F0030021F022
:10058000030150F8042B08BF51F8043B0ED08CF047
:10059000030C6FF07F434FEACC0C23FA0CFC51F8AC
:1005A000043B42EA0C0243EA0C0300BFA2F1013C07
:1005B0009A4201BF2CEA020C1CF0803F50F8042B39
:1005C00051F8043BF2D04FEA02604FEA12220128B0
:1005D00028BFB0EB036F08BF1B0AF4D003F0FF0382
:1005E000000EC01A704710F0030F0AD010F8012B4C
:1005F00011F8013B012A28BF9A42F4D0A2EB030074
:1006000070474DF8045D50F8042B01F0030521F00C
:10061000030151F8043B022D26D04DD822F07F452E
:10062000B5EB132FA2F1013C2CEA020C0DD11CF00A
:10063000803C08BF51F8043B0AD185EA0205B5EBBE
:10064000036F0CD150F8042BE8E74FEA13235BE06B
:100650003CF07F4C54D10B784FEA126554E04FEADE
:10066000126503F0FF034FE04FEA0245A2F1013C9F
:100670004FEA15452CEA020CB5EB134F18D11CF0CC
:10068000803C08BF51F8043B07D185EA0205B5EB71
:10069000034F09D150F8042BE6E75FEA0C4C2FD149
:1006A0000B884FEA12452FE04FEA03434FEA124509
:1006B0004FEA134328E000BF02F0FF05B5EB136FCC
:1006C000A2F1013C2CEA020C0DD11CF0803C08BFC9
:1006D00051F8043B0AD185EA0205B5EB032F0AD194
:1006E00050F8042BE8E74FEA13630DE012F0FF0F18
:1006F00006D051F8043B4FEA122523F07F4303E074
:100700004FF0000020BC704705F0FF0203F0FF002F
:10071000012828BF904204BF2D0A1B0AF4D0A2EB87
:10072000000020BC704700BF81F0004102E000BF24
:1007300083F0004330B54FEA41044FEA430594EAA1
:10074000050F08BF90EA020F1FBF54EA000C55EADC
:10075000020C7FEA645C7FEA655C00F0E2804FEAAD
:100760005454D4EB5555B8BF6D420CDD2C4480EA8F
:10077000020281EA030382EA000083EA010180EABF
:10078000020281EA0303362D88BF30BD11F0004F0D
:100790004FEA01314FF4801C4CEA113102D0404243
:1007A00061EB410113F0004F4FEA03334CEA13337E
:1007B00002D0524263EB430394EA050F00F0A78096
:1007C000A4F10104D5F1200E0DDB02FA0EFC22FA91
:1007D00005F2801841F1000103FA0EF2801843FA85
:1007E00005F359410EE0A5F120050EF1200E012A76
:1007F00003FA0EFC28BF4CF0020C43FA05F3C018B4
:1008000051EBE37101F0004507D54FF0000EDCF12C
:10081000000C7EEB00006EEB0101B1F5801F1BD3D5
:10082000B1F5001F0CD349085FEA30004FEA3C0CD9
:1008300004F101044FEA445212F5800F80F09A80CF
:10084000BCF1004F08BF5FEA500C50F1000041EBD3
:10085000045141EA050130BD5FEA4C0C404141EBD7
:100860000101013C28BFB1F5801FE9D291F0000FD2
:1008700004BF01460020B1FA81F308BF2033A3F181
:100880000B03B3F120020CDA0C3208DD02F1140C78
:10089000C2F10C0201FA0CF021FA02F10CE002F1B3
:1008A0001402D8BFC2F1200C01FA02F120FA0CFCAC
:1008B000DCBF41EA0C019040E41AA2BF01EB0451F5
:1008C000294330BD6FEA04041F3C1CDA0C340EDCF3
:1008D00004F11404C4F1200220FA04F001FA02F336
:1008E00040EA030021FA04F345EA030130BDC4F1F4
:1008F0000C04C4F1200220FA02F001FA04F340EAE9
:100900000300294630BD21FA04F0294630BD94F099
:10091000000F83F4801306BF81F480110134013D80
:100920004EE77FEA645C18BF7FEA655C29D094EAF1
:10093000050F08BF90EA020F05D054EA000C04BF6F
:100940001946104630BD91EA030F1EBF002100205A
:1009500030BD5FEA545C05D14000494128BF41F0F9
:10096000004130BD14F580043CBF01F5801130BD5D
:1009700001F0004545F0FE4141F470014FF00000E8
:1009800030BD7FEA645C1ABF194610467FEA655C99
:100990001CBF0B46024650EA013406BF52EA03353B
:1009A00091EA030F41F4002130BD00BF90F0000F29
:1009B00004BF0021704730B54FF4806404F1320465
:1009C0004FF000054FF0000150E700BF90F0000F1E
:1009D00004BF0021704730B54FF4806404F1320445
:1009E00010F0004548BF40424FF000013EE700BF15
:1009F00042004FEAE2014FEA31014FEA02701FBFA5
:100A000012F07F4393F07F4F81F06051704732F0D6
:100A10007F4208BF704793F07F4F04BF41F400212D
:100A2000704730B54FF4607401F0004521F000418B
:100A30001CE700BF50EA010208BF704730B54FF015
:100A400000050AE050EA010208BF704730B511F016
:100A5000004502D5404261EB41014FF4806404F14E
:100A600032045FEA915C3FF4D8AE4FF003025FEAD4
:100A7000DC0C18BF03325FEADC0C18BF033202EB58
:100A8000DC02C2F1200300FA03FC20FA02F001FAB2
:100A900003FE40EA0E0021FA02F11444BDE600BF55
:100AA00070B54FF0FF0C4CF4E06C1CEA11541DBF04
:100AB0001CEA135594EA0C0F95EA0C0F00F0DEF8CF
:100AC0002C4481EA030621EA4C5123EA4C5350EAB4
:100AD000013518BF52EA033541F4801143F4801305
:100AE00038D0A0FB02CE4FF00005E1FB02E506F096
:100AF0000042E0FB03E54FF00006E1FB03569CF0EB
:100B0000000F18BF4EF0010EA4F1FF04B6F5007FF0
:100B100064F5407404D25FEA4E0E6D4146EB060662
:100B200042EAC62141EA55514FEAC52040EA5E50EB
:100B30004FEACE2EB4F1FD0C88BFBCF5E06F1ED895
:100B4000BEF1004F08BF5FEA500E50F1000041EBCC
:100B5000045170BD06F0004646EA010140EA020079
:100B600081EA0301B4EB5C04C2BFD4EB0C0541EA9B
:100B7000045170BD41F480114FF0000E013C00F3B0
:100B8000AB8014F1360FDEBF002001F0004170BDD4
:100B9000C4F10004203C35DA0C341BDC04F11404ED
:100BA000C4F1200500FA05F320FA04F001FA05F279
:100BB00040EA020001F0004221F0004110EBD37046
:100BC00021FA04F642EB06015EEA430E08BF20EA72
:100BD000D37070BDC4F10C04C4F1200500FA04F315
:100BE00020FA05F001FA04F240EA020001F00041A7
:100BF00010EBD37041F100015EEA430E08BF20EA1A
:100C0000D37070BDC4F1200500FA05F24EEA020E61
:100C100020FA04F301FA05F243EA020321FA04F090
:100C200001F0004121FA04F220EA020000EBD37047
:100C30005EEA430E08BF20EAD37070BD94F0000F47
:100C40000FD101F00046400041EB010111F4801F7B
:100C500008BF013CF7D041EA060195F0000F18BF2C
:100C6000704703F00046520043EB030313F4801F68
:100C700008BF013DF7D043EA0603704794EA0C0F22
:100C80000CEA135518BF95EA0C0F0CD050EA410638
:100C900018BF52EA4306D1D181EA030101F00041B5
:100CA0004FF0000070BD50EA410606BF10461946DD
:100CB00052EA430619D094EA0C0F02D150EA0136E9
:100CC00013D195EA0C0F05D152EA03361CBF10462A
:100CD00019460AD181EA030101F0004141F0FE41C9
:100CE00041F470014FF0000070BD41F0FE4141F44D
:100CF000780170BD70B54FF0FF0C4CF4E06C1CEA4D
:100D000011541DBF1CEA135594EA0C0F95EA0C0F01
:100D100000F0A7F8A4EB050481EA030E52EA0335BC
:100D20004FEA013100F088804FEA03334FF08055DD
:100D300045EA131343EA12634FEA022245EA11150A
:100D400045EA10654FEA00260EF000419D4208BFBB
:100D5000964244F1FD0404F5407402D25B084FEA68
:100D60003202B61A65EB03055B084FEA32024FF414
:100D700080104FF4002CB6EB020E75EB030E22BF71
:100D8000B61A754640EA0C005B084FEA3202B6EB31
:100D9000020E75EB030E22BFB61A754640EA5C00E0
:100DA0005B084FEA3202B6EB020E75EB030E22BF70
:100DB000B61A754640EA9C005B084FEA3202B6EB71
:100DC000020E75EB030E22BFB61A754640EADC0030
:100DD00055EA060E18D04FEA051545EA16754FEA92
:100DE00006164FEAC30343EA52734FEAC2025FEAB0
:100DF0001C1CC0D111F4801F0BD141EA00014FF03F
:100E000000004FF0004CB6E711F4801F04BF01430F
:100E10000020B4F1FD0C88BFBCF5E06F3FF6AFAE2B
:100E2000B5EB030C04BFB6EB020C5FEA500C50F1BB
:100E3000000041EB045170BD0EF0004E4EEA11313E
:100E400014EB5C04C2BFD4EB0C0541EA045170BD45
:100E500041F480114FF0000E013C90E645EA060E89
:100E60008DE60CEA135594EA0C0F08BF95EA0C0FB7
:100E70003FF43BAF94EA0C0F0AD150EA01347FF4FF
:100E800034AF95EA0C0F7FF425AF104619462CE7D6
:100E900095EA0C0F06D152EA03353FF4FDAE104639
:100EA000194622E750EA410618BF52EA43067FF48A
:100EB000C5AE50EA41047FF40DAF52EA43057FF41A
:100EC000EBAE12E74FF0FF3C06E000BF4FF0010C25
:100ED00002E000BF4FF0010C4DF804CD4FEA410C89
:100EE0007FEA6C5C4FEA430C18BF7FEA6C5C1BD056
:100EF00001B050EA410C0CBF52EA430C91EA030FD7
:100F000002BF90EA020F0020704710F1000F91EA33
:100F1000030F58BF994208BF90422CBFD8176FEA01
:100F2000E37040F0010070474FEA410C7FEA6C5CCF
:100F300002D150EA013C07D14FEA430C7FEA6C5CD6
:100F4000D6D152EA033CD3D05DF8040B704700BF02
:100F50008446104662468C461946634600E000BF50
:100F600001B5FFF7B7FF002848BF10F1000F01BD22
:100F70004DF808EDFFF7F4FF0CBF012000205DF8ED
:100F800008FB00BF4DF808EDFFF7EAFF34BF012072
:100F900000205DF808FB00BF4DF808EDFFF7E0FF0B
:100FA00094BF012000205DF808FB00BF4DF808ED5C
:100FB000FFF7CEFF94BF012000205DF808FB00BFC3
:100FC0004DF808EDFFF7C4FF34BF012000205DF8A5
:100FD00008FB00BF4FEA410C7FEA6C5C02D150EA8B
:100FE000013C0AD14FEA430C7FEA6C5C02D152EA21
:100FF000033C02D14FF0000070474FF001007047F2
:101000004FEA410212F5001215D211D56FF4787330
:10101000B3EB625212D94FEAC12343F0004343EAD3
:10102000505311F0004F23FA02F018BF40427047AE
:101030004FF00000704750EA013005D111F0004038
:1010400008BF6FF0004070474FF00000704700BFCE
:101050004A0011D212F5001211D20DD56FF4787337
:10106000B3EB62520ED44FEAC12343F0004343EA8C
:10107000505323FA02F070474FF00000704750EAD7
:10108000013002D14FF0FF3070474FF00000704741
:1010900053B94AB9002908BF00281CBF4FF0FF31DF
:1010A0004FF0FF3000F00CB8ADF1080C6DE904CE44
:1010B00000F008F8DDF804E0DDE9022304B0704731
:1010C000704700BF2DE9F04786468C460846089ECB
:1010D000154674461946002B40F0C1808542B2FA8D
:1010E00082F245D94AB1C2F1200300FA02FC9540D0
:1010F00094402EFA03F343EA0C0C4FEA154EA8B2C3
:10110000230CBCFBFEF80EFB18CC08FB00F943EAED
:101110000C43994528D9EB1808F1FF3704D29945BB
:1011200002D9A8F102072B44A3EB0903A4B2B3FB35
:10113000FEFC0EFB1C330CFB00F044EA0344A0420F
:1011400014D92C190CF1FF3304D2A04202D9ACF10E
:1011500002032C44241A43EA07401EB1D440002362
:1011600034607360BDE8F0874746DDE76346F1E72A
:1011700092BB431B01214FEA154EAFB2200CB3FBCB
:10118000FEFC0EFB1C330CFB07F840EA03439845BA
:1011900061D9EB180CF1FF3004D2984502D9ACF1BB
:1011A00002002B44A3EB0803A4B2B3FBFEFC0EFB2E
:1011B0001C330CFB07F744EA0344A7424DD92C1912
:1011C0000CF1FF3304D2A74202D9ACF102032C4444
:1011D000E41B43EA0040C0E7C2F12003954094407D
:1011E00020FA03F12EFA03F34FEA154E9040AFB206
:1011F0000343B1FBFEFC0EFB1C10190C0CFB07F8A3
:1012000041EA0041884522D969180CF1FF3004D227
:10121000884502D9ACF102002944A1EB08019BB238
:10122000B1FBFEFC0EFB1C110CFB07F743EA01436C
:101230009F420ED9EB180CF1FF3104D29F4202D924
:10124000ACF102012B44DB1B41EA004193E760460D
:10125000E3E76146F7E76046A4E76346B8E7834201
:1012600006D916B9002108467CE7C6E900E0F9E78F
:10127000B3FA83F78FB9834201D3724508D8BEEB26
:10128000020460EB030301209C461EB9002169E7BC
:101290003846FAE7C6E9004CF8E7C7F1200CBB4036
:1012A0000EFA07F522FA0CF42EFA0CF1BA401C43A0
:1012B00020FA0CF3B8404FEA144901431FFA84FEA8
:1012C000B3FBF9F809FB18300B0C08FB0EFA43EAE4
:1012D00000439A4540D9E31808F1FF3004D29A45FB
:1012E00002D9A8F102002344A3EB0A0389B2B3FB9D
:1012F000F9F809FB183308FB0EFE41EA03418E455D
:101300002CD9611808F1FF3304D28E4502D9A8F117
:101310000203214443EA0040A1EB0E01A0FB029826
:101320004145CE46434602D306D14D4504D201384D
:10133000B9EB020E68EB0403002EA7D0B5EB0E024A
:1013400061EB030101FA0CFC22FA07F3F9404CEAC5
:101350000303C6E9003199E74046C5E74346D9E7AC
:101360007FB500260446084615468DF80060FFF755
:101370002DFB0FA3D3E90023FFF792FBFFF768FED5
:10138000019028468DF80860FFF720FB08A3D3E9F9
:101390000023FFF785FBFFF75BFE022203906946FF
:1013A000204604F0B3FE04B070BD00BFAFF3008070
:1013B0000000000080842E412DE9F04F016C9BB0AD
:1013C00016461F46279D0490CDE9026749B1426C3D
:1013D0000123044693404A608B6010F007FB002312
:1013E0002364B7F10009C0F2B68000232B607E4B66
:1013F00033EA090300F0BA800022DDE9023418461E
:1014000021460023CDE90801FFF7B2FD804668B10F
:101410000123269A1360289B13B1744B289A1360FA
:10142000DFF8CC8140461BB0BDE8F08F18AB0498C4
:10143000019319AB0093DDE9082310F005FE834604
:101440005FEA195540F0A980DDE91885454405F2A9
:101450003243202B40F34D82C3F1400309FA03F9D4
:1014600005F2124326FA03F349EA0300FFF79EFA56
:10147000013D0123A1F1F871109300225D4BFFF7AC
:1014800057F953A3D3E90023FFF70AFB52A3D3E98B
:101490000023FFF74FF906460F462846FFF796FA56
:1014A0004FA3D3E90023FFF7FBFA02460B46304671
:1014B0003946FFF73FF906460F46FFF7A1FD002228
:1014C0008246002330463946FFF75CFD002840F095
:1014D0000382A8EB0508BAF1160F08F1FF33069353
:1014E00000F2A781444E06EBCA06DDE90801D6E901
:1014F0000023FFF747FD002800F0848000230AF155
:10150000FF3A0F9308F1FF33002BC0F299810023BB
:101510000A93BAF1000F7BDA0A9BCDF82CA0A3EB5B
:101520000A030A93CAF100034FF0000A0E93249BAA
:10153000092B77D8052B40F3E181043B0027249346
:10154000249B023B032B00F25986DFE813F054047E
:10155000510447042C04012329F000492B60224B3D
:10156000CDF80C9033EA09037FF446AFC9F31309B1
:1015700042F20F73269A59EA060913601DD0289B80
:10158000DFF87880002B3FF44DAF08F10303289A71
:10159000404613601BB0BDE8F08FDDE90812CDF8BE
:1015A0004080A5F2FF35C2F313030846DDF86080E2
:1015B00043F07F5141F440115FE7289BDFF8408002
:1015C000002B3FF42FAF08F10803E0E7AFF30080F2
:1015D00061436F63A787D23FB3C8608B288AC63F39
:1015E000FB799F501344D33F0000F07FF995010031
:1015F000F89501000000F83F4084010028960100A2
:101600001C960100B8F1000F40F3B1840F900A90CE
:10161000069BCDF82CA05344069300230E93249BE5
:10162000092B87D900230127CDE924334FF0FF335D
:101630000C970793049B00215964079B119304980E
:1016400010F0AEF90590002800F0E185079B0E2B05
:101650008CBF002707F00107DDE904321A64002F70
:1016600000F01B810B9A002A40F34A81BC4E02F025
:101670000F03D4054FEA221806EBC303D3E9006732
:1016800040F17083B74B08F00F080325D3E9082316
:10169000DDE90801FFF72EFBCDE91201B8F1000FDB
:1016A00012D0DFF8C09218F0010F08D0304639464A
:1016B0000135D9E90023FFF7F3F906460F465FEA43
:1016C000680809F10809EED132463B46DDE912010E
:1016D000FFF710FB804689460F9B43B10022A24BC7
:1016E00040464946FFF74EFC002840F04784284614
:1016F000FFF76CF942464B46FFF7D2F99B4B0022AD
:10170000FFF718F8079B0646A1F15077002B00F071
:10171000AB80079B0B9C1293059B404612995D1C66
:10172000CDE914678E4E06EBC10353E90212CDE9F1
:1017300016124946FFF764FC00F13007FFF746F93F
:1017400002460B4640464946FFB2FEF7F1FF894686
:101750000C998046DDE91623002900F00F81002056
:101760008349FFF7C7FADDE91423FEF7E1FF059E81
:1017700042464B46377006460F46FFF721FC0028CD
:1017800040F02F850023CDF858A0CDF850B09A46F0
:10179000DDF848B012942BE00AF1010ADA4580F234
:1017A000BD84304639460022724BFFF779F900229A
:1017B000704B06460F4640464946FFF771F9894689
:1017C0008046FFF71DFC0446FFF700F902460B4672
:1017D000303440464946FEF7ABFF32463B4605F8FB
:1017E000014B80468946FFF7CDFB002840F09C84E2
:1017F00042464B4600205C49FEF79AFF32463B4684
:10180000FFF7C0FB0028C7D0DDF850B02F46129C70
:10181000059902E08F4200F05F843A4617F8013DD7
:10182000392BF7D00133DBB23B70DDF81480059221
:101830006BE101230F9308F1FF33002BBFF667AE76
:10184000C8F101030A930023069362E62846FFF7D6
:10185000BDF842464B46FFF723F90022434BFEF703
:1018600069FF0646A1F15077404649460022424BA7
:10187000FEF75EFF32463B4680468946FFF7A0FBF7
:10188000002840F0AD8340464946324607F1004308
:10189000FFF778FB002840F0D5810B9A199B0E2AA0
:1018A00002DC002B80F2AD810C9A002A00F0B5809A
:1018B000249A012A40F38583079A0E9B551EAB425A
:1018C000C0F2C782002AA3EB050580F25B840A9B65
:1018D000079AA3EB0208C9E25046FFF777F83246B1
:1018E0003B46FFF745FB00287FF4F3AD0AF1FF3AD2
:1018F000EFE5C3F1200306FA03F0B7E501271FE681
:1019000000F0A3820B9B164E5D4205F00F0306EB21
:10191000C303DDE90801D3E90023FFF7C1F82E1165
:10192000CDE9120100F052840E4C002302258046BE
:101930008946F00709D5404649460135D4E90023D8
:10194000FFF7AEF83B4680468946761004F108045E
:10195000EFD1002B7FF4C0AEDDE91289BCE600BFF9
:1019600040840100188401000000F03F00001C408A
:101970000000E03F0000244000001440DDE91401B5
:10198000FFF78EF8059B1F70129B012BCDE90C0110
:1019900000F00984129F059BCDF840A01F4400224F
:1019A000AA4B40464946FFF77BF889468046FFF739
:1019B00027FB8246FFF70AF802460B460AF1300A77
:1019C00040464946FEF7B4FE05F801ABAF428046FB
:1019D0008946E4D1DDF840A000229D4BDDE90C01F1
:1019E000FEF7A8FE42464B46FFF7CCFA002840F02F
:1019F0007B8300209649DDE90C23FEF799FE4246E1
:101A00004B46FFF7DDFA002840F01982199B002BA6
:101A100003DB0B9B0E2B40F3F58000230E9DDDF8BE
:101A200028801E460C93B8F1000F0DDD06990029A1
:101A30000B4609DD41450A9AA8BF4346D21AA8EBD6
:101A40000308CB1A0A9206930E9B53B10C9B13B159
:101A5000002D40F01E8259460E9A049810F056F957
:101A600083460121049810F071F80746BAF1000F7F
:101A700040F06381249B012B40F37A810123069976
:101A80000B4413F01F0308D0C3F12002042A00F313
:101A9000B5810AD0C3F13C0300E01C230A9A9844A4
:101AA0001A440A92069A1A4406920A9B002B05DDF4
:101AB00059461A46049810F083F98346069B002B7A
:101AC00005DD39461A46049810F07AF90746249B3A
:101AD000022B0F9BD4BF00250125002B40F0BE80B8
:101AE000079B002B24DC1DB3079B002B00F08F818C
:101AF000259BDDF81480DC43394604980FF076FF0F
:101B00001EB1314604980FF071FF594604980FF04A
:101B10006DFF00220599631C0A70269A1360289BAA
:101B2000002B3FF47FAC404619601BB0BDE8F08F3E
:101B30000C9B002B00F0AF80B8F1000F00F3C081C8
:101B4000BAF1000F40F0D382B146059D079C6B1E91
:101B50001C44029B089403F00103049C0A93394639
:101B600058460FF0E5FC31468246584610F09CF985
:101B70004A4639468046204610F0B6F9C26801460A
:101B80000AF13003002A40F0A281CDE9060358464D
:101B900010F08AF90699069020460FF027FF249B43
:101BA000069A52EA0301079B40F0C2810A9A002A72
:101BB00000F0F282B8F1000FC0F2AD81089AA84699
:101BC000AA4208F8013B00F0D282594600230A22BB
:101BD00020460FF015FF4E45834631464FF0000377
:101BE0004FF00A02204600F09D810FF009FF4946A0
:101BF000064600230A2220460FF002FF4546814692
:101C0000ADE7144E0B9B06EBC306D6E90034CDE9D5
:101C10000234259B002B80F2E881079B002B00F308
:101C2000E481079B73B900220B4BDDE90201FEF74B
:101C300037FF02460B46DDE90801FFF7ADF9002842
:101C400000F0CE8100273E4652E700BF000024404E
:101C50000000E03F4084010000001440394658462F
:101C600010F022F90028BFF63BAF0B9B59460A2221
:101C70000498013B0B9300230FF0C2FE0C9B83469C
:101C8000002B40F09282119B002B119B079302DCEA
:101C9000002D7FF429AFDDF814800125079CDDF8C5
:101CA000109007E0594600230A2248460FF0A8FE8C
:101CB00001358346394658460FF03AFCA54200F1FB
:101CC000300308F8013BEDDB079A0025002ACCBF62
:101CD00090464FF00108059A904459460122049815
:101CE000029310F06DF83946834610F0DDF80028B5
:101CF00040F3E481059A02E0904500F0D48118F8A1
:101D0000013CC24608F1FF38392BF5D001330B9C5A
:101D100088F80030394604980FF068FE002E00F075
:101D2000C8812DB1B54203D0294604980FF05EFE5C
:101D3000DDF81480CDF814A0E3E60146524604987D
:101D40000FF0E4FF249B0746012B40F395804FF0F2
:101D5000000A3B6907EB830318690FF0A3FEC0F18B
:101D600020038CE6DDE908340225CDE9123495E440
:101D7000029B002B7FF482AEDDE90212C2F3130353
:101D8000002B7FF47BAEAD4B134033B10A9B013384
:101D90000A93069B013306930123BAF1000F40F02A
:101DA000F9819A466AE601230C93259B0B9A13440A
:101DB00011930133012B1D460793B8BF0125172D41
:101DC00040F31382012204235B001146013203F128
:101DD0001400A842F8D9049B596430E401230C9301
:101DE000259B002B40F3BE801D4611930793E6E729
:101DF00000230C93D9E700230C93F1E7C3F11C03F4
:101E00000A9A19441A4498440A9206914DE63946B2
:101E1000052204980FF0F4FD07465846394610F0A5
:101E200043F800287FF764AEDDF81480059B0B9C17
:101E3000013301340593312388F800305CE63A46DB
:101E400017F8013D302BFAD0EFE40225DDE90889CF
:101E500042E40E9B0E95EB1A00259A44DDE906320A
:101E6000134406930A9B984613440A93012104984D
:101E70000FF06CFE0646D6E5029B002B7FF467AFA1
:101E8000DDE90201C1F313030A46002B3FF47BAFE7
:101E90005DE7049C31462A4620460FF037FF064690
:101EA0005A46204631460FF07FFE5946834620466B
:101EB0000FF09CFD0E9B5B1B0E933FF4D2ADCAE569
:101EC0003146424604980FF07BFF064638E60498F8
:101ED00006930FF08BFDB8F1000F069B08DB029A0A
:101EE000249902F0010248EA010852EA08022ED1C0
:101EF00059460122049802930FF062FF3946834647
:101F00000FF0D2FF0028029B40F36581392B00F0CF
:101F100031810AF13103AA460B9C35464E460AF838
:101F2000013BF7E60FF06CFD45460646814616E696
:101F3000B8F1000FC0F25E81249948EA01080A99BD
:101F400051EA080800F05681002A7FF737AE392B96
:101F500000F01081AA46013335460B9C4E460AF824
:101F6000013BD7E6012325930793FFF763BBC8F135
:101F7000010306900F900A93FFF74ABB079B002BC3
:101F80003FF464AC119B002B7FF787AC0B9A404663
:101F900049461293541E2A4B0022FEF781FD8046CB
:101FA0008946681CFEF712FD42464B46FEF778FD57
:101FB0000022244BFEF7BEFB0646A1F15077FFF747
:101FC000ABBB109A002A00F08B8003F23343069AD1
:101FD0000E9D1A4406920A9A90461A440A9245E7C0
:101FE0000027DDF814803E4620E7DDE90889DDE9B9
:101FF000022340464946FEF77DFE059FFFF700F8A5
:102000000546FEF7E3FCDDE90223FEF749FD0B463A
:10201000024649464046FEF78BFB05F1300307F8C0
:10202000013B079B012B00F08980CDF818B00126F9
:10203000DDF81C90DDE902AB22E000BF0000F07F7C
:102040000000244000001C4052465B4620462946C2
:10205000FEF750FE0136FEF7D3FF8046FEF7B6FCD2
:1020600052465B46FEF71CFD0B46024629462046BB
:10207000FEF75EFB08F13003B14507F8013B5AD08B
:102080000022704BFEF70CFD0022002304460D4693
:10209000FEF76EFF0028D7D0DDF818B0DDF8148009
:1020A0000B9C059731E50B9C3123059A0134137085
:1020B00030E6DDF81480CDF814A026E503D1029BAC
:1020C000DB073FF517AE18F8013CC24608F1FF38B0
:1020D000302BF8D00B9C1DE601343123FFF7A4BB55
:1020E000189BC3F1360372E70599FFF796BB716839
:1020F00004980FF055FC0546002800F08F803369E6
:1021000006F10C010C3002339A00FEF7B9F92946AA
:10211000012204980FF054FE814616E5DDF858A020
:10212000DDF850B0FFF7B9BBDDF81480DDF850B032
:10213000129C0595E9E4DDF818B0454602460B46C9
:10214000FEF7F8FA80468946DDE90223FEF738FFFC
:1021500048B940464946DDE90223FEF709FF002859
:102160009CD0E9079AD50B9C0599FFF756BB3546DD
:102170004E46B2E5A84639233546059A4E4608F83C
:10218000013BBCE5069B134406930A9B9846134407
:102190000A936BE69A46DCE5392BEBD0B8F1000FD9
:1021A0003FF7B7AEB7E62F4616E4314600230A22C2
:1021B00004980FF025FC119B0646002B119B0793FA
:1021C0003FF7BAAC002D7FF48FACB5E4DDE912899E
:1021D0000225FFF781BA7FF49EAEDA077FF59BAE4A
:1021E00094E6DDF8148005958FE40021049B596482
:1021F000FFF725BA002A3FF77BAE8CE6049B00254B
:10220000184629465D640FF0CBFB059068B90E4B6C
:1022100000224FF4D5710D4810F034F802460A4BF5
:1022200040F2EA21094810F02DF8DDE90432259545
:102230001A644FF0FF33012211930C920793FFF7BA
:102240002CBB00BF000024402C96010040960100EA
:102250002DE9F74F544B1E682EB90122534B1A70CB
:1022600003B0BDE8F08F3146514800F04BFCEC2341
:1022700006F1EB05B5FBF3F51FFA85F8FC2345469F
:1022800007464FF0000A6FF0EB095D43494B4A4C9B
:10229000DFF81CB11D601FFA8AF080455AD804226D
:1022A000464B01261B68464C1A70464A4648116840
:1022B0005279996283F83020072283F831204FF455
:1022C00081725A8602F1013204325A634FF400726D
:1022D0001A873E4A4FF0FF31DA633D4A1E711A6495
:1022E0003C4A9D605A6447F25B52C3E912124FF4B4
:1022F00096725A654FF0FC12FC215A622E4A8D42AA
:102300005A61354A19821180DA612160068009DD3F
:1023100022F8021F1A624FF4FC72226002222F4D33
:1023200002809D61002201242D499A66C3E91D2186
:10233000022283F870402B4B1A702B4A13682344F7
:1023400013602A4B187804F097FB002888D0174BAD
:102350001C7085E709FB0AF17218EC2A44F2426E00
:1023600028BFEC22224BA080B3F800C0A4F800E004
:10237000A4F802C0A4F80680A660E760ABEB0101F8
:1023800004F110000192FEF77BF8019AEC2A02F1A9
:10239000100005D00021C2F1EC0220440DF034FA07
:1023A0000AF1010AFC3476E7481300207158012035
:1023B00071F8002044130020149100204C130020D9
:1023C0004013002030070020762F0020699901007B
:1023D0006599010061990100782F0020109200207A
:1023E000D1250000725801202413002074580120C8
:1023F0007C2F0020042210B5204B21491B6809685E
:102400001A700022C3E90A12072183F831104FF431
:102410008171598601F10131043159634FF4007122
:10242000198718494FF0FF30D96317494EF6602CD1
:10243000196416490124596447F25B51C3E912013A
:102440004FF4C040FC21D8604FF496701982C3E964
:1024500014C0A3F864100E480E491866C3E91D2184
:102460001A7183F870409A660B4B1A700B4B1878F0
:1024700004F002FB08B10A4B1C7010BD4C13002085
:1024800030070020699901006599010061990100F8
:10249000982F0020D1250000725801207458012087
:1024A0007158012003460A462DE9F0411979DB886D
:1024B0000068134303F03002302A0669D0E901476F
:1024C0000ED1294940F2E333284A294811F0B1FDE1
:1024D000284811F0AEFD40F2E331244811F0A0FD90
:1024E00003F00602042A09D1234940F2EA331F4AC5
:1024F0001F4811F09EFD40F2EA31EEE703F440225E
:10250000B2F5402F0CD11D4940F2F133174A18485B
:1025100011F08FFD1A4811F08CFD40F2F131DCE72B
:1025200001252468DA0705FA01F548BF83F4402342
:10253000254223F480120CD1124940F2FD330B4A9C
:102540000B4811F076FD104811F073FD40F2FD319B
:10255000C3E73468DB074CBF2C43AC4334603B68B3
:10256000BDE8F041184700BFAD9701007C9701001E
:10257000E69701000398010040980100739801005C
:10258000C0980100EC9801002A9901002DE9F04162
:1025900007460D460D4814F0DDFF28B10024DFF892
:1025A0002C80A542A6B201D1BDE8F081395DD8F8F2
:1025B000083006485B6806F07F0698477F2E02D1F8
:1025C000642014F0C3FF0134EBE700BF547901002D
:1025D0000A282DE9F34700F0F38007D8002800F01F
:1025E000CA80042826D002B0BDE8F087122800F087
:1025F000C7801328F7D1794A794D936801339360E6
:10260000784B2A681B689A42EDD2FC27764C7748B3
:102610002388774907FB0300096803F0010601EBF3
:102620008601486173493A44013321F816702A60E3
:102630002380D8E7DFF8A4A1DFF8BC91DAF80C30EA
:102640000133CAF80C306A4B1B68B3F87C20B3F82E
:102650007E100F2A1F6EA9F80010C4D944F24263FD
:1026600038887A889842BC88FE88BD68F968BAD1F3
:10267000731E7F2BB7D8B5F5C04FB4D85F4B188801
:10268000904216D04FF000081A805D4B80221E80C9
:102690005C4B5D481D605D4B19605D4B4146A3F886
:1026A00000800DF0B1F84FF4C042414659480DF09A
:1026B000ABF8B44297D2DFF8508118F80430002B01
:1026C00091D1012308F80430514B1E880136B6B26F
:1026D0001E80EC235C432A1B9A4228BF1A46A3188B
:1026E000B3F5C04F05D84B4807F110012044FDF762
:1026F000C7FE434B1B889E427FF475AF98F80030AD
:10270000002B3FF470AFB04418F8013C002B3FF4AD
:102710006AAF3C4C3F48216800F0F4F93B4B1B6822
:1027200083427FF460AF5222DAF804300321013390
:10273000CAF80430236801A89CB28DF80530C3F3B1
:102740000723B9F800508DF804208DF80630FFF704
:102750001DFF1CB121462F48FFF718FF68460221D4
:10276000ADF80050FFF712FF2B4B187802B0BDE810
:10277000F04714F03FB9194A13690133136132E786
:10278000264C2378012B07D1254B1B7823B102B0AF
:10279000BDE8F047FFF75CBD2378022B0BD111F0A9
:1027A000D4FB00231E4A237013701E4A13600122BB
:1027B0001D4B1A7017E72378002B7FF414AFF6E750
:1027C000164A17491378012B02D10B78002BDED162
:1027D00000230B70134913700B60E8E724130020EB
:1027E0004013002044130020762F00201491002075
:1027F0004C130020782F0020702F00209C0E00200A
:10280000722F00203C130020943000203813002049
:10281000742F0020143100207458012072580120B8
:1028200070F8002048130020715801202DE9FF4B5B
:102830009A4814F08FFE002800F02C81002147F602
:1028400012200BF01BFD964814F084FE20B14FF4CB
:10285000D0119448FFF726FE914814F07BFE20B17A
:102860004FF4B0119048FFF71DFE904BDFF8408207
:10287000186807F029F903F0F1FE032004F048F886
:10288000FF288C4F88F8000037D003F09BFF8A4B5D
:102890001860002831D0894B8367FFF7ABFD012317
:1028A0003B7011F052FBDFF81892864D864C14F005
:1028B00022FF237893B14FF47A7CA0FB0C0E002307
:1028C00047F612220CFB01E1FEF7E2FB0026D9F8E5
:1028D0000030C01A642884BF26702E806F4EB36803
:1028E0000193019B1B68002B40F08E803B78002BEE
:1028F00040F0B6800BF0A8FBD8E700230120734915
:102900003B7011F006FBCEE79DF80F30704A542B58
:10291000137004D10123237000232B80E1E7572B90
:1029200001D10623F7E7432BDBD10223F3E79DF820
:102930000F30582BF9D0002311E02A889DF80F00A2
:10294000531C9BB26349072B2B808854C9D911F0C3
:10295000FCFAF0E7604B9DF80F201A8003232370E8
:10296000BFE74FF0000B5C4A9DF80F101388A5F8E5
:1029700000B043EA01231380554A1278432A0AD152
:102980000E2B06D00320554911F0C3FA84F800B08D
:10299000A7E70523E3E7013BB3F5C04F02D30220CD
:1029A0004F49F1E70423DAE72A889DF80F004D49E3
:1029B000531C8854484A9BB212882B80934290D370
:1029C000494B1A60494A1388013313800122484B4E
:1029D0001A70B0E72988474B4A1C92B29DF80F0045
:1029E0000D2A2A8058547FF67CAF184611F08FFAD2
:1029F000414A197A10601171597A03F10A00517134
:102A000011F085FA9060A2E730460DF10F0198476A
:102A100000287FF46BAF14F06EFE4FF47A7CA0FBBD
:102A20000C0E002347F612220CFB01E1FEF730FBEF
:102A30002378C9F80000062B3FF67DAF01A252F8BB
:102A400023F000BF092900002F29000055290000AC
:102A500063290000A9290000D52900003B290000B6
:102A6000264B1A783AB1264A127802F0FF0112B9C1
:102A70001970FFF7BFFC1E4B1B7843B1204B1A782F
:102A80002AB9012298F800001A7003F06BFF03F0D6
:102A900083FE2FE704B0BDE8F08B00BF547901003E
:102AA000E87801001085010008850100380C00203D
:102AB00074580120735801204C130020D1250000C8
:102AC000201300206C2F0020972F00203C9901003C
:102AD000962F0020802F00206E2F00204E9901009D
:102AE0005699010071F80020481300207C2F002027
:102AF00070F80020882F0020300700207158012036
:102B00007258012030B5A0B189B142184FF0FF31A1
:102B1000094C10F8013B5940082301F00105490810
:102B200005B16140013BF8D19042F2D1C94308465A
:102B300030BD0146FBE700BF2083B8EDB2F5802F22
:102B40002DE9F0410ED33C4940F213233B4A3C4867
:102B500011F06FFA3B4811F06CFA40F2132137483C
:102B600011F05EFA042A0CD8374940F21A23334A8E
:102B7000334811F05EFA354811F05BFA40F21A2141
:102B8000EDE7043ACD1D8E1825F0070526F007065F
:102B9000761B172E4FEAD6070CD82D4940F2232377
:102BA000264A274811F045FA284811F042FA40F227
:102BB0002321D4E7B7FA87F44FF00008C4F12002CC
:102BC000C4F12404A4000734E408631CBB4205607C
:102BD000AF60C5F80C800CD91E494FF40E73174A2C
:102BE000174811F026FA194811F023FA4FF40E7124
:102BF000B5E74146920005F110000CF005FE6300B8
:102C000043F001036B803B1B05EBC4025900A5F8A0
:102C100000805180AA1925F83440A2F80280AB53F5
:102C200005EBC7035A88214642F001025A80284624
:102C3000BDE8F04111F09DB93B9A01006D9901008A
:102C4000E6970100519A0100689A0100899A0100F3
:102C5000A29A0100CB9A0100014B1B68184700BFE4
:102C60003C070020014B1860704700BF3C07002064
:102C700007B50B46002102460091034800F06AF8B0
:102C800003B05DF804FB00BF592C0000F0B502460C
:102C900001680A270020074E0B461C780131355D7C
:102CA0006D0701D41360F0BD07FB0043A3F13000B2
:102CB000F2E700BFB59401002DE9F84F15469A469A
:102CC000D378234A6F2B12F803B081460F460BF0DE
:102CD000030B2BD026D8582B0CBF10260A26DDF864
:102CE00028803246002348463946FEF7D1F9092AA2
:102CF00008F1FF38D4B21ED83034B145E4B277F1D0
:102D0000000788F8004001D3D04511D82B789B06E6
:102D100005D5082E15D1AB7843F00803AB704046BB
:102D2000BDE8F88F03F0F703702BD5E70826D6E748
:102D300081460F46D5E7BBF1010F0CBF373457343E
:102D4000DBE7102EEBD1AB7843F01003E6E700BFD2
:102D5000B59401002DE9F04F8A4616461C46002521
:102D600097B00390307808B9284655E325280AD053
:102D70005146039B98470028C0F24E83731C0135CF
:102D80000493049EEEE71822002110A80CF03CFDED
:102D90007378252B00F0A380002398469E469C461E
:102DA0001846711C0F4611F8012B2B2A00F0C68023
:102DB00000F2BD80202A00F0C480232A00F0C480E5
:102DC0002BB19DF8483043F040038DF84830B8F1FE
:102DD000000F05D09DF8483043F020038DF84830AF
:102DE000BEF1000F05D09DF8483043F010038DF878
:102DF0004830BCF1000F05D09DF8483043F008037F
:102E00008DF8483028B19DF8483043F004038DF820
:102E100048309DF8483003F04401442903D16FF352
:102E200086138DF848309DF848302A2A43F08003F5
:102E300009978DF8483040F08C809DF8493043F078
:102E400001038DF849307B1C1A782E2A0CBF012112
:102E500000219DF8492061F341028DF849200CD1F1
:102E60005A1C09925A782A2A40F083809DF84920FA
:102E7000023342F004028DF849201A786C2A00F0DF
:102E8000A48000F28680682A00F08C806A2A00F014
:102E9000A5804C2A00F0AA801A4612F8013B782B34
:102EA00004928DF84B309DF8492000F217816D2B6C
:102EB00000F2A980692B00F21181572B00F2BE802D
:102EC000412B03D0453B022B00F2088104229DF8E0
:102ED0004A3062F302038DF84A300123CAE08DF8CC
:102EE0004B30B31C04939DF84930D90740F1FD8065
:102EF00054F8048BB8F1000F07DA9DF84820C8F1A8
:102F0000000842F004028DF848205A0740F1F6808C
:102F100054F804BBBBF1000F80F2F5809DF84930F6
:102F20006FF341038DF849304FF0FF3BEBE02D2A62
:102F30000DD0302A7FF444AF012333E74FF0010C6A
:102F400030E74FF0010E2DE74FF001082AE701208E
:102F500028E709A8FFF79AFE099BBB423FF474AF2C
:102F60009DF848201390C00F60F341028DF848206F
:102F70006AE709A8FFF78AFE9DF848301490C3F36A
:102F8000400242EAD07262F341038DF84830099B57
:102F900073E7742A26D07A2A7FF47EAF06219DF843
:102FA00049200CE05A78682A9DF8492006D1012171
:102FB00061F3C6028DF8492002336DE7022161F307
:102FC000C6028DF84920013366E75A786C2A9DF8CD
:102FD000492001D10421EBE70321F0E705219DF809
:102FE0004920ECE707219DF84920E8E7BDF8482093
:102FF00022F4F04222F0020242F4804242F0020245
:10300000ADF84820DFE76E3BD9B201238B4040F298
:1030100082410B4238D113F0240F52D1DF075DD526
:1030200003219DF84A3061F302038DF84A3002F023
:103030007803A3F14000434243411BE00120A3F188
:103040005801C9B200FA01F111F4624F7FF43EAFAA
:1030500040F6010739421DD111F4043F3ED09DF8DE
:103060004A3060F3020302F07802402A8DF84A30B9
:1030700034D000239DF84820C2F340010B4363F392
:1030800041028DF848202EE702219DF84A3061F375
:103090000203E8E702209DF84A1002F0780260F38C
:1030A0000201402A8DF84A1002BF9DF8481041F0F5
:1030B00001018DF84810632BDBD1131E18BF0123CB
:1030C000D8E703219DF84A3012F0780F61F302032C
:1030D0008DF84A3014BF01230023CBE79DF8483018
:1030E00043F001038DF84830C3E79DF94820002ADA
:1030F000ACBF4FF0FF38DDF84C8006E79F077FF547
:1031000013AFDDF850B00023CDE913339DF84A30FA
:103110009DF8491003F00703012BC1F3C30132D11D
:10312000CB1E042B04D8DFE803F020454520200007
:10313000236801294FEAE372CDE910321BD19DF9D2
:103140004030DA17CDE9103204349DF8483013F0DE
:1031500003074FD032465146049B039810F049FFB5
:103160000028C0F2598105440BE654F8043BDA17F5
:10317000CDE91032E9E70229E6D11AB243F3C033B0
:10318000CDE91023E0E7022B24D1CB1E042B04D879
:10319000DFE803F018101018180001294FF00002A2
:1031A00054F8043B14D00229CDE91032CDD19BB2A2
:1031B0001093CAE7073424F00704F4E80223CDE9AA
:1031C0001023C2E754F8043B109300231193BCE78B
:1031D000DBB2CDE7042B08D1073424F00704D4E98F
:1031E00000230834CDE91023AFE7032BADD154F809
:1031F000043BDDE79DF84B0078283FF6C2AD62281E
:103200001ED8252850D058287FF4BBADDDE9100129
:103210000DF13E03009312AA0AABFFF74DFDBBF17F
:10322000000F814680F2C180B9F1000F3FF4A9ADD3
:103230000DF13E06A6EB0903002F7BD0013379E0A8
:10324000633815283FF69DAD01A252F820F000BF6B
:103250002333000081330000832D0000832D000004
:10326000832D0000832D000081330000832D00009A
:10327000832D0000832D0000832D0000CD3300003E
:10328000A5330000E1320000832D0000832D0000F3
:10329000B9320000832D0000A5330000832D00000B
:1032A000832D0000A53300005146039B984700285A
:1032B000C0F2B280013564E5BBF1000FDDF840904B
:1032C0000ADB594648460CF015FCB9F1000F3FF4F3
:1032D00058AD09EB000620E048460CF0A9FBF8E7E2
:1032E0001098002800F086800DF13E060AAB002100
:1032F000009612AAFFF7E0FCBDF84A30BBF1000FC0
:1033000003F0EF0343F4F04343F010038146ADF8BC
:103310004A3049DA00283FF434AD0027A6EB090310
:1033200008E0109B00278DF8283001230DF12906B5
:103330000DF128099DF84A1011F0100206925FD095
:103340000233139A134405924A0644BF14995B183A
:10335000B8F1000F6DDDA8EB03089DF84830580761
:10336000C3F3800B65D4590659D53FB15146384651
:10337000039B984700284FDB5F46013530234FE021
:103380001E075ABFC3F300135F012B27DDE910238B
:10339000002BBFF63BAF524263EB43032D27CDE931
:1033A000102333E7002731E700279DF848100DF17F
:1033B0003E03A3EB09036FF386119B458DF848107C
:1033C0007FF632AFABEB030313932DE7109B072976
:1033D0003FF6D7ACDFE801F00C04060C08080C0C33
:1033E0001D70CEE41D80CCE4EA17C3E90052C8E4A6
:1033F0001D60C6E4304E07460523A6F1050999E78E
:10340000080748BF01339CE7184607935146039BC2
:1034100098470028079B04DA17B0BDE8F08F2023F7
:10342000C346594600290BF1FF3BEDDC4544D84625
:103430006D1A37B151463846039B98470028EBDB9D
:1034400001359DF84A30DA0601D41B0706D55146EE
:103450003020039B98470028DEDB0135069B3BB1FB
:1034600051469DF84B00039B98470028D4DB01355B
:10347000059F2F4406E051463020039B98470028C3
:10348000CADB01357B1B002BF5DC33464A4651462F
:10349000039810F0AEFD0028BEDB0544A844A8EB5D
:1034A0000503002B7FF76DAC51462020039B984706
:1034B0000028B1DB0135F2E7FB9A010008B5EFF314
:1034C0001183202383F31288BFF36F8F01F08AF9F1
:1034D000024810F077FD10F079FEFCE7FC9A01003D
:1034E0002DE9F84F0446A38B08461907154612D458
:1034F000022803F0070165D1204610F0A7FD88B12E
:103500000138042800F23781DFE810F05C00350153
:103510008200D400040101280CBF43F0100143F0E5
:103520002001A183143420460BF0C8F9002840F094
:103530009D819A4940F23113994A9A4810F079FDD9
:103540002146B1E003F00702501F01281ED80020D9
:10355000062A2768C4E9000014D13A4603E0E08B4C
:103560000130E0831268002AF9D123F0070343F009
:1035700002022046A28310F069FD90B342F02002BF
:10358000A2832EE023F007039AB2F2E7042A33D194
:1035900023F007039AB22046A28310F057FD10B122
:1035A00042F02002A283A38B03F00709894540F073
:1035B000EC80A18BCA0640F1508121F01003A38357
:1035C00001F00701D4F81880A38BB8F1000FB9DA25
:1035D0000022276823F00703C4E9002243F0010317
:1035E000A383A38B03F00709894540F0CF80002F08
:1035F000DFD00026B24644E06B4940F21B136B4A11
:10360000684810F016FD40F21B11684810F008FDE4
:1036100049B167494FF4AB73644A624810F009FD41
:103620004FF4AB71F1E723684BB9624940F257138D
:103630005E4A5C4810F0FDFC40F25711E5E7236953
:103640001E684EB95C494FF4AD73584A554810F0A6
:10365000F0FC4FF4AD71D8E70F4688464FF00609ED
:10366000A38B23F0070343F006039BB2A383A26856
:10367000002A40F08D80002F40F08D80002E98D0E1
:10368000BA4643F0080304F1140B5846A3830BF029
:1036900015F9002840F09A80404940F23113404A21
:1036A000404810F0C6FC5946444810F0C2FC40F2B5
:1036B0003111ADE0022909D0414940F25D133B4A86
:1036C000384810F0B6FC40F25D119EE7E78B4FB131
:1036D0003C494FF4AF73354A324810F0AAFC4FF41E
:1036E000AF7192E723695E684EB9334940F26113C6
:1036F0002E4A2C4810F09DFC40F2611185E7A38B07
:10370000B84623F0070343F004039BB24FF00409CB
:10371000A383ACE7012909D02B494FF4B273234AA4
:10372000204810F086FC4FF4B2716EE723684BB965
:10373000204940F265131D4A1A4810F07AFC40F205
:10374000651162E723699E684EB91B494FF4B47353
:10375000164A144810F06DFC4FF4B47155E7002779
:10376000A38BB84623F0070343F005039BB24FF049
:103770000509A3837BE70C4940F26B130B4A094808
:1037800010F057FC40F26B113FE7002700266EE770
:103790004FF0010A75E7924673E700BFF89B0100FE
:1037A000CB9B0100E6970100B4CA0100259B0100F4
:1037B0004A9B0100569B0100799B01000F9C010070
:1037C000909B0100A69B0100B59B010085F3118829
:1037D000BFF36F8FBAF1000F1CD177BB16B1204633
:1037E0002549B047EFF31185202383F31288BFF3F7
:1037F0006F8F58460BF054F838BB88231F4A204976
:10380000204810F016FC59461F4810F012FC882181
:103810001A48FBE6A1680029DFD00D680029DCD03A
:1038200043464A462046D1F804A0D0471DB12B6834
:1038300029461D46F2E72B46FAE7394643464A46F3
:1038400020463F6810F02EFCC7E758460BF04CF8B6
:10385000A38B23F00803A383ABE68B067FF562AE50
:1038600021F02003A38301F0070145E685F31188C9
:10387000BFF36F8FBDE8F88F8D380000CB9B010040
:10388000249C0100E6970100399C0100F8B504462C
:103890000D4600F11406EFF31187202383F31288FD
:1038A000BFF36F8F30460AF0FBFF68B988230C4ADC
:1038B0000C490D4810F0BDFB31460C4810F0B9FB27
:1038C0008821074810F0ACFB30460BF00DF8A561DD
:1038D0003A462046BDE8F8400121FFF701BE00BF8F
:1038E000CB9B0100249C0100E6970100399C01005C
:1038F0002DE9F04704460F4610F0C4FB051E68DBB7
:1039000004F11409EFF3118A202383F31288BFF323
:103910006F8F48460AF0C4FF804660B98823384A52
:103920003849394810F085FB4946384810F081FB8A
:103930008821334842E048460AF0D6FF4FF6FF722E
:10394000E38BA68B934206F0070645D0022E15D1D5
:1039500035460133E38348460AF0B0FF002841D1E1
:1039600040F23113264A2A49274810F062FB4946A3
:10397000284810F05EFB40F23111DAE7062E13D82A
:10398000DFE806F0092D1212090409006FF0850521
:103990004FF00008DFE700233B60636883B9C4E9A8
:1039A000007786B13546F3E71B4917484FF4E473B7
:1039B0001A4A10F03EFB4FF4E471184810F030FB47
:1039C0001F606760EDE7524602212046FFF788FD41
:1039D00035462846BDE8F0876FF00A05D8E76FF056
:1039E0000405D5E78AF31188BFF36F8FB8F1000F94
:1039F000EFD0002332463946204610F053FBE8E76B
:103A0000CB9B0100249C0100E6970100399C01003A
:103A1000F89B01000F9C0100B59B0100259B010054
:103A200008B54268034602F00302022A81600AD008
:103A3000032A4FF0000103D0012A0AD1596006E0A1
:103A40001868596008BD186800225A6058B90020EB
:103A5000F8E7064906484523064A10F0EAFA4521E8
:103A6000044810F0DDFA0BF059FBF0E7B4CA01008E
:103A7000E69701004F9C0100014B03600020704756
:103A80001885010030BFFFF7FDBF00BF054B5A6925
:103A90009B689A421FBF044A536843F080535360A7
:103AA00009F09ABCE42E002000ED00E0154B9A6A64
:103AB00012F0007F9A6A14BF1E201D2012F0807F32
:103AC0009A6A18BF1F2012F4801F9A6A18BF02203A
:103AD00012F4002F9A6A18BF212012F4802F9A6ADC
:103AE00018BF222012F4003F9A6A18BF232012F454
:103AF000803F9A6A18BF24206FEA02426FEA12429E
:103B00009A62704700ED00E010B5194B0246986AC2
:103B10009C6A10F4805F14BF1720162014F4006F05
:103B20009C6A18BF1820A40509D5986B986A0004F0
:103B300004D51AB19A6A22F400429A6219200C4BF9
:103B40009A6A12F4806F9A6A18BF1A20D2050CD4B0
:103B50009B6A13F4005F18BF1C20054A936A43F464
:103B60007F43936200230B7010BD1B20F5E700BF5D
:103B700000ED00E010B5264B0246986A9C6A10F0F2
:103B8000100F14BF1120102014F0080F9C6A18BFEA
:103B90001220A40709D5586B986A000604D51AB1FB
:103BA0009A6A22F080029A621320194B9A6A12F0E4
:103BB000010F9A6A18BF142012F0200F9A6A18BFDA
:103BC0001520D20602D49B6A9B0712D5104B9B6A24
:103BD000DC060ED50F494FF495730F4A0F4810F0CD
:103BE00028FA0F4810F025FA4FF495710A4810F0A2
:103BF00017FA074B9A6A920642BF5A6A22F4005299
:103C00005A629A6A42F0FF029A6200230B7010BD5A
:103C100000ED00E0A79C0100759C0100E697010003
:103C2000F19C0100F0B55D4B04465B6800258BB04C
:103C3000C3F3080385F31188BFF36F8F02F07F4051
:103C4000B0F17F4F08D102F00C00082804D0120711
:103C50004CBF0C46012574B9514940F21143514AF9
:103C6000514810F0E6F9514810F0E3F940F21141E3
:103C70004C4810F0D5F90022033B8DF80720032BA8
:103C800000F28480DFE803F0027A7E5D434AD36A63
:103C900013F002037AD1D16A00291ADBD36A5B00E0
:103CA0005FD55369A16943F480735361BFF34F8FAC
:103CB000BFF36F8F536931F8021C23F48073536193
:103CC000BFF34F8FBFF36F8F4DF60273994220D130
:103CD00023689DF80720D2B9224602AE04F12007DE
:103CE000344610685168083203C4BA422646F7D1F8
:103CF000099A002D4CD0C2F3080121B96FEA522273
:103D00006FEA42220992184602A910F03EFA0BB05F
:103D1000F0BD936ADBB233B101200DF10701FFF76B
:103D200029FF0346D5E7936A13F47F4F05D001209E
:103D30000DF10701FFF7E8FEF3E7936AB3F5803F63
:103D400002D3FFF7B3FEECE7194940F2EA23154A24
:103D5000154810F06EF9174810F06BF940F2EA219F
:103D600086E7134940F2ED230E4A0F4810F061F93F
:103D7000114810F05EF940F2ED2179E700200DF1D5
:103D80000701CCE700200DF10701D3E70023A0E7EE
:103D900022F4FF7222F00102B4E700BF00ED00E060
:103DA000559D0100759C0100E6970100689D01008A
:103DB000B4CA0100A69D0100CA9D0100064B5A69C4
:103DC00042F010025A615A6942F480625A615A699B
:103DD00022F008025A61704700ED00E0EFF308801E
:103DE000EFF3098101B57246FFF71CFF01BD00BF6B
:103DF0000B4880F3088806F03DFA202080F31188F4
:103E000008484FF40061401880F30988EFF31480EC
:103E10000221084380F31488BFF36F8F00F0CAF8C3
:103E200010720120D0580120084B9B6883420BD1AF
:103E3000EFF3058343B1064B5A6842F080525A6053
:103E40005A6A22F400425A620AF0BEBAE42E0020F6
:103E500000ED00E014498A684FF030001044EFF3A1
:103E6000098C80E8F01F202080F31288BFF36F8F49
:103E70000E4F4FF000664A698A603E60D2F89800A3
:103E80000023C2F8983080F3118802F1300090E8E6
:103E9000F01F8CF3098802F1000004B510F08AF9D4
:103EA000BDE8044070470000E42E002004ED00E06F
:103EB0001EF0040F0CBFEFF30880EFF30980816957
:103EC00011F8021C0229FFD001B5724610F063F907
:103ED00001BD00BF00B2002807DB01234109034AEE
:103EE00000F01F00834042F82130704700E100E0FD
:103EF00000B200280CDB01220649430900F01F0034
:103F00008240203341F82320BFF34F8FBFF36F8FE0
:103F1000704700BF00E100E0054B420953F8222042
:103F2000012300F01F0003FA00F01040704700BFAB
:103F300000E100E038B54B1C072B04460D460FD9B5
:103F40006B23104A1049114810F073F829461048A5
:103F50000723224610F06DF86B210A4810F060F834
:103F600000B20028ACBF00F160400A4A4FEA431398
:103F7000DBB2ABBF00F5614000F00F0080F800330A
:103F8000135438BDFA9D0100319E0100E6970100EF
:103F90004C9E010014ED00E0044B054A23F07F0322
:103FA0009360BFF34F8FBFF36F8F70470000000027
:103FB00000ED00E008B5FFF7EFFF0B4AD2F88830BC
:103FC00023F47003C2F88830EFF3148323F0040362
:103FD00083F31488BFF36F8F08F05EFB0AF08CFC4C
:103FE00000F042F808F09CFB00ED00E042F8203CB5
:103FF000009B0B4942F81C3C019B21F0010142F857
:10400000183C029B42F8081C42F8143C4FF08073A5
:1040100042F8043C0023203A0265C0F8983070470B
:10402000DF3F010000B50C4B0E4698601546D0F8F6
:10403000883083F30B882C4686F309880020044BD4
:1040400098472046002100220023024C2047000010
:10405000BF410100DF3F0100E42E00201022014B90
:104060001A61704700ED00E00023202040F20F129B
:1040700010B5044CE1180133934281F80003F9D1E3
:1040800010BD00BF00E100E008B5EFF30583064A6C
:10409000103B02EBC30152F8330049688847BDE882
:1040A0000840FFF7F3BC00BF747A01001FB5094C4C
:1040B000094A23460121094800F0FAF80023039336
:1040C000074B0121E41A01A80193029400F014F9AE
:1040D00004B010BD00F0022000000020188501008F
:1040E0001010002010B50C7A0B6804F01F0223F0AA
:1040F0001F031A43CB68640923F01F03054943EAF1
:10410000440343F00103C1F89800C1F89C20C1F8B2
:10411000A03010BD00ED00E010B5074BD3F8903093
:10412000C3F30723013B984202D8FFF7DBFF10BD22
:104130006FF01500FBE700BF00ED00E02DE9F04F48
:104140000F46144606464FF000084D4D85B0B84561
:1041500080F29280D6F80490B9F1000F36D0B9F110
:104160001F0F40F2878019F01F0F40F08380D6F8B0
:1041700000A01AF01F0F7DD1504610F043F883467F
:1041800009EB0A00013810F03DF8834572D11BF1AC
:10419000160F6FD05C456DDDC5F898B0D5F89C1052
:1041A000C5F898B0D5F8A03021F01F0143F01F0AE0
:1041B000D6E900321A44994202F1FF391ED1CA45AC
:1041C00008D131465FFA8BF010F025F808F10108AC
:1041D0000C36BCE73146C5F898B0D5F89C3022F0D3
:1041E0001F0203F01F031343C5F89C30E0B210F028
:1041F00012F810F1160F3DD0441CE7E7C5F898B04F
:10420000D5F8A020013B23F01F0302F01F02134347
:10421000CA453146E0B2C5F8A030E8D00FF0FBFF48
:1042200010F1160F26D0C5F898B0D5F89C209DF84F
:1042300008300AF1FF3A62F304038DF80830D5F82C
:10424000A0309DF808205B0863F347128DF8082022
:10425000D6E900321344009323F01F035344A3EB29
:104260000903013023F01F036946C0B20393FFF72F
:1042700053FFBEE76FF01504204605B0BDE8F08F90
:1042800000ED00E00522044BC3F89420BFF34F8FEC
:10429000BFF36F8F704700BF00ED00E0BFF35F8F8B
:1042A0000022024BC3F89420704700BF00ED00E0ED
:1042B00038B50C4D0C462A78FFF740FF28701630B1
:1042C0000FD14FF4BB73084A084909480FF0B1FEFB
:1042D000214608480FF0ADFE4FF4BB7102480FF0C5
:1042E0009FFE38BD755801208C9E0100B4CA0100A4
:1042F000E6970100BB9E01002DE9F74F314E89463C
:1043000005464FF00008B3462F4FC84502DB03B007
:10431000BDE8F08FD5F804A0BAF1000F4CD02968A1
:10432000084601910FF06EFF019904460AEB010067
:1043300001380FF067FF84424FF01402234B15D071
:1043400002FB08F36FF015024BF803204FF4C37320
:104350001F4A204920480FF06CFE49461F480FF0C5
:1043600068FE4FF4C3711A480FF05AFE14F1160F8D
:104370003460EBD01978A142E8DD02FB08B0C7F841
:104380009840C7F89840D7F89C4000F10801007B9E
:1043900064F304000871D7F8A0000C79400860F3BA
:1043A00047140C71D7F89C1021F01F017160D7F8E9
:1043B000A01021F01F01316108F1010814360C35FD
:1043C000A3E700BF5013002000ED00E07558012066
:1043D0008C9E0100B4CA0100E6970100E79E01002F
:1043E0002DE9F041574C584ED4F890303568C3F35E
:1043F00007239D4286B013D940F2AD13534A544966
:1044000054480FF016FED4F8902029465248C2F3C3
:1044100007220FF00EFE40F2AD114C480FF000FEE7
:104420000020FFF73BFF4D4BC4F8C03085421AD146
:104430004B4C01A82570FFF71FFB002506464FF0E7
:104440004108484FAE4215D1002023783D49D1F8AC
:104450009020C2F3072293426DDB0020FFF712FF8A
:1044600006B0BDE8F081716801EB0011FFF73AFE7C
:104470000130DBE7019A290102EB0513D3F80CC0E8
:104480000CEA0700B0F5001F27D0B0F5800F40D030
:10449000B0F5801F4DD1586852589B68CDE9020293
:1044A0002122013B20F01F010B4423F01F038DF854
:1044B00010200593207802A9FFF72EFE002835DA98
:1044C000234940F2D713214A22480FF0B2FD264873
:1044D0000FF0AFFD40F2D7119FE758689B68525824
:1044E000013B20F01F010B4423F01F031CF0010FC0
:1044F000CDE902028DF810800593DBD01B497B23A8
:10450000124A14480FF095FD19480FF092FD7B21D7
:1045100083E758689B685258013B20F01F010B4409
:10452000CDE9020223F01F030222C0E72378013302
:104530002370013586E7C1F89830C1F8A000013337
:1045400085E700BF00ED00E0248501008C9E01009E
:10455000B4CA0100E6970100169F0100AAFF4400BB
:10456000755801200000F0FF9F9F01004A9F010045
:10457000709F010008B50B4BC3F1005303F53C33AA
:10458000B3F5005F0CD208499223084A08480FF09F
:1045900050FD08480FF04DFD922104480FF040FDFA
:1045A000002008BD04C3012008A00100D89F01001D
:1045B000E697010051A00100014B1860704700BF51
:1045C00044070020F8B506460D460024064FAC42CD
:1045D00008DA3B6898470A28305504F1010401D0F5
:1045E0000D28F4D12046F8BD40070020F8B50D464F
:1045F000094F461EC0F10104A3199D4201DC284663
:10460000F8BD73780A2B02D10D203B6898473B68B0
:1046100016F8010F9847EFE74407002010B5074C44
:104620002368C2180648C0F1005101F53C318A42A6
:1046300036BF22604FF0FF30C01810BD6413002059
:1046400004C3012010B5044658B9114940F297132C
:10465000104A11480FF0EDFC40F297110D480FF091
:10466000DFFC14200AF000FE206060B90B4940F224
:104670009F13084A08480FF0DCFC09480FF0D9FCEA
:1046800040F29F11EAE7BDE8104012F09CBF00BF66
:10469000D9A00100D89F0100E6970100D8A0010031
:1046A00014A1010008B558B90749084840F2B513EC
:1046B000074A0FF0BEFC40F2B51105480FF0B0FC00
:1046C000BDE808400AF0D8BDD9A00100E697010076
:1046D000D89F010010B558B909490A4840F2C713DC
:1046E000094A0FF0A6FC40F2C71107480FF098FCEA
:1046F0004FF0FF32BDE810404FF0FF3308F09CB898
:10470000D9A00100E6970100D89F010008B558B96B
:104710000749084840F2E313074A0FF08AFC40F2C9
:10472000E31105480FF07CFCBDE8084008F054B9DF
:10473000D9A00100E6970100D89F010008B50548FF
:104740000FF040FC002383F31188BFF36F8F042325
:10475000184602DF37A1010008B5144A144B1A604D
:1047600000F0CAF84FF47A61124B0020D3F82436D7
:10477000C3F30802C3F309434B4382F480720E492A
:10478000883201FB02334FF4FA215B00B3FBF1F2F4
:1047900001FB1233B3F57A3F084B28BF0132C3F84F
:1047A00004290122C3F8002608BD00BF0020A1078C
:1047B0003C0C002000C0FF001027008000001250B9
:1047C00048B1054B054A1B68B3FBF2F35843044B51
:1047D00043F00103184770473C0C002040420F0093
:1047E00000840100BFF34F8F0549064BCA6802F4ED
:1047F000E0621343CB60BFF34F8F00BFFDE700BF04
:1048000000ED00E00400FA052DE9F34705460C46EB
:104810002E4EDFF8BC802F4F14B902B0BDE8F087F0
:10482000EFF31189202383F31288BFF36F8F2A4897
:104830000AF036F868B98823284A294929480FF030
:10484000F8FB254928480FF0F4FB882123480FF096
:10485000E7FB21480AF048F801F0DAFB234AD2E9E5
:104860000031C31808FB03FA41F1000106FB01AA5D
:10487000A3FB0631DB194AEB010A1748C2E9003AEB
:104880000AF01CF868B940F23113144A1849154867
:104890000FF0CFFB104917480FF0CBFB40F231115E
:1048A000D4E789F31188BFF36F8F042CA14628BF8A
:1048B0004FF0040928464A4601A9CDF804A04D440A
:1048C000FBF7DEFDA4EB0904A6E700BFFDB0B0874F
:1048D000E62EBB272DF304B568130020CB9B010007
:1048E000249C0100E6970100399C01000000002093
:1048F000F89B01000F9C01000122024BC3F8042425
:10490000704700BF002008E037B540230C460A4935
:104910000093411A491105462346084A08480FF0FA
:10492000AFFC011E05DA2846234603B0BDE830403F
:10493000184703B030BD00BF80130020EB420100D8
:104940007C780100C9B2012908B509D9084909488C
:104950007F23094A0FF06DFB7F2107480FF060FBB2
:104960000C22036901FB0233986C00F0070008BDBC
:104970007DA10100E697010040A1010070B5C9B218
:10498000012903690BD91949194840F2D113194A71
:104990000FF04FFB40F2D11116480FF041FBEFF33F
:1049A0001185202484F31288BFF36F8F0C2606FB39
:1049B0000134A46C14F0C00408D0A24206D085F3E0
:1049C0001188BFF36F8F4FF0FF3070BD012206FBDF
:1049D00001339A6485F31188BFF36F8F436803EB4B
:1049E000C1035B6898470020EFE700BF7DA101008D
:1049F000E697010040A1010070B50D460649044646
:104A0000411A491140220548FFF7B8FF2B460146DD
:104A10002046BDE870401847801300207C780100D4
:104A200070B500220121044640F20510FFF782FA1A
:104A30000F4805F05FFD0F4B984215D105F06AFD58
:104A400026690D4930460FF043FB00280BDB01259A
:104A5000B5642469084904F120000FF039FB0028EF
:104A600001DB0020656570BD6FF00400FBE700BF4F
:104A7000394B00000000AD0B4C8501007FB50022D2
:104A80000123CDE9022304ABCDE90433094A6B4687
:104A9000CDF800D0CDF804D00FF020FC002805DBC5
:104AA00043F609520023684608F00AF907B05DF89A
:104AB00004FB00BF0343010010B5EFF31184202372
:104AC00083F31288BFF36F8F074A136823F0020144
:104AD000DB07116002D4012005F0D8FD84F31188B2
:104AE000BFF36F8F10BD00BFD81300200C22104BF6
:104AF000014602FB0033002030B4D3E910521864A1
:104B0000EFF31180202484F31288BFF36F8F9C6C25
:104B100004F0C00444F002049C6480F31188BFF3E5
:104B20006F8F1DB12B4630BC0248184730BC704710
:104B3000801300207C78010008B5062818D8DFE82B
:104B400000F02121090B042121000020BDE80840CC
:104B5000FFF7CCBF0120F9E70B494FF43E730B4A36
:104B60000B480FF066FA4FF43E7108480FF058FA00
:104B7000054940F20233054A05480FF05AFA40F25F
:104B80000231F2E708BD00BFB4CA010040A1010034
:104B9000E697010010B4EFF31182202383F312880B
:104BA000BFF36F8F1648016841F002040460C80724
:104BB00007D482F31188BFF36F8F012010BC05F07A
:104BC000D9BC1049D1F80C14C903F2D5EFF3118008
:104BD00083F31288BFF36F8F0B498B6C03F0C00314
:104BE00043F002038B6480F31188BFF36F8F82F36D
:104BF0001188BFF36F8F002010BCFFF777BF00BF95
:104C0000D813002000E01050801300202DE9F0415F
:104C1000012206464049D1E8EF3FC1E8E02F0028D5
:104C2000F9D1A3B93D493E484B60CB608A60FEF79D
:104C30005FFE00280BDA3B494FF429733A4A3B48A0
:104C40000FF0F7F94FF4297137480FF0E9F95EB327
:104C5000731E012B56D8012E06D1354BD3F8503494
:104C600003F00303012B1FD012F0E6FC0546E8B960
:104C7000304B1B78D3B1042207462D4BC3F80823D1
:104C80002B4CDFF8B480D4F84C24D4F84C34D20345
:104C900015D503F00303012B01D0012E0FD165B30D
:104CA00087F31188BFF36F8FBDE8F081EFF31187B1
:104CB000202383F31288BFF36F8F0125E0E7BDB196
:104CC00038460FF090FAD4F8403413F0FF03DAD1ED
:104CD000D4F80821002AD6D0C4F80831D4F8083115
:104CE00020220123C4F84034C8F8A0212361CAE778
:104CF0000021202009F0C2FAE5E704220C4BC3F89A
:104D00000423D1E70D4940F2B623074A07480FF0C4
:104D100090F940F2B62197E77C1300206C13002035
:104D2000A0130020A1A1010040A10100E69701000D
:104D300000E01050CE58012000E100E0B4CA0100AC
:104D400008B5074812F006FC38B10648FFF734FCF6
:104D50000448FDF787FF002008BD6FF01200FBE755
:104D600054790100694D00000A2838B50446074D02
:104D700004D1AB680D2128465B689847AB680348AF
:104D80005B68E1B29847204638BD00BF5479010006
:104D900038B508461446EFF31185202383F31288B3
:104DA000BFF36F8F114605F015FE85F31188BFF331
:104DB0006F8F064B984201D1204638BD044B984274
:104DC00014BF6FF00A006FF01500F6E70000AD0B9E
:104DD0000400AD0B08B505F0DDFD034B984214BF90
:104DE0006FF00400002008BD0000AD0B0023024A54
:104DF0000020C1E9002370470050160000487047AA
:104E000068850100024B0B6001231360704700BFEF
:104E10007085010008B501220448114612F0DAFB42
:104E2000034B044A0020C3F80C2508BDDC13002006
:104E300000B004508000008010461A46084B10B5A0
:104E4000994209D8C1F5B21404F58054A24203D89E
:104E5000FBF716FB002010BD6FF01500FBE700BF4D
:104E6000FF4F1600F8B51E4B054698420E461446F5
:104E700033D8C0F5B21303F580539A422DD82AB324
:104E80004FF0FF324FF0FF33164807F019FF40F2A2
:104E90000113154F2246C7F80035CEB131462846DA
:104EA000FBF7EEFABFF35F8FD7F81834DA0705D4B3
:104EB000230703D00123BB60BFF35F8F4FF48072E1
:104EC000094BC3F80025074807F076FE0020F8BD1F
:104ED000FF2128460AF098FCE4E76FF01500F6E79A
:104EE000FF4F1600DC13002000B0045010B503691A
:104EF00061B920493F23204A20480FF09AF8204802
:104F00000FF097F83F211C480FF08AF8486850B915
:104F10001C494023184A19480FF08BF81A480FF023
:104F200088F84021EFE75868F8B1884219D19C68A9
:104F30000868A142586000D19860002008602AB13A
:104F40005A680A609A68596002B99960002010E0B6
:104F5000814206D10868206098688142EDD19C604A
:104F6000EBE7044600680028F2D1002AE8D16FF090
:104F7000150010BD10A20100D4A10100E6970100A8
:104F800019A2010028A201003AA2010070B54568EB
:104F900006462B69E3B11035284606F01DFA044693
:104FA000B0B90146284606F0D7F90E4B984215D104
:104FB000224628460C4906F091F922460121DB20C1
:104FC000FEF7B8FF2246012140F20D10FEF7B2FFB6
:104FD0003046BDE8704005490FF0B7B86FF00400E7
:104FE00070BD00BF0000AD0B055300007F43010002
:104FF00008B503685F2B4FEA531107D80C4A03F03A
:105000001F0352F82120DA40D2070BD409490A487D
:1050100040F2C733094A0FF00CF840F2C731074895
:105020000EF0FEFF0360064B53F8210008BD00BFE1
:105030008485010084A20100E697010051A20100CD
:1050400078850100F0B5406801F01F04057B87B04A
:1050500044EA45140569002D77D0B2F5001F00F130
:10506000100506D12146284612F0E4F9002007B0C9
:10507000F0BD0027B2F5800F01AE0197776033D104
:10508000B3F1007F14BF052304238DF804300023FF
:10509000CDE9046303938368CB40D90739D4B2F1D7
:1050A000A07F36D168460094FFF7A2FF009B203313
:1050B00050F82330DB072CD46A462146284606F0F8
:1050C0001BF9254B98421AD0CDF808D02146284626
:1050D00003AA05F079FF214B984239D101222146DC
:1050E000284606F09FF9C1E7B3F1C06F05D0B3F1D0
:1050F000007F14BF01230223C7E70323C5E76946E6
:10510000284606F083F9154B9842DDD06FF00B006E
:10511000ADE76A462146284606F0EEF80F4B0646F4
:105120009842D3D128469DF8001006F063F9B042AA
:10513000CCD00B490B4840F2BD130B4A0EF079FF5F
:1051400040F2BD1108480EF06BFF6FF085008EE74E
:105150006FF015008BE700BF0400AD0B0000AD0B36
:10516000D3A20100E6970100A7A201002DE9F043B8
:10517000466840F20635337BD00601F01F0747EA48
:10518000431748BF032302EA050558BFC2F3401383
:1051900087B0B5F5837F14468DF8033044D00DD821
:1051A000062D43D005D8A5B1022D12D06FF0150001
:1051B00037E0B5F5807FF9D101250AE040F20222FF
:1051C000954235D0B5F5407F34D0B5F5007FEDD1AF
:1051D00004250123220303FA01F12DD573685960D8
:1051E000336973BB03A80397FFF702FF039B00EB30
:1051F000830084F48033C3F30043C4F34044D0F805
:10520000802044EA43049DF8033022F4706244EAAB
:10521000830422F00F0244EA05231343C0F88030D0
:10522000002007B0BDE8F0830925D2E70825D0E7C4
:105230000625CEE70525CCE7630344BF7368996074
:10524000CEE71036394630460DF1020206F054F82A
:1052500014F4403F804617D13946304612F0E8F842
:10526000244B9845DCD130469DF8021006F0C2F878
:105270004045D5D020492148D723214A0EF0D9FEF8
:10528000D7211F480EF0CCFE4FF0000901AB394684
:10529000304603AACDE90439CDE90199CDF80C9047
:1052A00005F092FE134B9842BAD114F4003315D096
:1052B0009DF8033084F48034C4F300448DF80E303C
:1052C00039464B46304603AA8DF80C508DF80D40F8
:1052D00005F06AFF074B9842A2D1C1E7CDE904333C
:1052E00039460DF10303304603AA039305F06CFE23
:1052F000F0E700BF0000AD0BD3A20100E69701006C
:10530000A7A201004209022A034670B503D0012A70
:105310001FD002B370BD154E326951680029F9D013
:10532000012503F01F030C689D400029F2D08A6814
:105330002A4014D04B6883B90D4964230D4A0E48A6
:105340000EF077FE0D480EF074FE642109480EF051
:1053500067FE0B4EE0E70B4EDEE7304698471CB188
:10536000236821461C46E0E72346FAE7E878010077
:10537000F7D10100D4A10100E69701003AA2010093
:10538000C4780100A078010010B5144C204612F03A
:10539000E1F800B36368A1681B6822699B070BD51D
:1053A0001368204623F0020313600B6800220121DA
:1053B000984700EAE07010BD094940F2FD33094A00
:1053C00009480EF036FE09480EF033FE40F2FD317A
:1053D00004480EF025FE6FF01200ECE7A078010003
:1053E000EC9801007C970100E69701002A990100E2
:1053F00008B503685F2B4FEA531107D80C4A03F036
:105400001F0352F82120DA40D2070BD409490A4879
:1054100040F2C733094A0EF00CFE40F2C73107488C
:105420000EF0FEFD0360064B53F8210008BD00BFDF
:10543000E485010084A20100E697010051A2010069
:10544000D88501002DE9F04F9246074640F2FF193A
:10545000DFF840B185B000EB8108B84503D10020EA
:1054600005B0BDE8F08F3B68C3F3C3210829C3F33F
:10547000080400F28C80484A4C4508BF4FF0FF34C6
:10548000B3F1B05F565C4FEA13610ED215290ED806
:10549000DFE801F010161D572026570D0D0D0D0DDC
:1054A0000D0D0D0D0D0D0D0D5A5D382952D06FF0FB
:1054B0008500D5E7CAF80446601C5ED10437CCE706
:1054C000CAF80C46651CF9D00025294616E0CAF832
:1054D0001046F1E7611CCAF80046EFD0002504E051
:1054E000CAF80446621CE9D0012503A80394FFF71B
:1054F0007FFF0121039B01FA03F383603B68039460
:1055000003F40040002818BF002103A818BF01259C
:1055100001930091FFF76CFF039C019B00EB84005B
:10552000D0F88040C3F3412C0099330243EA8C0346
:105530000B4304EA0B04234343EA4503C0F88030DD
:10554000BCE7CAF80846BDE7CAF84045CAE7CAF84A
:105550004445B7E703A80394FFF74AFF039B00EB1A
:105560008300D0F8803023F0E04343F08043C0F85C
:105570008030631CA2D00125A7E7012503A803946E
:10558000FFF736FF039B05FA03F343609DE76FF0D7
:10559000150065E7F0F0FCFF09A30100012310B539
:1055A00003FA01F1436804691B6819420ED10E49E0
:1055B00040F28E630D4A0E480EF03BFD0D480EF092
:1055C00038FD40F28E6109480EF02AFD2368194229
:1055D00018BF82F0010222B18368DB68BDE8104089
:1055E000184783681B69F9E7EC9801007C97010074
:1055F000E69701002A990100F7B5446805460EF0C8
:10560000E3FEA06A00287CD011F0A4FF00287AD025
:10561000E78DA06A94F82C1047F4003207F03006AA
:10562000302ED0F810C0D0E9013E0ED1384940F2FA
:10563000E333384A38480EF0FCFC38480EF0F9FCE9
:1056400040F2E33133480EF0EBFC07F00606042E7F
:1056500009D1334940F2EA332E4A2F480EF0E9FCD3
:1056600040F2EA31EEE701261B688E401E420CD163
:105670002C4940F2FD33274A27480EF0DAFC2A482D
:105680000EF0D7FC40F2FD31DCE7DCF80030FF071C
:105690004CBF3343B343CCF80030DEF800309847BA
:1056A000002832DB94F82C30A06A01249C40436827
:1056B0001B681C420CD11B4940F23563154A164841
:1056C0000EF0B7FC18480EF0B4FC40F23561B9E7B3
:1056D0000669836801A95B689847002809D014DB34
:1056E000011E18BF0121284603B0BDE8F0400EF0AE
:1056F000E4BE3268019B5340234214BF01200020C6
:10570000EEE70146EFE76FF0120003B0F0BD00BF17
:10571000AD9701007C970100E69701000398010016
:1057200040980100EC9801002A99010030B44268C9
:1057300053691468C4F82435D18B938B957E0B4341
:10574000118C0B43518C0B43517E127E29430A432B
:105750009BB21343C4F86C3541680B68D3F8002240
:1057600042F48022C3F800220822C3F800254A6AC6
:105770000121C3F83C270022C3F840271965D3F85C
:1057800030110029FBD0C3F80025024930BC0EF0CF
:10579000DCBC00BF2D4801002DE9F04104460D4658
:1057A000476811F049FFA0B9224B1B788BB14FF02D
:1057B0002008642663681B68D3F8303143BB01209E
:1057C00011F05CFD013EF5D10021202008F056FDCE
:1057D000EFE72022EFF311831E4682F31288BFF316
:1057E0006F8F61680968D1F8301121B983F311888E
:1057F000BFF36F8FEEE77B6A01221D702046796A46
:105800000EF0CFFF86F31188BFF36F8FBDE8F081F4
:10581000EFF311831E4688F31288BFF36F8F62681F
:105820001268D2F83021002AE5D183F31188BFF342
:105830006F8FC9E7CE58012008B503685F2B4FEA88
:10584000531107D80C4A03F01F0352F82120DA4005
:10585000D2070BD409490A4840F2C733094A0EF06F
:10586000E8FB40F2C73107480EF0DAFB0360064B55
:1058700053F8210008BD00BF6C87010084A201001D
:10588000E697010051A2010060870100012310B5D5
:1058900003FA01F1436804691B6819420ED10E49ED
:1058A00040F28E630D4A0E480EF0C3FB0D480EF019
:1058B000C0FB40F28E6109480EF0B2FB236819422A
:1058C00018BF82F0010222B18368DB68BDE8104096
:1058D000184783681B69F9E7EC9801007C97010081
:1058E000E69701002A9901002DE9F843446806690A
:1058F00005460021E06B0FF064F8002821DB216CE5
:10590000481C15D10127636B9847B4680834D6E961
:10591000023203EBC203A4F10802934213D83046CB
:105920000FF09BF82846BDE8F84338490EF00DBC4F
:1059300004F1440000F096FA10F1130F01D0411D5C
:10594000E0D1BDE8F88354F8080C11F003FE0028FC
:1059500058D054F8080C14F8041C34F8023C03F036
:105960003002302AD0F81080D0E901C90ED1284980
:1059700040F2E333274A28480EF05BFB27480EF03D
:1059800058FB40F2E33123480EF04AFB03F00602D5
:10599000042A09D1224940F2EA331E4A1E480EF079
:1059A00048FB40F2EA31EEE7DCF800C0DA0707FA1C
:1059B00001FE54BF43F4B01383F4D0131EEA0C0F5E
:1059C00023F480120CD1174940F2FD33114A1248DA
:1059D0000EF02FFB14480EF02CFB40F2FD31D2E705
:1059E000D8F800C0DB074CBF4EEA0C032CEA0E03CC
:1059F000C8F80030D9F800309847002804F10804AE
:105A000085DA9EE76FF012009BE700BFE1490100D5
:105A1000AD9701007C970100E69701000398010013
:105A200040980100EC9801002A9901002DE9FF41FE
:105A300005690646D0F80480A86D2B6E002835D184
:105A4000002B53D0B8F838406A6D9C4228BF1C46E2
:105A5000EF6DEB6D53B1296E41B107F06041B1F1CB
:105A6000005F03D0082C28BF08246F6F00926A6D76
:105A7000AC661AB1AA6D002A18BF2246CDE90127EB
:105A80001BB12B6E002B18BF2346002269464046EF
:105A9000039306F051FB184B984229D06FF0040194
:105AA000304604B0BDE8F0410EF0F9BF696DEF6D0E
:105AB0000A46B8F83840ABB1834228BF03469C423F
:105AC00028BF1C460029C4D001F06043B3F1005F39
:105AD000BFD0082C28BF0824286F2246FAF7D0FC34
:105AE0002A6FB6E7844228BF0446EBE71946D7E79A
:105AF00004B0BDE8F08100BF0000AD0B2DE9F04F10
:105B000091B001934368074602938B880469980417
:105B1000884691462ED44FF0FF324FF0FF3304F108
:105B2000100007F0CDF8C4F80480D7F804B0D7F817
:105B300010A0DBF8083003939AF86D3023B1DAF83F
:105B40000030984500F0A580B8F804E01EF4006F1E
:105B500017D06FF08505236813B19B889B0405D48B
:105B60000023636004F1100007F026F8284611B006
:105B7000BDE8F08FA369002BCDD163689942CAD1EB
:105B8000D3E71EF0090F02D06FF01505E3E7CEF35F
:105B90004513082BF8D1D8F800C08C4B9C45F3D99D
:105BA00006AD0BF10C060FCE0FC50FCE0FC5039B34
:105BB00096E80300634528BF63469C46844B85E80E
:105BC00003009C4517D2834B9C4514D2824B9C45C5
:105BD00011D2824B9C4544D8814B9C4543D8814B84
:105BE0009C4542D8804B9C4541D88049804B814A96
:105BF0008C4588BF13461EF0020F0B930EF0040372
:105C000037D0002B14BF032302238DF83030CEF39E
:105C100000138DF83130DBF80030D3F80036591C12
:105C20000AD01EF0020F059305A826D1FFF704FE47
:105C30000123059A934083609AF86D302BB1584642
:105C400006F01EFA00238AF86D303B4658466A4A31
:105C500006A906F0CFF9694B984215D06FF00405FC
:105C600079E7674BC7E7674BC5E7674BC3E7674B08
:105C7000C1E7003B18BF0123C7E7FFF7DDFD0123A4
:105C8000059A93404360D7E70123CAF800808AF859
:105C90006D30012384F86C30029B196C4A1C03D0D0
:105CA00003F1440000F00EF9B9F1000F68D1C4F817
:105CB00044900023A36404F1580204F1480104F164
:105CC00044000EF06BFE019B6065002B60D1E36425
:105CD0000023236504F1600204F1500104F14C003B
:105CE0000EF05CFE002501212A46E0652564204671
:105CF0000EF092FE3846FFF799FE2A462B46A06C1E
:105D000083424DD100231946256DA9424FD19A42B5
:105D100038BF1A4626464FF4FA534FF0000803FBEB
:105D200002F556F8283B47F6122C1B684146B5FB96
:105D3000F3F540F2E730C8354FF47A720023E5FB03
:105D40000C01FBF7A5F902460B46304606F0B8FFFA
:105D5000024618B9256C15F1740F2FD10298C4F8BA
:105D6000688006F08DF96FF07301384684F86D8015
:105D70000EF095FE304607F01DF86FF07305EAE669
:105D8000D9F800306364002B93D0D9F8043091E740
:105D9000019B1B68E364002B9AD0019B5B6898E72A
:105DA000616C01EBC301496801330A44A8E7E06C68
:105DB00000EBC100406801310344A6E7002D3FF429
:105DC000CAAE014638690EF027FEC4E647E8010076
:105DD0000048E8010024F40000127A00FF083D00AA
:105DE0007F841E003F420F001FA107008FD00300D9
:105DF00048E8010090D00300C14A01000000AD0B4B
:105E000000093D0080841E0040420F0020A10700D1
:105E100008B503685F2B4FEA531107D80C4A03F00B
:105E20001F0352F82120DA40D2070BD409490A484F
:105E300040F2C733094A0EF0FCF840F2C731074878
:105E40000EF0EEF80360064B53F8210008BD00BFCA
:105E50000C88010084A20100E697010051A2010014
:105E6000008801000123F0B587B08DF802300223CD
:105E700000248DF804306B4403930F4601AB0DF101
:105E80000301049305460291059405F0BFFA0C4BFB
:105E9000064698420FD13946284603AA05F094F8E1
:105EA000B0420BD028469DF8031005F0A3FA6FF01E
:105EB000040007B0F0BD6FF01200FAE72046F8E7E3
:105EC0000000AD0BF7B50C46054611F0B5FA0022FF
:105ED00021460646284605F0A5FA01A80194FFF7D9
:105EE00097FF019B00EB8302D2F88010154B0B400B
:105EF00043F00C03C2F8803000F08AF807462B68A4
:105F00009B59B3B100262146284611F093FA01A807
:105F10000194FFF77DFF019B00EB8300D0F8802008
:105F2000084B134043F00403C0F88030304603B000
:105F3000F0BD00F06DF8C01BC728E0D96FF0730604
:105F4000E1E700BFF0F0FCFF70B514461D460EF00F
:105F500010FEA042A94113D30A4AD2E90061A41B52
:105F600024F01F0365EB01009B1941EB0001C2E91E
:105F70000031640944EAC060BDE8704008F040BEEA
:105F800070BD00BF1810002010B500220121E420D0
:105F9000FDF7D0FF174A0020D2F8183723F440331A
:105FA000C2F8183705F0FEFB134B0446984208D19F
:105FB0000120124905F0AAFCA04205D0104B9842DE
:105FC00014D04FF0FF3010BD0EF0D3FD67220D4B03
:105FD00020F01F00C3E900010B4BC3E900010B4B8C
:105FE00002201A60FEF712FE0020ECE76FF00B00B3
:105FF000E9E700BF00200E500000AD0B7008002044
:106000000200AD0B181000201010002078140020A2
:1060100038B5EFF31185202383F31288BFF36F8F18
:10602000174808F03DFC68B98823164A16491748F6
:106030000DF0FFFF124916480DF0FBFF88211148B3
:106040000DF0EEFF0E4808F04FFC0EF092FD0446F6
:106050000B4808F033FC68B940F23113094A0D4986
:106060000A480DF0E6FF06490B480DF0E2FF40F24A
:106070003111E4E785F31188BFF36F8F204638BDF7
:106080007C140020CB9B0100249C0100E6970100BA
:10609000399C0100F89B01000F9C010008B50EF02F
:1060A00068FD054AD2E90032C01A61EB02014009DD
:1060B00040EAC16008BD00BF1810002037B5431C7E
:1060C0000CBF6FF0004420EAE0740EF052FD0D4B5F
:1060D000D3E90025801A61EB05032021C4FB0103ED
:1060E000402873F100042CBF20F01F010023521838
:1060F0004FF0010145EB03030091034805F09AFCC2
:1061000003B030BD1810002068080020F7B5002348
:106110006E46DFF848C00093ADF804300F1DDCB2C6
:10612000A24204D869460EF02DFD03B0F0BD57F829
:10613000334011F8335004F5741404F6FF04B4FB33
:10614000FCF405F1FF3EDEF1000545EB0E0544EAE7
:10615000C53426F8024B0133E1E700BF00093D00DA
:1061600013B50A4B6A4600930949012304460FF010
:10617000E5FA40B94FF47F732046019305490123A6
:1061800001AA0FF0DBFA02B010BD00BF0040800092
:106190002C00F3003400F30038B51546064A0446D7
:1061A0000FF082FC30B929462046BDE83840034A4A
:1061B0000FF07ABC38BD00BF2C00F3003400F300B0
:1061C00013B50A4B6A4600930949012304460FF0B0
:1061D000B5FA40B94FF47A7320460193054901237B
:1061E00001AA0FF0ABFA02B010BD00BF004480005E
:1061F0002800F3003000F30038B51546064A04467F
:106200000FF052FC30B929462046BDE83840034A19
:106210000FF04ABC38BD00BF2800F3003000F30087
:106220004A7870B5032A38D8224B9D5C6DB3037948
:10623000012AB3FA83F34FEA53134FEA031328D921
:10624000032A14BF002206221A44037AC4885E1E61
:10625000022E8CBF002301332344047802EBC306D3
:10626000072C427896BF01340024A400012A12D0E2
:10627000931E5A425A4152010C206B1E00FB0633FA
:10628000B3FBF5F3153323449D180B78072B06D980
:10629000FFDE0622D8E71022EEE70025F5E7064AE2
:1062A00032F813304FF47A72581E02FB0500B0FB2F
:1062B000F3F070BDF6A401006C970100002310B547
:1062C000074A52F83340844205D30020054A12F8A9
:1062D00033300B7010BD01335A2BF2D10320F9E794
:1062E0001C8801001888010010B54379022B17D8CB
:1062F0000288047911440B4AD35C02890B44002CB8
:106300000CBF1146511C827A9BB2013AD2B20B2AC1
:106310008EBF00220448825C0A4403EBC20010BD19
:106320000020FCE7FAA40100FDA401000238C0B27D
:106330000D289ABF024B53F820000020704700BF81
:10634000E88A010006289FBF034B1B5C01200B70ED
:1063500088BF0020704700BF09A5010070B5302339
:106360000D463822084904460FF01AFA50B9002D9C
:106370002046BDE870400CBF0A2308231B220349B6
:106380000FF00EBA70BD00BF3C01F3003401F30002
:10639000F0B5002787B0BDF83860CDE900770296E8
:1063A00004461D460EF0C1FDB0B9BDF83420BDF85D
:1063B000303002EB054203EB06430492059320467E
:1063C0000123064904AA0FF0B9F928B90123204690
:1063D000034905AA0FF0B2F907B0F0BD98A0F2008A
:1063E0009CA0F20038B51546064A04460FF05CFB47
:1063F00030B929462046BDE83840034A0FF054BB67
:1064000038BD00BF98A0F2009CA0F20010B54FF478
:106410000C73064A064904460FF05CFB20B920467F
:10642000BDE8104000F006B810BD00BF208B010091
:10643000001080001FB5084B03A91A889B78ADF89F
:106440000C208DF80E3000230322009310F06DFD18
:1064500005B05DF804FB00BF10A501001FB5124B8D
:106460000C461A889B78ADF808208DF80A30002376
:10647000039304230322009302A903AB10F082FDCF
:1064800078B99DF80D309DF80C201B0203EB0243F8
:106490009DF80E20134423609DF80F305B085B428B
:1064A000237104B010BD00BF13A5010010B5B1F5F4
:1064B000000F0C46A8BF01F17F44FFF737FF96237A
:1064C0005C43034B0003B0FBF3F094FBF0F010BD12
:1064D00040420F000378072B05D8DFE803F00606DB
:1064E000060606060606022070470B704378012B4D
:1064F00003D0022B01D0002BF5D14B708378032BF6
:10650000F1D8DFE803F0020202028B70C378072B98
:10651000E9D8DFE803F00404040404040404CB70A5
:1065200003790B71C388CB80037A042BDBD801A2DB
:1065300052F823F04B650000E76400005565000049
:106540004965000051650000022300200B7270476E
:106550000323FAE70123F8E7014608B50348FAF7F1
:1065600005F8B0FA80F0400908BD00BF16A501008B
:10657000032903D8024B595C0EF093BB02207047ED
:106580001DA5010013B50B78072B15D84A78C3F168
:106590000703032ADBB20FD8897802290CD8074CED
:1065A0008DF80430615C8DF805208DF8061001A986
:1065B0000EF026FD02B010BD0220FBE721A5010070
:1065C0001FB50B78072B0FD84A78032A0CD8897887
:1065D000022909D8094CC3F10703615C8DF800302A
:1065E0008DF801208DF8021001A9FFF773FF6946AD
:1065F00001A8FFF715FE04B010BD00BF21A50100E2
:1066000038B54C1FE4B2072C1A46049B0AD8022A5C
:1066100008D8054D05EBC2052C5D1C7010F07DFD02
:10662000002038BD0220FCE724A50100C82190F815
:10663000442D034B01FB02335B6F03B118477047D6
:10664000B41400204FF4DC7108B5024A024803F08C
:1066500067FB00BF3CA5010056A6010030B53C4CCD
:10666000B9B003F057FAA36820689847D0B1394908
:1066700001A809F07FF901A803F0A2FB364901A89F
:1066800009F078F901A803F09BFB344901A809F04F
:1066900071F901A803F094FB4FF4A571304A314819
:1066A00003F03EFBE36820689847C0B1294901A880
:1066B00009F060F901A803F083FB2B4901A809F058
:1066C00059F901A803F07CFB244901A809F052F90B
:1066D00001A803F075FB40F25111214ADFE70121C7
:1066E0006369206898470546C0B11A4901A809F0B6
:1066F00041F901A803F064FB1C4901A809F03AF92B
:1067000001A803F05DFB154901A809F033F901A8C0
:1067100003F056FB4FF4AC71114AC0E710F0B1FB27
:106720002146134810F0F5FA1149124803F01AFBFC
:106730000F4B29461846104A02F086FD342229469E
:106740000E4809F061F839B0BDE8304003F05CBA9A
:10675000740800205CA501006BA5010057D401005E
:106760007DA501006BA6010083A501009EA5010087
:10677000441F0020C76D0100D36901008014002070
:1067800010B5044603F0C6F9024B1C60BDE810408A
:1067900003F03ABA7408002008B503F0BBF90348C7
:1067A00002F066FEBDE8084003F02EBA441F002048
:1067B00008B503F0AFF903F027FA014808BD00BFA0
:1067C000441F00200C2810B5044601D9FFF73AFFFA
:1067D00003F0A0F903F018FAC820024B04FB0030C4
:1067E00010BD00BFB41400202DE9F0410446C825B7
:1067F000ADF50E7D434F0DF1080803F08BF903F062
:1068000003FA3946404610F0D4FA3F4E2378384612
:1068100005FB03627E3358F82330C2F884302178B8
:106820000DF1030301AA02F00BFE2078FFF7CAFF67
:1068300003469DF80300042857D1237805FB03F293
:10684000B118B25C9ABBA42202FB0373B3F8823086
:1068500081F88230237805FB036102FB0373B3F8F0
:106860008030A1F87E30237805FB036102FB0373BF
:10687000D3F88830C1F89830237805FB036502FB14
:106880000373B3F88430A5F88030C823227803FB63
:10689000026302F2EC4237F81220A3F87C2023783E
:1068A0001A4D2B7063689847FF232B7026E0012A4E
:1068B0000DD10023A42281F88230237805FB0365E3
:1068C00002FB0373B3F88430A5F87E30DDE7032ABA
:1068D000DBD10023A42281F88230237805FB0365F5
:1068E00002FB0373B3F88830EEE7D3F8B03003F05F
:1068F000FF13B3F1011FD2D10128D0D10DF50E7DC8
:10690000BDE8F081441F0020B41400209E0E00203A
:1069100038B5C82204460F48002102FB040008F0E5
:1069200073FF00230C4A02EBC40542F834306B605D
:1069300002F8344003F0EEF82B462146074A084897
:1069400002F082FC054603F05FF9002D0CBF2046E3
:10695000FF2038BDB4140020DC1E0020E9670000D1
:10696000441F00200C2810B5044605D94FF4F771D8
:10697000094A0A4803F0D4F903F0CCF82146084844
:1069800002F026FD044618B903F03EF9204610BD7A
:1069900003F03AF90124F9E73CA501003AA6010009
:1069A000441F002084B02DE9F041EAB071AC0C28FE
:1069B000064684E80E0005D940F20521274A2848FA
:1069C00003F0AEF90DF12808A4220021404608F09A
:1069D0001BFFC823234D002703FB06550FCC68354A
:1069E0000FC52368759A2B601F4B394603EBC6030E
:1069F0005A6012220DEB02008DF80C7008F004FFB3
:106A000014238DF81130194B8DF8106005939DF803
:106A1000CC31DB1B18BF01238DF81A30719B079313
:106A2000729B099303F076F803F0EEF83B461048AA
:106A3000CDF8008003AA04A902F028FC48B103465F
:106A4000DC210C4A33A808F051FF33A803F0B8F951
:106A500001206AB0BDE8F04104B070473CA50100D8
:106A60001FA60100B4140020DC1E00202D660000CB
:106A7000441F0020C1A501000C28F8B5054605D922
:106A800040F23B212F4A304803F04AF9C82606FB62
:106A900000F72E4C2E4BE21903EBC00306FB00401F
:106AA000926F00215A607C30202208F0ADFEE35D39
:106AB000042B44D8DFE803F00315272C3E0006FB27
:106AC0000544237943B9B4F86420638E9A4203D213
:106AD00040F247211F4AD6E72846BDE8F84000F0BB
:106AE0008FBB06FB0544237943B9B4F8642023899E
:106AF0009A4203D240F25321164AC4E72846BDE821
:106B0000F84001F073BC2846BDE8F84001F05CBFD6
:106B100006FB0544237943B9B4F8642023899A42DB
:106B200003D240F262210B4AADE72846BDE8F840A7
:106B300000F01ABE2846BDE8F84001F033BA042040
:106B4000F8BD00BF3CA50100FDA50100B414002064
:106B5000DC1E00207DA5010038B504460D4602F07C
:106B6000D9FF03F051F80121044B00201A1904F257
:106B7000B62482F8C81A43F8245038BD441F0020B8
:106B800010B5044602F0C6FF03F03EF80020044BA7
:106B90001A1904F2B62482F8C80A43F8240010BD7A
:106BA000441F0020F7B5044691F8440D0E46FFF748
:106BB00009FE054690F8B810671C217290F8B920BC
:106BC0006272D0F8BC30E36090F8C030237490F863
:106BD000B130237090F8B200E070D5F8B400606076
:106BE0000A20A070D6F8940D0097D0F82C71006898
:106BF000B84795F8B230D6F8940D53B92146D0F87D
:106C00005031984750B14FF4AF71054A054803F031
:106C100087F8D0F8AC3021460068F2E703B0F0BD49
:106C200079A60100CEB1010070B5044686B0A8B3C4
:106C300090F8445D2846FFF7C5FD2146064601A8A9
:106C4000FFF7B0FF4FF44071D4F8940D0FF0C4FE7D
:106C500028B140F26F11124A124803F061F810F0A7
:106C6000E0F8182303FB0545C6F88800D5F8783806
:106C70001B1A002B0BDC10F002F9D4F8943D9A6B30
:106C80001868904730B140F27711074AE4E710F0F6
:106C9000C8F8E9E710F0C5F8C4F8C80C06B070BD34
:106CA00095A60100E3B10100F7A601002DE9F0432C
:106CB000044689B0002800F0518190F8445D2846D0
:106CC000FFF780FD90F89C300646C3B1A42101FB7C
:106CD0000541D0F8A820B0F9A4300092D0F8A02047
:106CE000896A284601F00EFD631993F8503A072B84
:106CF00005D1204609B0BDE8F04310F064B8A427E0
:106D000007FB054898F81890D4F8940DB9F1030FD3
:106D100040F09680D0F88C30D8F82810006898475A
:106D200028B140F29D118F4A8F4802F0F9FFD4F844
:106D3000943D4946D3F890201868904718B14FF415
:106D4000D0718A4AF0E715FB07F7D4F8943D07F1B4
:106D50001C01D3F8A42018682144904718B140F2D0
:106D6000A111834AE0E798F8983003F0FD02082A61
:106D700001D00C2B05D1D4F8943D01211868FFF700
:106D8000EDFA4FF0A40808FB0548D4F8943DD8F874
:106D90002820D3F8489098F92C101868C84718B1E3
:106DA00040F2AD11734ABFE7D4F8943D2037D3F8D1
:106DB000A8201868E119904718B14FF4D8716E4AAD
:106DC000B2E7D4F8943D98F82D10D3F8DC20186879
:106DD000904718B140F2B311684AA5E74FF4C011CB
:106DE000D4F8940D0FF0F8FD18B140F2B511644AD3
:106DF0009AE7D4F8943DD8F89010D3F83C2118685D
:106E0000904718B140F2B9115E4A8DE7D4F8943D2D
:106E100098F89410D3F830211868904718B14FF4BF
:106E2000DE71594A80E7D4F8943DD8F88C10D3F835
:106E3000382118689047C0B140F2BF11534A73E738
:106E400007FB0541D0F848311C31984718B14FF481
:106E5000E3714F4A68E70221D4F8940D0FF0BCFDAE
:106E600018B140F2C7114B4A5EE7D4F8940D04EB19
:106E7000450204EB8503C76CB2F8F229D3F8A419D4
:106E80000068B84718B140F2CB11434A4CE7284696
:106E9000FFF798FC436F23B12846FFF793FC436F3D
:106EA000984796F8B03073B1214603A8FFF77AFEF1
:106EB00040F20A21D4F8940D0FF08EFD18B140F283
:106EC000D911364A30E70FF0ACFF182303FB054514
:106ED000C6F88800D5F878381B1A002B1BDC96F80A
:106EE0009C300BB90FF0CBFF01200FF0CAFF96F8D2
:106EF000C430DBB10121204602F034FD96F8C520F4
:106F0000D4F8943D52B11A6C1868904710B34FF4FE
:106F1000F771234A08E70FF084FFD9E7DA6B1868A6
:106F20009047B8B14FF4F9711E4AFDE6D4F8943D8C
:106F300096F8B020186832B19B6B984750B140F278
:106F4000F911194AF0E61B6A984718B14FF400711D
:106F5000164AE9E60FF065FFC4F8C40C09B0BDE8B5
:106F6000F08300BF30A70100A4B101008DA701008C
:106F7000DAA701003DA80100C2A8010025A901006F
:106F800085A90100F6A9010067AA0100D4AA0100A1
:106F90003FAB01008CAB0100DCAB010046AC010053
:106FA000BCAC010001AD0100F7A601007DA5010008
:106FB0002DE9F043044687B0002800F0FB80A426AA
:106FC00090F8445D2846FFF7FDFB06FB054898F85E
:106FD00018900746B9F1030FD4F8940D40F08F8054
:106FE000D0F88C30D8F854100068984728B14FF486
:106FF0000871724A724802F093FED4F8943D4946F3
:10700000D3F8902018689047014618B140F2232128
:107010006C4AEFE7D4F8943D1A6B1868904718B1A2
:1070200040F22521684AE5E7D4F8943DB8F85A10B3
:10703000D3F8B0201868904718B140F22721634A6E
:10704000D8E706FB0541D4F8943D4831D3F8A42095
:107050001868904718B140F22B215D4ACAE798F8AA
:10706000983003F0FD02082A01D00C2B05D1D4F88A
:10707000943D00211868FFF771F9A42606FB054628
:10708000D4F8943D96F85910D3F8DC20186890474E
:1070900018B140F237214F4AACE74F49D4F8940D6C
:1070A0000FF09AFC18B140F239214C4AA2E7D4F80B
:1070B000943D0422D3F83481D6F88C101868C04768
:1070C00018B14FF40F71464A94E7D4F8943D96F8FE
:1070D0009410D3F830211868904718B140F23F213E
:1070E000404A87E7D4F8943DD6F89010D3F83C2175
:1070F00018689047C0B140F242213B4A7AE706FB4C
:107100000541D0F848314831984718B140F24B2139
:10711000364A6FE7CC21D4F8940D0FF05DFC18B11E
:1071200040F24D21324A65E77B6F03B1984797F8EB
:10713000B03073B1214601A8FFF734FD4FF4E6717A
:10714000D4F8940D0FF048FC18B140F25D21294AA3
:1071500050E718260FF065FE06FB0546C7F88800C5
:10716000D6F878381B1A002B11DC0FF088FE0020AF
:107170000FF087FE97F8B020D4F8943D52B19A6B87
:107180001868904790B140F26D211B4A32E70FF02A
:1071900048FEE3E7A42202FB054518685A6A696FB6
:1071A000904718B140F27121144A23E70FF039FEDD
:1071B000C4F8C80C07B0BDE8F08300BF37AD0100CC
:1071C000B9B101008DA7010094AD0100DEAD010051
:1071D0004AAE0100ADAE0100080006000DAF01008F
:1071E00098AF010067AA0100F6A901007DA5010082
:1071F00011B00100A4B00100F7A601004AB10100DE
:107200002DE9F04FEDB0129002F084FC1298FFF7D8
:10721000D9FA044630B902F0F7FC012420466DB0DB
:10722000BDE8F08F03780BB100230370D4F8B030C1
:1072300094F8049003F0FF13B9F1000F3AD0B3F1C2
:10724000011FE8D01422002115A808F0DDFAA36977
:1072500094F81D800393238C94F926A0049394F84A
:10726000223094F825B0059394F82430258E003B05
:1072700018BF0123069394F82330277F003B18BFE3
:1072800001230793A37F0893B8F1100F15D8DFE807
:1072900018F0180118011801180118011401100143
:1072A0000901090104010901140009011400140075
:1072B00018011801B54A9342C3E70026A422002111
:1072C00043A808F0A1FA6379002B14BF032301231C
:1072D0001393B9F1000F00F0F680089B94F828C0D2
:1072E0008DF85630049B8DF85470ADF85830059BDE
:1072F0008DF855808DF85A30069B8DF857608DF8C3
:107300005C30079B8DF85BC08DF85D30039B0DF5FD
:10731000887918930DF1540EBEE80F00A9E80F000C
:1073200000231A46194618469E46CDE91033CDE98A
:107330000E338DF864A08DF865B0ADF86650CDE9D8
:107340000C33CDE90A3309938DF81361049EADF82F
:107350002251ADF81461059E0A9D8DF81661069EB6
:107360008DF842218DF81861099A079EDDF84C903E
:107370008DF810718DF81961089F039E8DF83C51AE
:107380008DF843210B9D0C9A8DF817C18DF83D5156
:107390008DF83EE18DF83F01ADF840118DF80C916C
:1073A0008DF811818DF8127147968DF820A18DF816
:1073B00021B18DF844210D9A1AAD8DF845210E9A10
:1073C000284652920F9A43A98DF84C21109A5A934D
:1073D0008DF84D21119AADF84E21A422F9F750F8FD
:1073E000637963B1A3686B67E368AB672369EB6795
:1073F000237D85F8803004F18C03C5F88430FFF7D5
:10740000D7F92279D0F8943D002A40F0AD8027A822
:1074100026A9D3F8CC30984718220021064643A865
:1074200008F0F2F9129B5A498DF80C312379002BA0
:1074300018BF0322574B04BF00220B468DF80D21C5
:10744000449394F87030003B18BF01238DF8163137
:10745000A36E4693237903B9E66E4896D4F8B0300C
:1074600003F0FF13012B40F082804B4B4493072322
:107470008DF80D31FFF79CF92379002B00F0828005
:10748000A26D238D009543A901F000FF044600285A
:107490007FF4C1AE02F0B8FBC0E6A7F10C035E4278
:1074A0005E410BE7A7F10B06012E8CBF00260126DB
:1074B00004E7A7F10A06022EF7E7A7F10906032E53
:1074C000F3E70126FAE694F832308DF85470099308
:1074D000089B8DF855808DF85630049B8DF85760C9
:1074E000ADF85830059B0DF59E7E8DF85A30099BFE
:1074F0000DF1540C8DF85B30069B8DF864A08DF86F
:107500005C30079B8DF865B08DF85D30039BADF85E
:1075100066501893BCE80F00AEE80F00DCF80030AE
:107520003046CEF80030E36A039ACDE910B50E92EA
:10753000079ACDE90A780D92069ADDF820E0CDF899
:107540003CA00C924D46DDE90412CB46CA46CC461F
:107550004E46C8464F46CDE90699CDE90499CDF887
:107560000C90CDF82090EFE61CA81BA951E7074A24
:10757000934201D108237BE7B3F1011F7FF47AAF77
:10758000092375E7226E638E7CE700BF01000200CD
:10759000B16F0000AD6C0000296C0000F7B590F8E9
:1075A000446D04463046FFF70DF990F89C300546CF
:1075B000ABB1D0F8A820B0F9A4300092D0F8A02048
:1075C000C168304601F09EF8A31993F8503A072B92
:1075D00005D1204603B0BDE8F0400FF0F4BBA42174
:1075E00001FB0641D4F8940D1C31D0F84C3198477A
:1075F00028B140F23911264A264802F091FBD4F80E
:10760000943D0221D3F888201868904718B14FF4B0
:107610009D71214AF0E7D4F8940D04EB460204EB87
:107620008603C76CB2F8F229D3F8A4190068B847EA
:1076300018B14FF49E71194ADEE76B6F03B198479A
:107640000FF0EFFB182303FB0646C5F88800D6F8B9
:1076500078381B1A002B11DC95F89C300BB90FF011
:107660000EFC01200FF00DFCD4F8943D1A6A186846
:10767000904730B140F24F11094ABDE70FF0D1FBFE
:10768000E3E70FF0CEFBC4F8C40C03B0F0BD00BFBD
:10769000FEB101001DB301008CAB0100DCAB0100A9
:1076A00044B20100F7B590F8446D04463046FFF748
:1076B00089F8A42101FB06410546D4F8940D483110
:1076C000D0F84C31984728B140F25F11214A224846
:1076D00002F026FB2B6943B1D4F8947D019001237D
:1076E0001E49386801AA0EF029F8D4F8943DCC213F
:1076F000D3F888201868904718B140F26B11184AE7
:10770000E5E76B6F03B198470FF08BFB182303FB82
:107710000646C5F88800D6F878381B1A002B0FDC0F
:107720000FF0ADFB00200FF0ACFBD4F8943D696B7B
:107730005A6A1868904730B14FF4BE71094AC6E7DB
:107740000FF06FFBE5E70FF06CFBC4F8C80C03B05B
:10775000F0BD00BF77B2010037B30100180DF30090
:1077600011B00100BDB201002DE9F04FD7B0029079
:1077700002F0D0F90298FFF725F8044630B902F07C
:1077800043FA0124204657B0BDE8F08F0378032B5D
:10779000F5D1C1685C4D0379E96113B902690A4406
:1077A000EA61627DA1692A70A27D94F914B06A70C1
:1077B000E27DD4F820A0AA70227FD4F824902A7207
:1077C000627FD4F82880E76A266B69602A730021FB
:1077D000A4222DA8039385F828B0C5F810A0C5F8F9
:1077E0001490C5F818802F626E6208F00DF802221E
:1077F000039BD5F81CC08DF8B420002B65D0012365
:107800008DF8E130E388414A6B812B6807CAADF8F7
:10781000B8301B0C8DF8BA302FAB03C31A80CDE9FA
:1078200032A9CDE93676CDF8D4C08DF8E0B0CDF8E8
:10783000D08004AEA4222DA93046F8F721FEFEF731
:10784000B7FF2279D0F8943D002A56D006A805A9A2
:10785000D3F8D43098471822054600212DA807F008
:10786000D3FF029B2A498DF8B4302379002B14BF33
:1078700005220222274B08BF0B468DF8B5202E9318
:1078800094F870304FF47A72003B18BF01238DF8E2
:10789000BE30A36E3093B5FBF2F302FB1355002DFF
:1078A00018BF01333293E366FEF782FF23793BB3BF
:1078B000A26DE38800962DA901F0E8FC044600289B
:1078C0007FF45DAF02F0A0F95CE723890F4A6B817A
:1078D0002B6807CAADF8E4301B0C8DF8E6303AABE4
:1078E00003C31A80CDF800C1636BCDE93DA9CDE992
:1078F00041764493CDF8FC809BE711A810A9A7E737
:10790000226E2389D6E700BF2C2D0020302D0020C9
:10791000A57600009D7500002DE9F04F0D463F4C07
:10792000896A2B79ADB00090E16113B9EA6A0A4423
:10793000E26195F83120696B227095F8322095F953
:107940003060627095F83320D5F83CB0A27095F89D
:107950003820D5F840A0227295F83920D5F8449007
:10796000D5F84880EF6C616022730021A42203A83F
:10797000019384F82860C4F810B0C4F814A0C4F8C7
:107980001890C4F82080676207F03EFF0222019B36
:107990008DF80C20D4F81CC0214A3BB301230C20E5
:1079A0008DF839301F4BCDE908BA197ECDE90C8727
:1079B00000FB01335B68CDF82CC01B888DF8386064
:1079C0006381236807CAADF810301B0C8DF81230A4
:1079D00005AB03C3CDF828901A80A422009803A910
:1079E000F8F74EFD00982DB0BDE8F08F2B8ACDE959
:1079F00013BA6381236807CAADF83C301B0C8DF8BD
:107A00003E3010AB03C31A804FF0FF33CDE9178728
:107A1000CDF858C01A93CDF85490DEE7582D0020C9
:107A20005C2D0020282E0020F8B5FEF7C1FE06468A
:107A300090F8440DFEF7C6FE1F4C8368E2699A4237
:107A400038D20C22237E02FB0342516890680988D9
:107A5000884207D100210133DBB2012B916094BF32
:107A6000237621760C27237E7B43E218D2E901217D
:107A70001588A9421ED240F2FF126D1A954228BF06
:107A80001546E358D6F8940D1E68AAB2C36C31446B
:107A90000068984728B140F2CE21084A084802F011
:107AA0003FF9237E07FB03439A682A449A60E369FF
:107AB0002B44E361F8BD00BF282E002051B3010024
:107AC00015B9010070B590F8446D0446F0B0304629
:107AD000FEF778FE90F89C300546002B4DD0D0F88C
:107AE000A820B0F9A4300092D0F8A020816A3046D6
:107AF00000F008FEA31993F8503A072B20D10FF09D
:107B000090F9494B01900093DC21484B484A02A868
:107B100007F0ECFE02ABC0F1DC01464A184407F066
:107B2000E5FEDC21444A02AB39A807F0DFFE39A8A4
:107B300002F046F9204670B0BDE870400FF043B93E
:107B4000062B1AD10FF06DF9374BDC21384A019022
:107B5000009302A8354B07F0C9FE02ABC0F1DC016F
:107B6000364A184407F0C2FEDC21334A02AB39A87A
:107B700007F0BCFE39A802F023F9D4F8940D30497F
:107B8000D0F84C31984728B140F2F7212D4A2E48C1
:107B900002F0C6F8D4F8943D4FF48031D3F8882031
:107BA0001868904718B140F2FB21284AEFE7D4F853
:107BB000943D1A6E18689047FFF736FFFFF734FFC1
:107BC000D4F8943D0221DA6A1868904718B140F25F
:107BD00002311F4ADBE71F4B1B6803B1984718238C
:107BE00003FB06460FF01DF9C5F88800D6F8783873
:107BF0001B1A002BF6DC95F89C300BB90FF03FF9FF
:107C000001200FF03EF9D4F8943D1A6A18689047A5
:107C100018B140F21531104AB9E70FF002F9C4F873
:107C2000C40C70B070BD00BF94B4010073B4010007
:107C300082B401009AB40100C6B40100CEB40100C0
:107C4000882D0020FCB40100FBB801004FB50100F5
:107C500093B50100502E002044B20100F0B585B06C
:107C60000646FEF7A5FD044690F8440DFEF7AAFD72
:107C700094F8443D112E04EB8303D3F8943A05465F
:107C8000C0F884306BD100230093D4F8943D69464A
:107C9000D3F8842018689047064628B140F2C311F3
:107CA000394A3A4802F03CF8009A12F0C0030CD06E
:107CB000D4F8940D0EF09BFE354B1E80354B1B689F
:107CC0000BB13046984705B0F0BD5207FBD5CDE962
:107CD00001330393D4F8943D01A9D3F8C420186864
:107CE0009047064618B14FF4F0712B4AD9E7BDF81A
:107CF0000440BDF80830A5F87C40A5F87E30244D3E
:107D00002B88E41A40F2FF139C42A8BF1C46FEF7E2
:107D10004FFD074690F8440DFEF754FD2988B0F852
:107D2000643011FA84F29A420CDDD7F8940D0EF00B
:107D30005EFE184B2E801B680BB104209847002371
:107D40002B80C0E7D7F8943D006EA4B29E6D22460A
:107D500001441868B0472B881C44A6B2E9E7122EEC
:107D60000C4B0E4A0AD112681B686A67AB67002B7E
:107D7000A9D0304605B0BDE8F04018470A2EF2D031
:107D80004FF40771064A8CE7E8B5010087B9010096
:107D90007E2F00204C2E002035B60100502E0020F2
:107DA00086B60100F8B50546FEF702FD044690F8D8
:107DB000440DFEF707FD94F8442D112D04EB8202CB
:107DC000D2F8942A0346C0F8842050D1344A354969
:107DD000106ACD89284410629E68B04210D194F890
:107DE000440D0EF0F7FDD4F8943D2F49D3F88020D0
:107DF00018689047002851D040F285212B4A1CE09A
:107E0000D4F8940DEFD80C27167E07FB0622526893
:107E10001288954213D0CA8193F8385093F83920CC
:107E20005B6B0D738B600A74D0F8B8300831006852
:107E3000984720B140F276211D4A1E4809E0D4F847
:107E4000943D1A6A1868904728B14FF42A711A4A6B
:107E50001A4801F065FF0EF0E4FF194BC4F8C40C9A
:107E60001B680BB113209847FFF7DEFDBBE7122D0F
:107E7000134A14490CD10968126859679A670AB104
:107E80002846904794F8440DBDE8F840FEF778BEC8
:107E90000A2DF0D040F2A1210B4ACEE7F8BD00BF79
:107EA000282E0020842D0020020001001EB70100B2
:107EB000B2B601004EB9010044B201002FB9010071
:107EC0004C2E0020502E002074B70100F7B5FEF7AD
:107ED0006FFC90F8445D04462846FEF773FC0646A6
:107EE000D4F8940D2749D0F84C31984728B140F286
:107EF0002631254A254801F013FFF36A43B1D4F82F
:107F0000947D019001232249386801AA0DF016FCE6
:107F1000D4F8940D0EF06BFDD4F8943DC421D3F841
:107F200088201868904718B140F23531194AE1E7C6
:107F3000194B1B6803B198470022184B1A8018236D
:107F400003FB05450EF06DFFC6F88800D5F87838BC
:107F50001B1A002BF6DC0EF092FF00200EF091FFB2
:107F6000D4F8943D4FF0FF315A6A1868904718B121
:107F700040F247310A4ABDE70EF053FFC4F8C80C7F
:107F800003B0F0BDB42D0020A3B701006DB901000E
:107F9000180DF3004FB50100502E00207E2F002059
:107FA000F6B701002DE9F0430546ADF51B7D01F064
:107FB000B1FD2846FEF706FC044618BB0EF031FF63
:107FC000764B774A01900093DC21764B2CA807F082
:107FD0008DFC2B46744A2CACC0F1DC01204407F028
:107FE00085FC2346DC21714A63A807F07FFC63A867
:107FF00001F0E6FE012401F007FE20460DF51B7D91
:10800000BDE8F0830378042B0DD00EF00AFF634B1C
:10801000634A01900093DC21624B2CA807F066FCB8
:108020002B46634AD7E7DFF88C91A422002148460B
:1080300007F0EAFB2022002104F17C0007F0E4FBBA
:10804000626F5D4B94F804801A60A26F5B4B04F181
:1080500074071A6004F16806B8F1000F5FD0DFF80A
:10806000608124220021404607F0CEFB6369002B8B
:1080700047D0E369002B4AD004F11402C8E9002379
:10808000A369002B3CD0236A002B3FD004F11802D7
:10809000214602A8C8E90323FFF73EFCA42202A957
:1080A0004846F8F7EDF9FEF783FBD0F8943D09F167
:1080B0000401D3F8D43009F108009847B9F80E202C
:1080C000A168531E0B44B3FBF2F3012B03FB00F03A
:1080D00020D83C4B63673C4BA3674FF47A73B0FBEB
:1080E000F3F01430E06697E803008DE803002846BB
:1080F00096E80E00FEF756FC044601F085FD7CE78D
:108100000123F821314A324801F00AFE0123FC2103
:10811000304AF8E7626D013B02FB0300D9E72146D4
:1081200002A8FFF7F9FBA42202A94846F8F7A8F92C
:10813000FEF73EFBD0F8943D09F13001D3F8D4307E
:1081400009F134009847B9F83A10E2684B1E13441D
:10815000B3FBF1F34FF47A7158431F4B013AA3F884
:1081600000801E4B63671E4BA367B0FBF1F3E36611
:10817000238A1A44B2FBF3F2636D013A03FB020354
:10818000B3FBF1F30A21226D2846134464225943BC
:10819000B1FBF2F11944FEF7DFFCA4E735B80100AA
:1081A00082B4010073B401003BB80100C6B4010001
:1081B00068B80100842D0020502E00204C2E002095
:1081C000282E0020E1690100A57D00009DB8010076
:1081D000A6B90100CCB801007E2F0020CD7E0000A2
:1081E0005D7C0000F7B590F8445D04462846FEF734
:1081F000E9FA90F89C300646C3B1A42101FB054181
:10820000D0F8A820B0F9A4300092D0F8A020896A54
:10821000284600F077FA631993F8503A072B05D1F6
:10822000204603B0BDE8F0400EF0CDBDA42101FB17
:108230000541D4F8940D1C31D0F84431984728B149
:1082400040F25B11354A364801F06AFDD4F8943D9E
:108250000221D3F888201868904718B14FF4AE7106
:10826000304AF0E7D4F8940D04EB450204EB8503A3
:10827000C76CB2F8F229D3F8A4190068B84718B14E
:108280004FF4AF71284ADEE72846FEF79BFA436FAA
:1082900003B198470EF0C5FD182303FB0545C6F84A
:1082A0008800D5F878381B1A002B1BDC96F89C3018
:1082B0000BB90EF0E4FD01200EF0E3FD96F8C4309A
:1082C000DBB10121204601F04DFB96F8C520D4F822
:1082D000943D52B11A6C18689047C0B140F27911C0
:1082E000124AB0E70EF09DFDD9E7DA6B18689047A7
:1082F00068B140F27D110E4AA5E7D4F8943D1A6AA0
:108300001868904718B14FF4C1710A4A9BE70EF004
:1083100088FDC4F8C40C03B0F0BD00BFBAB90100B9
:10832000A0BA01008CAB0100DCAB0100BCAC0100C9
:1083300001AD010044B20100F8B590F8445D044677
:108340002846FEF73FFAA42101FB05410646D4F872
:10835000940D4831D0F84431984728B14FF4C97191
:108360001E4A1F4801F0DCFCD4F8943DCC21D3F820
:1083700088201868904718B140F29311194AF0E725
:108380002846FEF71FFA436F03B1984718270EF0EF
:1083900048FD07FB0547C6F88800D7F878381B1A50
:1083A000002B12DC0EF06BFD00200EF06AFDA42203
:1083B00002FB0545D4F8943D696F5A6A18689047E6
:1083C00030B140F2A711084ACBE70EF02AFDE2E7F0
:1083D0000EF027FDC4F8C80CF8BD00BF07BA0100B5
:1083E000B9BA010011B001004DBA01002DE9F04FFA
:1083F000F7B0169001F08EFB1698FEF7E3F9012313
:1084000004460370202200211CA807F0FDF9E36850
:10841000A66A0393B54BA78D002E08BF1E4640F2F7
:10842000FF13002F08BF1F4641F60F53B4F82E90DC
:10843000B4F83080B9F1000F08BF994641F221032A
:10844000B8F1000F08BF984694F82130A422059394
:10845000E38800210C93638C4DA8069394F8243094
:1084600094F91050079394F8253094F826B00493AB
:10847000636994F827A00893A3690993E3690A93B1
:1084800094F820300B9307F0BFF923791793002B52
:1084900000F0D080089B8DF87CB01993099B8DF873
:1084A0007DA01A930A9B20961B930B9BADF8889096
:1084B0008DF87030069BADF88A80ADF87430079B5C
:1084C000ADF88C708DF87630049B8DF88E508DF859
:1084D0007730059B0DF59C7C8DF879300C9B0DF168
:1084E000640EADF87A30039B2193BEE80F00ACE830
:1084F0000F00BEE80F00ACE80F009EE80700002365
:108500008CE807009E469C4619461846CDE9143370
:10851000CDE91233CDE91033CDE90D330F93089A2D
:108520008DF862514E92099A5B914F920A9A8DF89A
:1085300050B150920B9A8DF851A18DF84421069AB2
:108540005596ADF84821079AADF85C918DF84A210F
:10855000049AADF85E818DF84B21059AADF86071F3
:108560008DF84D210C9A24ADADF84E21039A4DA9FA
:1085700056920E9ACDE959200F9A28468DF870210F
:10858000109AADF87AC1ADF87421119A8DF87CE19A
:108590008DF87621129A8DF87721139A8DF879212A
:1085A000149A8DF87D21159ACDE960230D9BA422A4
:1085B0006493F7F765FF182200214DA807F024F90E
:1085C000169B4B498DF834312379002B0CBF0122C7
:1085D0000422484B18BF0B468DF835214E9394F872
:1085E0007030003B18BF01238DF83E31A36E5093CD
:1085F000FEF7DEF82279D0F8943D002A72D134A833
:1086000030A9D3F8D03098475290FEF7D1F82379AB
:10861000002B71D0A26DE38800954DA900F036FEC5
:10862000044600286BD001F0EFFA0124204677B011
:10863000BDE8F08F089BB4F808C01993099B8DF82A
:108640007CB01A930A9B8DF87DA01B930B9B209600
:108650008DF87030069BADF88890ADF87430079BAC
:10866000ADF88A808DF87630049BADF88C708DF86B
:108670007730059B8DF88E508DF87930039BADF8DF
:108680007AC0219359AF19AD0FCD0FC70FCD0FC7CA
:1086900095E8070087E80700059A636B1392049A30
:1086A000CDE914A61292079A0D931192069A0346E9
:1086B000DDE9090110920B9ADE460F92089D0E9596
:1086C000179D2F46A846A9462E46AA46AB46CDE999
:1086D0000455CDE90655CDE90A55CDE90855039570
:1086E0000C951CE729A825A98BE700BFD2BA010089
:1086F000E581000039830000226E23898CE701F0B8
:1087000083FA93E72DE9F043B7B00E4614460021F3
:10871000A42207460DA83E9D984607F075F8202232
:10872000002105A807F070F801238DF8213025FA03
:1087300003F30293AB08CDE9033504230A968DF8C1
:10874000143019AD02AE0FCE0FC50FCE0FC596E88F
:108750000700249485E80700ADF8BC80FEF728F8F0
:1087600004460EF08CFB00200EF08BFBD4F8943DF9
:108770000021D3F890201868904720B16A21384A28
:10878000384801F0CDFAD4F8943D2199D3F88C20E3
:108790001868904710B16B21334AF1E7D4F8943D43
:1087A00019A9D3F8982018689047014610B16D2197
:1087B0002E4AE5E7D4F8943DD3F88820186890470E
:1087C00010B16F212A4ADBE7D4F8943D4FF0FF3116
:1087D0005A6A1868904710B17021264AD0E70EF007
:1087E00020FB00F108050EF01CFB281A0028FADC1B
:1087F0000EF017FBC4F8C80C0EF013FB0646D4F8B5
:10880000943D0DF10601D3F8C820186890478146C1
:1088100010B17B21184AB3E7BDF90620424507DBBA
:1088200007233C4484F8503A90B237B0BDE8F08357
:10883000249AB5180EF0F5FA2A1A002ADFDCD4F8CB
:10884000943D49469A691868904710B185210B4AB2
:1088500096E706233C44BDF8060084F8503AE4E766
:10886000D5BA010014BD010021BB01007DBB010090
:10887000E3BB010030BC010083BC0100C8BC0100A7
:108880002DE9F34790F8445D04462846FDF79AFF2A
:1088900090F89C300646C3B1A42101FB0541D0F8F5
:1088A000A820B0F9A4300092D0F8A020896A284608
:1088B000FFF728FF631993F8503A072B05D120469C
:1088C00002B0BDE8F0470EF07EBAA42715FB07F909
:1088D000D4F8943D09F11C08A0444146D3F8F42093
:1088E0001868904728B140F22D11314A314801F003
:1088F00017FA07FB0547D4F8943DBA6AD3F848A0A5
:1089000097F930101868D04718B140F22F112A4A51
:10891000ECE7D4F8943D40F20241D3F8882018687F
:10892000904718B14FF49971244ADFE704EB4501F1
:10893000B1F8F219D4F8940D7B8E019104EB850106
:10894000D1F8A41909F1A2020091D0F8F8704146BB
:1089500000682244B84718B14FF49A71184AC5E725
:108960000EF05FFA182303FB0545C6F88800D5F81A
:1089700078381B1A002B11DC96F89C300BB90EF0DE
:108980007EFA01200EF07DFAD4F8943D1A6A186838
:10899000904730B140F245110A4AA7E70EF041FA7C
:1089A000E3E70EF03EFAC4F8C40C02B0BDE8F0876D
:1089B00030BD0100D0BF01009EBD010053BE0100CB
:1089C000B9BE010044B20100F0B50746DBB001F0CA
:1089D000A1F83846FDF7F6FE02230370037904463A
:1089E0002BB901F011F9052420465BB0F0BD14222B
:1089F000002103A806F008FF94F90C308DF81C3014
:108A0000627B8DF80D20237C012A8DF81030E389DC
:108A10003A4A5BBAADF80E300CBF022303238DF83F
:108A200011306369002B08BF13460293A3680593B6
:108A3000A3698DF81830256A85B93195FDF7B8FE20
:108A4000D0F8943D31AAD3F80861186802A9B0475C
:108A500020B9319901390EF0F5F985B2A42200212F
:108A6000ADF81E5031A832AD02AE06F0CDFE0FCEED
:108A70000FC596E80300012385E8030008ADA42292
:108A800031A928468DF8C430F7F7FAFC0023029389
:108A9000FDF78EFED0F8940D09A9D0F80461627933
:108AA000006802ABB047014618B101F0ADF80124EF
:108AB0009AE712220DF1C60006F0A6FE06238DF8F5
:108AC000C5300F4B8DF8C470329394F87030003B72
:108AD00018BF01238DF8CE30A36E3493029B3693DA
:108AE000FDF766FE63790095A26D31A900F0CEFB1B
:108AF00004460028D9D101F087F875E7ECBF0100E2
:108B00008188000000B5B9B0444901A806F032FFE1
:108B100001A801F055F90023DC21414A01A806F023
:108B2000E5FE01A801F04CF90123DC213D4A01A832
:108B300006F0DCFE01A801F043F90323DC213A4AE8
:108B400001A806F0D3FE01A801F03AF90423DC21C4
:108B50000DEB0300354A06F0C9FE01A801F030F91B
:108B60000923DC21324A01A806F0C0FE01A801F069
:108B700027F90C23DC212F4A01A806F0B7FE01A833
:108B800001F01EF90223DC212B4A01A806F0AEFEFB
:108B900001A801F015F90A23DC21284A01A806F0F2
:108BA000A5FE01A801F00CF90B23DC21244A01A841
:108BB00006F09CFE01A801F003F90523DC21214AFF
:108BC00001A806F093FE01A801F0FAF80623DC21C3
:108BD0001D4A01A806F08AFE01A801F0F1F807235A
:108BE000DC211A4A01A806F081FE01A801F0E8F88C
:108BF0000823DC21164A01A806F078FE01A801F03E
:108C0000DFF80D23DC21134A01A806F06FFE01A84E
:108C100001F0D6F839B05DF804FB00BFF0BF0100E9
:108C200003C001001BC001003FC001005EC0010085
:108C30007FC001009DC00100C0C00100DAC001007A
:108C4000F7C0010014C1010031C1010045C101009C
:108C50005FC1010080C101000C2910B5044605D98F
:108C60004FF4C6610B4A0C4801F05AF800EB810141
:108C7000D1F85C3D1BB940F23561064AF3E70022AA
:108C800080F8532DD1F81C0A9847012384F8533DEE
:108C900010BD00BF58D4010010C901002DE9F04FEC
:108CA00090F8E46D0446BDB0002E40F03E820EF018
:108CB000B8F8182294F8443D054602FB034393F8A4
:108CC0007638A046022B0CBF4FF007094FF0000981
:108CD0002746B346DFF844A2914A97F87638012B2D
:108CE00024D1D7F87838EB1A002BC4BF05EB090361
:108CF000C7F87838D7F87C38E91A514516DD05F5FC
:108D0000FA60C7F8780887F876B887F8746805A815
:108D1000CDE901510093DC21334606F0E7FD05A8BB
:108D200001F04EF820460DF072FE7D4A01360D2E00
:108D300007F11807D1D1182394F8441D03FB014310
:108D400093F87628022A1DD193F86D38022B02D9A8
:108D5000113B012B16D8182303FB0143D4F8CC2D6B
:108D6000D3F878080232121A2A44C3F8802893F8FC
:108D700075283AB10022204683F8752883F87418C4
:108D80000DF045FE2346032104F59C7993F87628DF
:108D900032B9D3F87828521B002AB8BF83F8761866
:108DA00018339945F2D10026182704F60B2111F843
:108DB000013F07FB034090F87628012A3BD8D0F802
:108DC0007828521B002A38DB182106F60C26264488
:108DD000B44601FB034393F86C78D3F878E804F6C3
:108DE000182AE24533D1A24601FB074707F66C0774
:108DF0000FCFAAE80F006FF0160297E803008AE889
:108E0000030018216243B44544D1E26894F8443D1C
:108E1000521B4FD5A37A022B00F0A9801822D4F858
:108E2000383D0133C4F8383D237802FB0343032265
:108E300083F876289BE0022AC6D00136F6B20D2EC2
:108E4000B5D120463DB0BDE8F04F0DF013BE1CF883
:108E5000013F01FB034090F87628012A17D8D0F88B
:108E60007828521B002ABCDB01FB0343D3F87808A7
:108E7000D3F880280244A2EB0E0BBBF1000FB0DA4E
:108E8000521B002AA4BF864693F86C78A9E7022AF1
:108E9000A7D1E9E716F8013F01FB034393F87638C1
:108EA000012B01BF01FB06F3A3F56843A83B43F880
:108EB00002E0A8E7D4F8CC1D8A4258D8182606FB51
:108EC000034292F876782178022F40F0F68092F8EB
:108ED0006C0888424BD04FF0030A03F2663382F8E5
:108EE00076A854F8233000219A691868904728B171
:108EF00040F239310B4A0C4800F012FF94F8443D1F
:108F00000A4903F2663354F82330D3F880201868F6
:108F1000904778B140F23B31054AECE7C0D40100FC
:108F200094C10100E9C1010021C90100FEFF7F00D9
:108F30002CC2010084F8510D0DF0A3FF0DF0A0FF2D
:108F400094F844BD0DF06DFF5946024620460DF0E1
:108F5000D2FD237884F8443D0DF08FFF94F8443D12
:108F600006FB0343002800F0A58083F876A81823A9
:108F700094F8501D03FB0143D3F87828521B002AB4
:108F800010DDD4F8CC0D82420CD294F8902D012A39
:108F900008D122788A4205D093F8762812B90322A4
:108FA00083F87628182294F8443D02FB034393F893
:108FB0007638022B02D020460DF05CFD0DF031FF1B
:108FC000264605460327DFF868A196F876386BB980
:108FD000D6F878385B1B09D55246DC2186F87678BE
:108FE00005A806F083FC05A800F0EAFE1836B14596
:108FF000EBD122462B46D2F878181832C81A00282E
:10900000A8BF0B1D9145F6D10022FF2198F87608E4
:10901000012809D8D8F87808C61A002E04DA461BA9
:10902000002EA4BF0346D1B201320D2A08F1180860
:10903000ECD194F8440D221892F8C82A002A4BD09B
:10904000182202FB004292F87668022E44D100F208
:10905000B62654F82660D2F8782832440832D61A58
:10906000002E02DA561B002E34DAFF2932D0884255
:1090700008BF134694F8D02D1AB1D4F84C2D9A425B
:109080002CD00126C4F84C3D5B1BD4F8CC5D84F891
:10909000501D9D42C4F8483D84F8906D3FD25D1B41
:1090A00000F038FE22462846224900F00FFE84F8E0
:1090B000D06D16E083F8767859E784F8441D0DF0FA
:1090C000DCFE94F8443D06FB034300287FF4AFAE7A
:1090D0000222ADE613460146FF29CBD1002384F8D6
:1090E000903D182294F8443D02FB034292F8761812
:1090F00002291AD1E11891F8D10DB0B9012081F8F7
:10910000D10DD2F8702882B1204603F2663354F8AC
:109110002330C4F8943D3DB0BDE8F04F1047002324
:1091200084F8526D84F8D03DDBE73DB0BDE8F08FA8
:109130006DC20100FF6901002DE9F0414B78044642
:109140000F2B0F460D7871D0132B6FD000EB8506D7
:10915000D6F8980D05F2EC4304EB4501D0F85080A9
:10916000D6F8A429B1F8F219006804EB4303C0470C
:1091700028B140F2F9412F4A2F4800F0D1FD7B7809
:10918000F3B1092B1CD005D8012B2CD0022B3CD0DD
:1091900001204CE0113B012BFAD8A42202FB05432D
:1091A00002FB05411876D6F8983D8031D3F8BC20F3
:1091B00018689047002839D040F21E511F4ADBE75B
:1091C000A421012201FB054301FB05411A76D6F8D3
:1091D000983D8031D3F8C0201868904730B340F2F2
:1091E0000251174AC8E7A42101FB054301FB0541D1
:1091F0001876D6F8983D8031D3F8BC20186890478F
:10920000A0B140F20B510D4AB6E7A42101FB054283
:1092100011461376D6F8983D8031D3F8C4201868EB
:10922000904718B140F21451064AA5E70020BDE866
:10923000F08100BF9BC20100C3C80100CEC3010082
:1092400040C301005CC401000C2938B5044605D9AF
:109250004FF489710B4A0C4800F062FD00EB810568
:10926000D5F85C0D00B91AB940F21711054AF2E7BA
:109270000C440B2184F8501AC5F85C2DC5F81C3A33
:1092800038BD00BF58D4010041C901002DE9F04F9D
:109290000D7806460C2D0C4692469946B9B005D974
:1092A0004FF4A171444A454800F03AFD4B6823B1A0
:1092B00000EB850BDBF85C3D1BB940F247113E4AE1
:1092C000F1E78B7A012B03D94FF4A6713C4AEAE708
:1092D0000DF0A7FDA27AE36812B91A1A002A67DD19
:1092E000384A191A914201D9834263D8182303FBE3
:1092F000056393F87678022F0AD1334901A806F066
:1093000039FB01A800F05CFD384639B0BDE8F08FAC
:10931000042F06D02D4901A806F02CFB01A800F06F
:109320004FFD18270B2307FB056706EB050888F898
:10933000503A07F66C0C0FCCACE80F00A42294E86E
:1093400003008CE8030002FB056042991830F7F730
:1093500097F806EB4503CBF8A4A9A3F8F2990023EC
:1093600088F8D13D97F87538B3B105F10D0318228F
:1093700002FB0565DBB285F87438D5F878383046DD
:10938000C5F87C380DF043FB96F8513D13B996F8BB
:10939000543D4BB10027B7E797F8763803EB43020B
:1093A00003EB82032B44E2E73046FFF777FCF1E75B
:1093B0000327A9E70427A7E758D4010031C9010012
:1093C000EAC4010000512502F9C4010030C50100C2
:1093D0000C2938B5044605D940F28911164A1748B8
:1093E00000F09EFC182303FB010191F87638032B53
:1093F00015D8022B15D191F86D38142B04BF152305
:1094000081F86D38012380F8513D90F8445D0DF0EE
:1094100008FD04EB8505C5F8940A0DF011FD002048
:1094200038BD032381F8763890F8513D002BF6D1F2
:10943000FFF734FCF3E700BF58D4010002C9010074
:109440000C2910B505D940F2B511074A074800F0BC
:1094500067FC00EB8104D4F8944A0844146090F847
:10946000502A1A7010BD00BF58D40100F4C8010082
:109470002DE9F04190F8E43D0446C8B083B1D0F83E
:10948000E03D002B00F0A68090F8512D002A00F05E
:10949000A180002280F8512D48B0BDE8F041184766
:1094A000182290F8443D02FB030393F87628022A21
:1094B00018D193F86D28142A14D0D0F8581DB84A42
:1094C00091420FD0D3F878580DF0ABFC2D1A15F55A
:1094D000FA3F07D54FF4EE7194F8443DB14AB248D3
:1094E00000F01EFC94F8513D1BBB94F8522D002A4D
:1094F00070D084F8523D94F8443DE21892F8C82A9E
:10950000002A4ED0182202FB034203F2B623D2F8FF
:10951000785854F823301D440DF083FC2D1A082D83
:109520003FD5204694F8441D48B0BDE8F041FFF710
:109530004FBF182794F8445D07FB054696F8763828
:10954000022B00F2D48196F86D38142B2FD1112202
:10955000631983F8502A04EB85032946D3F8942A2B
:1095600020460DF0C8FA94F8441D002501F2663338
:1095700054F823302046C4F8943D012384F8515D0B
:1095800084F8543DFFF768FB94F8443D84F8545D3B
:1095900007FB034393F86D38152B1BD094F8513D0E
:1095A000C3B9204648B0BDE8F041FFF777BB0022C1
:1095B000152B039211D11223254485F8503A94F8C3
:1095C000441D631893F8503A0C2B40F01D81002382
:1095D00084F8513D48B0BDE8F0810E2BEFD004EB8C
:1095E0008507D7F8983D03A9D3F8842018689047D9
:1095F00028B140F2A7316D4A6D4800F091FB96F812
:109600006D28039B122A04EB05061ED113F00802F5
:1096100001D005231EE013F0C00F02D086F8502AB7
:10962000CDE75F0740F1EE801821042301FB0541DF
:10963000204686F8503A01F66C01FFF77DFD0128BF
:10964000BDD140F2BB31594AD6E79803C7F8603A1A
:1096500003D50D2386F8503AB1E7590301D50E23FF
:10966000F8E71A0329D50023049311938DF80B30E2
:10967000A42303FB0545D7F8980D0DF10B0895F8C9
:109680009810CDF80080D0F8407111AB006804AAA2
:10969000B84718B140F2D731464AADE7D5F89C300B
:1096A000119A5A60D5F89C3098F800201A72D5F8B3
:1096B0009C30049A1A600F23CCE713F4801210D068
:1096C000102386F8503AA423002203FB0543D3F865
:1096D0009C104A60D3F89C100A72D3F89C301A6030
:1096E0006DE713F0020135D0032386F8503A637812
:1096F000062B7FF464AFA42606FB0546D7F8983DF9
:109700001C363146D3F800811868C04718B140F2C2
:10971000ED31294A70E7ADF84400D7F8980D04EB15
:109720004501B1F8F229D0F80C513146006811AB6F
:10973000A84718B140F2F531204A5DE74FF47A733B
:10974000BDF84420B2FBF3F2D7F8943A9B1AC7F85D
:10975000943A34E713F0C00F02D086F8501A2EE77F
:1097600018073FF556AF590711D51821042301FBFF
:109770000541204686F8503A01F66C01FFF7DCFC03
:1097800001287FF41CAF40F20B41084A34E79A05E8
:1097900001D501235EE7D80512D502235AE700BFA1
:1097A000EE4B0DF056C50100E8C8010058D4010089
:1097B000D6C8010069C5010006C601008CC60100BB
:1097C000590517D5A4220C2315FB02F586F8503A4B
:1097D000D7F8983D05F1A2021C35D3F8FC60186853
:1097E00022446119B04700283FF4E9AE40F21A4123
:1097F000574A01E71A0501D508232BE7DB0401D5F9
:10980000092327E70A2325E704EB8103D3F8942AE9
:1098100020460DF070F994F8441D631893F8502A0F
:1098200001F26630022A4FF0180310D103FB014306
:1098300093F86D38082B12D154F820302046C4F824
:10984000943DFFF709FA002384F8513DA9E6012A67
:1098500005D103FB014393F86D38092BEBE7182280
:10986000002302FB014184F8533D91F86C28A518B0
:1098700002F2B62285F8C83A44F822300D2281F867
:109880006C280422C1F87838C1F87C38C1F88038D7
:1098900081F8762881F8753854F8203001215A690A
:1098A00018689047054620B140F22D21294A2A48E0
:1098B000A3E694F8441D204601F2663354F82330A1
:1098C000C4F8943DFFF7C8F920460DF0D3F8012302
:1098D000204684F8533D84F8515DFFF7DFF90020FE
:1098E0000DF0CFFA48B0BDE8F0410DF0C9BA04AEB2
:1098F00034220021304605F087FF4FF0000804F6BF
:10990000945504F6C8573146002384F8518D55F814
:10991000042F51F8040B904209D1AF42F3D10F4903
:1099200011A806F027F811A800F04AFAD7E758B9AD
:1099300046F8232001215369106898470028ECD08D
:109940004FF41271064AB2E701330D2BE1D1E4E77F
:1099500042C7010006C80100E8C8010095C801001F
:1099600039C801000029034B08BF0023C0F8583D47
:10997000704700BFEE4B0DF02DE9F3413A4E04461F
:1099800033680D46002B4DD05A78002A4AD01B78F8
:10999000022B47D00DF045FA36680746214630467F
:1099A0000DF107020DF020FA00283BD050229DF85F
:1099B00007804EF6602402FB0862137D11692B4A72
:1099C000012DB1FBF2F101FB12724FF03E01B2FB2F
:1099D000F4F4B4FBF1F001FB10444FF01E0103EB73
:1099E000540404F0FF04B4FBF1F001FB10442049DF
:1099F0008ABF6D08012501358A42E4B215D3502093
:109A000000FB08603C220021163005F0FDFE2823F3
:109A100003FB084306EB4303DD82502303FB086688
:109A20003761347502B0BDE8F081A34210D028211F
:109A3000002001FB08F10133DBB21E2B28BF0023FD
:109A4000CA18083206EB4202A342D080F3D1DEE707
:109A5000084B9A42DBD8282303FB084306EB430359
:109A6000DB8A1D44D3E700BF542E0020C0D4010080
:109A700080EE3600BFD40100054B1B7823B1054BA7
:109A8000054A1B68106818470122044B1A7070477A
:109A90009F0E00207C2E0020802E0020CC5801201C
:109AA000054B1B7823B1054B054A1B681068184706
:109AB0000122044B1A7070479F0E0020742E002064
:109AC000782E0020CB58012008B560B909497723CA
:109AD000094A0A480AF0ADFA09480AF0AAFA7721B9
:109AE00005480AF09DFA074A1060BDE80840FCF7F7
:109AF00047BE00BF99C901004EC90100E6970100A9
:109B0000A5C90100842E0020014803F055B800BF0C
:109B1000F80F0020F8B504F051FC0446EFF311876C
:109B2000202383F31288BFF36F8F2D4804F0B8FE13
:109B300068B988232B4A2C492C480AF07AFA28491C
:109B40002B480AF076FA882126480AF069FA294D4E
:109B5000234804F0C9FE2B78274EC3B13368A342D3
:109B600015D12B780133DBB22B701D4804F0A6FE13
:109B700080BB40F231131B4A20491C480AF059FAB5
:109B800017491F480AF055FA40F23111DCE7144832
:109B900004F094FE0028ECD087F31188BFF36F8F98
:109BA0004FF0FF324FF0FF33164802F045FEEFF35F
:109BB0001187202383F31288BFF36F8F084804F0C6
:109BC0006FFE0028B5D0064804F08EFE01232B70EE
:109BD0003460CAE787F31188BFF36F8FF8BD00BF09
:109BE0005C2E0020CB9B0100249C0100E697010025
:109BF000399C0100CA580120582E0020F89B010012
:109C00000F9C0100602E002010B5EFF3118420237B
:109C100083F31288BFF36F8F224804F041FE68B9C6
:109C20008823214A214922480AF003FA1D49214884
:109C30000AF0FFF988211C480AF0F2F9194804F0EB
:109C400053FE1D4A1378013BDBB21370137803F007
:109C5000FF02B3B1134804F031FE68B940F231138A
:109C6000114A164912480AF0E4F90E4914480AF05C
:109C7000E0F940F23111DEE784F31188BFF36F8F12
:109C800010BD104B07481A6004F018FE0028E5D0FC
:109C900084F31188BFF36F8FBDE810400A4802F0CB
:109CA0009BBE00BF5C2E0020CB9B0100249C0100CA
:109CB000E6970100399C0100CA580120F89B010079
:109CC0000F9C0100582E0020602E00200E4B37B54F
:109CD0001960044647F6122540F2E73000210B4B8D
:109CE000E4FB05011A604FF47A720023F7F7D0F90C
:109CF00002460B4600210020CDE90001044805F092
:109D000047F903B030BD00BF7C2E0020802E00201C
:109D1000800F002001480DF0F0BC00BF800F002034
:109D20000CB400B5C5B046AC54F8046B03460C4AFD
:109D3000009104A8FF2105F0D9FDC14323460394F7
:109D400004AC3246C5B2C9B254FA80F007F0B8FB91
:109D50002918C9B2204600F01DF80DF059F800BFCF
:109D6000C4C9010010B5074B074C1960074B0849DF
:109D7000186020680DF097F82068BDE8104000F0EA
:109D80002DB900BF782E0020842E0020742E0020D4
:109D9000A19A0000F22928BFF22108B5054B1970DD
:109DA0001A7801460448F6F76BFB0122034B1A7040
:109DB00008BD00BF11C2012012C2012010C2012043
:109DC00010B5044605F034FE431E07482344A34261
:109DD0001A4602D80023537010BD1178013B415C34
:109DE0000907F4D4F6E700BFB594010003460A461C
:109DF0002DE9F0411979DB880068134303F0300244
:109E0000302A0669D0E901470ED1324940F2E333E6
:109E1000314A32480AF00DF931480AF00AF940F2A5
:109E2000E3312D480AF0FCF82E4A2F4D1A40AA4281
:109E30000CD12E4940F2E733274A28480AF0F9F8B6
:109E40002B480AF0F6F840F2E731EAE703F00602A1
:109E5000042A09D1274940F2EA331F4A1F480AF071
:109E6000E8F840F2EA31DCE713F4402F13D09A030C
:109E70000CD4214940F2ED33174A18480AF0D9F8BA
:109E80001E480AF0D6F840F2ED31CAE71C4A9A4360
:109E900008BF83F44023012524688D40254223F424
:109EA00080120CD1174940F2FD330B4A0B480AF0DF
:109EB000C0F815480AF0BDF840F2FD31B1E734684A
:109EC000DB074CBF2C43AC4334603B68BDE8F0413A
:109ED000184700BFAD9701007C970100E69701008D
:109EE000039801000200030002000100CBC9010039
:109EF00018CA01004098010067CA0100B6CA0100F3
:109F000001001000EC9801002A9901002DE9F047AA
:109F100046680546076986B030680DF01BFB0028CF
:109F200054D04FF4803106F12000FFF75FFF041E8C
:109F300041DB4FF4B01106F11800FFF757FF041E84
:109F400039DB0123384687F8243096F93F30214920
:109F500087F8253040F8145B03F028F94FF000082B
:109F60004FF01409DFF870A096F82830984522DAEF
:109F7000F56A0DF1040C09FB08550FCDACE80F0094
:109F80002B689DF80550CCF80030012D1BD14FF403
:109F9000803103A8FFF72AFF041E0CDB9DF8103068
:109FA000039805FA03F3C7E902A38368391DDB6947
:109FB0002BB96FF00404204606B0BDE8F0872A46AE
:109FC00098470028F5D108F10108CDE76FF0150496
:109FD000F1E700BF856E01009F6E0100F8B5002417
:109FE0001426456895F82830A34200DCF8BDEA6ADB
:109FF00006FB04225378012B26D19068117B8768D9
:10A00000D0F804C0BF690269F7B1DCF800C08B402A
:10A0100013EA0C0F0ED10D494FF465730C4A0D482D
:10A020000AF007F80C480AF004F84FF46571084884
:10A0300009F0F6FF1268134214BF4FF000734FF09F
:10A0400080634FF0A072B8470134CBE7EC98010071
:10A050007C970100E69701002A990100034610B59C
:10A060000A4619790123006803FA01F1436804697B
:10A070001B6819420ED10E4940F28E630D4A0E48FC
:10A0800009F0D7FF0D4809F0D4FF40F28E6109486E
:10A0900009F0C6FF2368194218BF82F0010222B1FD
:10A0A0008368DB68BDE81040184783681B69F9E7DF
:10A0B000EC9801007C970100E69701002A990100C5
:10A0C0002DE9F74345680DF016FB4FF47A76A0FBB7
:10A0D000060447F6122206FB01410023F6F7D8FFDB
:10A0E000B04600F5122404F5F8640DF004FBA0FB63
:10A0F000080747F61222002306FB0171F6F7C8FF96
:10A10000844208D2002383F31188BFF36F8F0323A7
:10A11000184602DF25E0012795F82430286A9F4081
:10A1200043681B681F420ED10F4940F235630F4A46
:10A130000F4809F07EFF0F4809F07BFF40F23561C0
:10A140000A4809F06DFFD0F81090836801A95B6898
:10A1500098470028C9D1D9F80020019B53403B42C1
:10A16000C3D103B0BDE8F083EC9801007C970100F7
:10A17000E69701002A99010010B5054C4068A142FC
:10A1800094BF00210121117090F840201A7010BD79
:10A19000FF2E685970B50D46064614460CF0B9FFFF
:10A1A00069681E4A95F9003091427268184492F825
:10A1B000413040B263711AD90C286FF01003A8BF68
:10A1C0000C209842B8BF18463321032313FB001319
:10A1D0000121926C072621700021D5186170E6706C
:10A1E000A17069782171D356E071A37170BD1628F2
:10A1F0006FF00903A8BF16209842B8BF18461E2169
:10A200000323002513FB0013526C2570D1186570D1
:10A210008D78E5704978A1701021E3E7FF2E685929
:10A22000064BD3F840231C2A05D1D3F84403431E20
:10A230005842584170470020704700BF00C0FF00DF
:10A2400003689A070CD50368DB070DD50922074B75
:10A25000C3F80C250F22C3F8042501221A60FEE77B
:10A26000034B0360EF3B0360704700BF008010505A
:10A27000F000FA50012208B5334B3448C3F80028E7
:10A28000FFF7DEFF0830FFF7DBFF0830FFF7D8FFEE
:10A290000830FFF7D5FF00F5F470FFF7D1FF2C4A27
:10A2A000D2F88C3043F44063C2F88C300022D300E3
:10A2B00003F57F0303F54043D3F8001401310AD0BE
:10A2C000D3F8001439B1D3F800140132D3F80434B0
:10A2D000402A0B60EBD11C4BD3F840247AB3FFF734
:10A2E0009FFF48B11B4BD3F834231B4B9A429EBFB0
:10A2F000154B1A4AC3F84026FFF792FF18B1184BC6
:10A30000184AC3F8AC27FFF78BFF48B134220E4B35
:10A31000C3F82426D3F83C2622F40022C3F83C26B6
:10A320000323114A0A49C2F81835D1F88C3043F496
:10A330004063C1F88C300023C2F8A03508BDC822A4
:10A34000C3F84024CBE700BF0000125000C50D50F9
:10A3500000ED00E000C0FF00001D0A1840E0A91E4B
:10A3600000A0085078000A0400B0045030B504681A
:10A37000ACB1B4FA84F30122C3F11F03DBB29A40FB
:10A3800024EA0202D0E8EF5FA54204D1C0E8EC2F36
:10A39000BCF1000FF6D1EAD102480B7030BD024883
:10A3A000FCE700BF0000AD0B0200AD0B10B5036869
:10A3B000CB40DB0710D401238B40026843EA020143
:10A3C000D0E8EF4F944204D1C0E8EC1FBCF1000F7D
:10A3D000F6D1F2D1014810BD0148FCE70000AD0BF9
:10A3E0000400AD0BF7B5064668B101283DD03B49E6
:10A3F0003B484FF482733B4A09F01BFE4FF48271D5
:10A40000384809F00DFE14224FF4847304203649B5
:10A410000024C1F80803012002F1A04203F1A04387
:10A4200003F5871302F5871210601C601B682F4B21
:10A43000D3F840331C2B1DD0864201D10DF1070407
:10A44000002342F21075284F8DF80730002E36D0C9
:10A45000012E19D02149224840F2DC43244A09F058
:10A46000E8FD40F2DC412248CBE704224FF4807340
:10A470007120CCE7012EE3D1CE60DFE763B301208A
:10A480000CF0FCFE013D27D0D7F80C3403F48033E8
:10A49000002CF3D0002B0CBF0123002323701BD012
:10A4A0009DF80730C3B901200CF0E8FE013DCDD185
:10A4B00012E08BB101200CF0E1FE013D0CD0D7F889
:10A4C0004C3403F48033002CF3D0D7F84C2402F042
:10A4D00003022270002BE3D103B0F0BDB4CA010027
:10A4E000E6970100F8CA010000E0105000C0FF002C
:10A4F00035CB0100044B1A7922B9012218601A7178
:10A500000248704702487047B02E00200000AD0B93
:10A510000C00AD0B08B5114B1A795AB91049114806
:10A520004FF4B173104A09F084FD4FF4B1710E4835
:10A5300009F076FD1B6843B140F20510F9F7ECFC19
:10A5400018B940F20510F9F7C5FC0022074BC3F813
:10A5500040240122064B1A7008BD00BFB02E002017
:10A5600069CB0100E6970100F8CA010000E0105035
:10A57000CD58012038B53E4C23795BB93D494FF4A5
:10A58000DA733D4A3D4809F054FD4FF4DA713A4818
:10A5900009F046FD3A4B58B101284AD039494FF4E9
:10A5A0000473354A354809F044FD4FF40471EEE771
:10A5B000D3F84C14D3F84C24C80322D502F003037B
:10A5C000012B04D013B10020FFF70CFF00232C4A0D
:10A5D0000420C2F8403410224FF48473002103F1A8
:10A5E000A04303F5871319601D68012502F1A042FD
:10A5F00002F58712156022689AB3214BC3F8040351
:10A600000CE0D3F84824D107E0D5D3F850249207C2
:10A61000D9D422681AB10422C3F8042338BDD3F870
:10A620000821002AFBD00022C3F80821D3F8083102
:10A63000F4E70022C3F81021D3F81011C3F8182151
:10A64000D3F81811C3F81421D3F814210E4AD2F804
:10A6500040231C2A00D1986000224FF4807371209F
:10A66000BCE71A68002AFCD019601B68D6E700BF57
:10A67000B02E002069CB0100F8CA0100E697010066
:10A6800000E01050B4CA010000C0FF0008B5094B3B
:10A690001B795BB90849094840F22A23084A09F0A6
:10A6A000C8FC40F22A21064809F0BAFCBDE808407F
:10A6B000FFF798BEB02E002069CB0100E69701009D
:10A6C000F8CA010070B50025264C274ED4F80C338B
:10A6D00003B970BDB3FA83F3C3F11F039A0002F507
:10A6E000807292B202F1A04202F5871215601268E0
:10A6F0000122D8B202FA03F3DBB2102BC4F80833FC
:10A7000024D00FD8934229D0042B11D017491848D0
:10A7100040F28D33174A09F08CFC40F28D31154818
:10A7200009F07EFC202B19D0402BEFD1757115E07C
:10A73000D4F84C14D4F84C1489070FD1C4F8402431
:10A74000C4F804332261D4F80C33C1E77571C4F83E
:10A750001451D4F814312023C4F8043333689847D3
:10A76000F1E700BF00E01050B02E0020B4CA010095
:10A77000E6970100F8CA01001022054911F8013DD1
:10A78000013A01330B701B0A01D0002AF6D1704741
:10A7900050100020254B90B004931123244A2549E2
:10A7A000CDE9062308AB059340F61102224BCDE913
:10A7B0000A12089320330C9321230CAA09921F4AF2
:10A7C0000090CDE90E230123CDE901320D93202322
:10A7D0001B4A0393D2F8003443F00103C2F800345B
:10A7E0004FF0A34304AA1A600322C3F810D05A639F
:10A7F000BFF35F8F9A639A6A12F0240F12D1D86B5D
:10A8000010F02300F7D14FF0A34310225A63002227
:10A810005A630B4AD2F8003423F00103C2F8003423
:10A8200010B070474FF0FF30EDE700BF5C940100BF
:10A830000400002020000020201000201000002034
:10A84000008004502DE9F04104464FF000088CB020
:10A850006E4608EB0600FFF78FFFFFF79BFF3546BC
:10A86000074648BB08F11008B8F1300FF0D184B9A1
:10A870000FCD134C0FC495E80F0084E80F0010347F
:10A880000CAB13E90F0084E80F0038460CB0BDE8AC
:10A89000F08116F1310F8CBF01230D2303F18043AA
:10A8A000013B04EB83039C42E2D0316854F8042B53
:10A8B0004A4046F8042BF6E74FF0FF37E5E700BFC4
:10A8C00020100020F0B500204FF480744FF4007584
:10A8D0002C4A2D4ED2F800348DB043F00203C2F85A
:10A8E00000342A4B00211C60186458645D631E60AC
:10A8F0001A6B12F00E0FC2F34207F9D0052FF1D0F8
:10A9000071B95A68032AF3D9D3F880201A61D3F8B1
:10A9100080205A61D3F880209A61D3F88020DA61D0
:10A920005A68012192002F2AE2D9D3F880206B4681
:10A9300030211846154C1D1D03F8012B9D424FEA8E
:10A94000122201F1FF3115D00029F5D10123104C5D
:10A950000C4A84F83930D2F8003423F00203C2F8EC
:10A960000034FFF76FFF50B901220023C4E90C2324
:10A970000DB0F0BD0029E9D0D4F88020DBE74FF01E
:10A98000FF30F5E700800450010004000010805102
:10A990002010002010B50B4C94F83830012B0CD04F
:10A9A00040220021204604F02FFFFFF78BFF30B933
:10A9B0000123054884F8383010BD0448FCE70448FA
:10A9C000FAE700BF201000200000AD0B0C00AD0B1B
:10A9D0000100AD0BF0B5234D064695F838300C4616
:10A9E00085B05BB9204921484FF4FD73204A09F036
:10A9F00020FB4FF4FD711E4809F012FB19B170B332
:10AA0000B1F5803F2BD86B6BB3F5803F17D3FFF7C1
:10AA100059FFA0B1174805B0F0BD102C6846274675
:10AA200028BF1027FFF7A8FEFFF7B4FE0028F1D1DA
:10AA300030463A466946F5F723FDE41B3E44002CB8
:10AA4000EBD12046FFF7FEFE0028E3D1D5E90C321A
:10AA5000013342F10002C5E90C320748DBE7074841
:10AA6000D9E700BF20100020C5CB0100E697010008
:10AA700087CB01000100AD0B0000AD0B0400AD0B56
:10AA80005F2898BF074B4FEA50129FBF53F8223000
:10AA900000F01F0023FA00F000F0010088BF002042
:10AAA000704700BF6C940100034A4309D35C00F077
:10AAB0001F001844C0B27047E8CC010070B50546CD
:10AAC0000846FFF7F1FF36212A791E4B01FB0202EF
:10AAD000083233F81200C10526D56C240026C0F3D5
:10AAE000432120F4F85023F812002A7904FB0234A1
:10AAF0000E3434F8020F10F4807F03D0C0F34320EB
:10AB0000814211D00136232EF3D16C200024424320
:10AB100002EBC1029C502A7900FB02306030FFF743
:10AB200045FC094B984200D170BD084908484FF4D4
:10AB3000DC73084A09F07DFA4FF4DC71054809F02E
:10AB40006FFA00BF400C00200000AD0BD3A2010043
:10AB5000E697010035CC010010B5016804460846AF
:10AB6000FFF78EFF58B9104940F2C7330F4A10481B
:10AB700009F05FFA40F2C7310C4809F051FA01F0D0
:10AB80001F035F2923604FEA511209D909494FF485
:10AB90007473064A064809F04CFA4FF47471EBE7F7
:10ABA000054B53F8220010BD84A2010051A2010000
:10ABB000E6970100B4CA010060940100072808B5B7
:10ABC0000BD90849084840F2CF33084A09F031FA56
:10ABD00040F2CF31054809F023FA800000F580707B
:10ABE00008BD00BF2BCC0100E6970100F6CB0100A9
:10ABF000F0B50646002487B0114F019117F8012BDC
:10AC000006AB03EBD20313F8143C02F00702D34067
:10AC100013F0010306D10134032CEFD100231846B1
:10AC200007B0F0BD074A03AD07CA85E8070055F82D
:10AC300024100A6A46F824200A62002AEBD0EEE7C4
:10AC4000F8CC0100E083010010B504460846FFF788
:10AC50002BFF362303FB0400024B083033F81000AF
:10AC6000400B10BD400C002010B504460846FFF70D
:10AC70001BFF362303FB0400034B083033F810009E
:10AC8000C0F3400010BD00BF400C002010B50446CA
:10AC90000846FFF709FF362303FB0400044B083086
:10ACA00033F8100010F01C0018BF012010BD00BFC9
:10ACB000400C002010B504460846FFF7F5FE362389
:10ACC00003FB0400034B083033F81000C0F34010BE
:10ACD00010BD00BF400C002010B504460846FFF729
:10ACE000CFFE58B91B4940F2E5131B4A1B4809F037
:10ACF000A0F940F2E511184809F092F924792046AC
:10AD0000FFF7B2FF48B116494FF4F373124A1348E4
:10AD100009F08FF94FF4F371EDE72046FFF7B6FF26
:10AD200048B9104940F2E7130B4A0C4809F081F981
:10AD300040F2E711DFE72046FFF7BCFF30B12046C5
:10AD4000FFF782FFBDE81040FFF738BF4FF4A27055
:10AD500010BD00BF73CC010035CC0100E6970100A7
:10AD600094CC0100B2CC010010B504460846FFF7B0
:10AD70009BFE362303FB0400034B083033F810001E
:10AD800000F0010010BD00BF400C00202DE9F04F85
:10AD90000D46D0F8141387B0C9B241F40031AA6D42
:10ADA00000900CF0F4FA810306462ED50023696E5C
:10ADB00003A8CDE903330593FFF71AFFDFF868A175
:10ADC000DFF868B10DF10C091AF8013B05EBD3026D
:10ADD00092F8642003F0070322FA03F3DA076AD437
:10ADE000534B09F1040953450BF1010BECD14FF41E
:10ADF0000031002200980CF0CAFA696E03A8FFF730
:10AE0000F7FE0028DAD126F400360124002E73D193
:10AE100007B0BDE8F08F91FAA1F1B1FA81F19BF88A
:10AE2000004041EA44142046FFF73EFE083035F862
:10AE30001080C8084FEA98030193012319F80020F5
:10AE400001F0070103FA01F122EA010209F80020EA
:10AE500002A80294FFF780FE029A019B203250F86C
:10AE60002220C8F382075B07B846C2F3014227D508
:10AE700021462846D7B242460CF002FA02A80294B4
:10AE8000FFF76AFE029B203350F82330C3F30143DF
:10AE90009F4207D1002120460CF05EFA3946204639
:10AEA0000CF05AFA02A80294FFF756FE0122029B08
:10AEB00002FA03F30362D9F800100029ABD18FE73F
:10AEC000022A0DD1032120460CF046FA07F00503B3
:10AED000012BE7D14246214628460CF0D1F9E1E7A3
:10AEE0000221204601920CF037FA032FF2D0019A8A
:10AEF000032AD7D1022FECE796FAA6F3B3FA83F32D
:10AF000004FA03F226EA0206009A284602EB8303BB
:10AF1000D3F81015D3F81025C1F30811C2F301427C
:10AF20000CF0AEF972E700BFF8CC0100F8CC0100DC
:10AF3000FBCC0100F7B5044600790D46FFF714FF7E
:10AF4000002836D020460CF04EFA2779294638469C
:10AF5000FFF7B0FE58B13846FFF776FE00222668AC
:10AF600000B206EB8003C3F81025C3F8102529466C
:10AF70002046FFF7A3FD2846FFF796FD36222379EA
:10AF8000019502FB030000220B4B083023F8102030
:10AF900001A8FFF7E1FD019B00EB8300D0F88020C2
:10AFA000064B134043F00203C0F88030044803B05E
:10AFB000F0BD0448FBE700BF400C0020F0F0FCFFB0
:10AFC0000000AD0B0400AD0B2DE9FF47174604460A
:10AFD0000846FFF769FD3E68884605463EB32046B1
:10AFE0000CF0C9F998BB3346CDE900008DF80E008E
:10AFF0008DF80F000DF10F0240460DF10E010CF01F
:10B000005EF936202379654A00FB0353083332F892
:10B01000131021F0020122F81310237900FB0353CF
:10B02000083332F8131041F0010122F813107B6845
:10B03000002B45D026794146304693F80090D3F84E
:10B0400004A0FFF711FE20B1BAF1000F22D054483E
:10B0500039E04FF0360C0CFB06565049083631F8F3
:10B06000163023F4604323F0200321F81630BAF1A0
:10B07000000F0FD0B9F1030FE9D87B6826685B6831
:10B08000187806EB8006B9F1000F1FD1C6F81095AD
:10B09000C6F8109536202379404A00FB0353083345
:10B0A00032F8131021F01C0122F81310237900FB51
:10B0B0000353083332F8131041EA890122F81310C0
:10B0C000BB6863BB374804B0BDE8F087D6F81025ED
:10B0D00022F00302C6F81025226802EB8003D3F8A1
:10B0E000102522F4473222F47C72C3F8102541F671
:10B0F000F072D3F8106502EA081242EA09423243BC
:10B10000C3F8102523790CFB0353083331F81320BF
:10B1100042EA403242F0200221F81320BAE74146C9
:10B12000D3E900972046FFF7C9FCB9F1000FC9D059
:10B130006C232079194E4343F218F358994504D1F2
:10B1400053689F4201D100210CE06C2303FB006097
:10B150000DF10F016030FFF709F9124B9842B2D19F
:10B160009DF80F106C222379534303EBC10346F87B
:10B17000039023795343362203EBC10333445F60CA
:10B18000237902FB0353083336F8132042EA4122A5
:10B1900042F4807226F8132094E700BF400C002090
:10B1A0000400AD0B0000AD0B2DE9F043054685B062
:10B1B000084690461F46FFF777FC0E460446B8F156
:10B1C000000F2DD095F804904846FFF74DFD18B9B3
:10B1D0004846FFF76FFD50BB31464846FFF756FD26
:10B1E00018B198F80130012B21D001238DF80F30D0
:10B1F000002308F10102CDE900830DF10F0108F1F0
:10B20000020330460CF05BF836222B792F4902FB03
:10B210000343083331F8132042F0030221F81320CE
:10B22000002F50D031462879FFF71EFD18B9284865
:10B2300005B0BDE8F08300214FF0360E38782B685A
:10B24000820003EB8003C3F81015C3F810152B79A7
:10B250001E490EFB0343083331F813C02CF4604C35
:10B260002CF0200C21F813C097F801C0BCF1000F9E
:10B2700029D02B68BF781A44D2F81085154B4FEAB5
:10B280000C4C08EA0303C2F8103541F6F0730CF4D5
:10B29000403C03EA06133F05D2F8108543EA0C034D
:10B2A00007F480173B4343EA0803C2F810352B79B3
:10B2B0000EFB0344083431F8143043EA403343F0C2
:10B2C000200321F814300448B2E700BF400C0020EE
:10B2D0000400AD0B0FE0ECFF0000AD0B30B56C25AA
:10B2E0000479044B05FB0434A160017905FB0133AB
:10B2F000DA6030BD400C002070B514465AB91049D0
:10B30000104840F20D33104A08F093FE40F20D3120
:10B310000D4808F085FE06793046FFF7CBFC68B192
:10B320000846FFF7C1FB362303FB0600074B083036
:10B3300033F8103006485B0B237070BD0548FCE7FE
:10B34000D3CC0100E697010035CC0100400C002071
:10B350000000AD0B0400AD0B2DE9F843054607795D
:10B360006C201A4E00FB076898F8684064BB4046A2
:10B37000A14646222146103004F046FA2D68D8F83E
:10B380005880A04513D10023C5F30830C5F84431D7
:10B390000130D5F84431F8F79DFD6C2303FB0766B7
:10B3A00001230B4886F868303366BDE8F883E0B2C5
:10B3B000FFF704FCA0F580739B08112B04BF45F830
:10B3C00000902B580134DCE70248EEE7400C0020E7
:10B3D0000000AD0B0C00AD0B6C210279044B01FB9E
:10B3E000023393F86800003818BF0120704700BF8F
:10B3F000400C00206C235C22007913FB00230248E0
:10B400001844FEF7D3BF00BF400C00206C235C2221
:10B41000007913FB002302481844FEF7A7BF00BFC2
:10B42000400C00202DE9F341044600790D461746F3
:10B43000FFF72CFC58B9354940F2FA33344A354805
:10B4400008F0F7FD40F2FA31314808F0E9FD2368D1
:10B45000D3F8142392035CBF4FF40032C3F81423D3
:10B4600026793046FFF726FC08B33046FFF7FCFB91
:10B470008046E0B93046FFF7E7FB0546FFF79EFB45
:10B4800026682AB246F800803358236803EB82030B
:10B49000D3F8102542F00102C3F8102527B101238B
:10B4A0002268AB40C2F8143302B0BDE8F0814FB956
:10B4B000194940F20E43164A164808F0BAFD40F208
:10B4C0000E41C1E72846FFF7EFFA362303FB0600DB
:10B4D000124B083033F81030C3F38203042B11D021
:10B4E000052B11D001A80195FFF736FB019BC16820
:10B4F000D94001F001010231284602B0BDE8F04117
:10B500000BF02ABF0321F7E70221F5E7B2CC0100D7
:10B5100035CC0100E6970100DDCC0100400C002095
:10B5200001490248FFF732BC400C002000A00D503A
:10B5300001490248FFF72ABCAC0C002000C01050A3
:10B5400008B5154B027AD3F8101521F001010A4312
:10B55000C3F810250268B2F5803F0BD30F4940F2C3
:10B560001C730F4A0F4808F064FD40F21C710C4830
:10B5700008F056FDC3F8A4264268FF2A09D90A49F3
:10B5800040F22773064A074808F053FD40F227713E
:10B59000EDE7C3F8AC2608BD00200E502ECD01000B
:10B5A000FBCC0100E697010056CD01000B2808B541
:10B5B0000BD90A490A4840F2BB630A4A08F039FD30
:10B5C00040F2BB61074808F02BFD0023000100F1A9
:10B5D000A04000F56220C0F82C3508BD7CCD0100EC
:10B5E000E6970100FBCC010070B5044648B910494C
:10B5F0001048CD23104A08F01CFDCD210E4808F05C
:10B600000FFD0E4E007A331893F85450FFF7CEFF1B
:10B610000C2303FB05632268DA6062681A61012269
:10B62000217A1975B3688A401343B36070BD00BFB7
:10B63000CCCD0100E697010090CD0100080000206C
:10B640000B2808B50BD90B490B4840F28E430B4A27
:10B6500008F0EFFC40F28E41084808F0E1FC0001E0
:10B6600000F1A04000F56220D0F82415D0F82005A4
:10B6700008BD00BF7CCD0100E6970100FBCC0100B6
:10B680000B2808B50BD9114940F27E43104A1148E6
:10B6900008F0CFFC40F27E410D4808F0C1FCB3F544
:10B6A000801F09D30C4940F28443094A094808F035
:10B6B000C0FC40F28441EFE7000100F1A04000F53A
:10B6C0006220C0F82025C0F8243508BD7CCD0100DB
:10B6D000FBCC0100E6970100D8CD0100012303FA5D
:10B6E00000F010F0670F0AD0064B5B68DB4303F0F5
:10B6F00067030342044B054818BF184670470448C7
:10B70000704700BF080000200000AD0B0400AD0B27
:10B710000800AD0B2DE9F0481B4B1B78012B0BD01B
:10B720001A494FF48B731A4A1A4808F082FC4FF4F6
:10B730008B71174808F074FC48B9174940F2171389
:10B74000134A144808F075FC40F21711F1E7EFF3C3
:10B750001181202383F31288BFF36F8F4FF0FF35E1
:10B760006FF040440D4ED6E900BC5D4574EB0C070C
:10B77000F9D3CCF31303C0E900B381F31188BFF30D
:10B780006F8F0748BDE8F08808000020F5CD010064
:10B7900090CD0100E69701001ECE010040270E501B
:10B7A0000000AD0BF0B54F4D85B02C78002C40F06B
:10B7B00095804D4A01AB07CA83E807004B491846FC
:10B7C000D1F8102522F00202C1F81025FFF7B8FECB
:10B7D0000723672202F001012144013BCCB24FEA6A
:10B7E0005202F7D1052C7BD119464FF0010C3D4E8A
:10B7F00000246720CFB204E00CFA02F220EA020033
:10B80000013490FAA0F25FFA84FEBE45B2FA82F2E9
:10B81000F2D30131327505292A4482F8547006F1B9
:10B820000C06E5D10121002431489A0801FA02F200
:10B8300012F0670F18BF1C500433302BF5D1E420F1
:10B84000F8F748FB294B0124D3F810255D2022F09E
:10B850000202C3F8102540F6FF72C3F82823002225
:10B86000C3F88021C3F88020C3F88421C3F8842062
:10B87000C3F88821C3F88820C3F88C21C3F88C2032
:10B88000C3F89021C3F89020C3F89421C3F8942002
:10B89000C3F89821C3F89820C3F89C21C3F89C20D2
:10B8A000C3F8A021C3F8A020C3F8A421C3F8A420A2
:10B8B000C3F8A821C3F8A820C3F8AC21C3F8AC2072
:10B8C0001C660C4B0C4A1B68B3FBF2F358430B4B42
:10B8D000234398470A482C7005B0F0BD0948FBE7A0
:10B8E0000948F9E708000020EC83010000200E5011
:10B8F00000210E503C0C002040420F00108401003B
:10B900000000AD0B0C00AD0B0100AD0BF7B53D4CCD
:10B91000064623780D46012B0BD03B4940F21323FA
:10B920003A4A3B4808F085FB40F21321374808F0BB
:10B9300077FB49B937494FF40573344A344808F066
:10B9400078FB4FF40571F1E7277D4FB1324940F2A2
:10B9500015232E4A2E4808F06CFB40F21521E5E72E
:10B96000636804F1140103F0010301A80193FEF7D9
:10B97000FDFC2A4B98423CD12F70636823F00103F1
:10B980006360A36843F00103A360254BD3F810253F
:10B99000950732D4D3F8102542F00202C3F81025DF
:10B9A000C6B1D3F8482712F0010202BFD3F84817F6
:10B9B00041F00101C3F84817194BD3F84017D3F8E9
:10B9C00044174C00F9D42AB9D3F8482722F00102D1
:10B9D000C3F84827134B144A1B68B3FBF2F3104A11
:10B9E00003EB43135BB1D2F84017D2F84417490078
:10B9F00001D403B0F0BD013BF4E70C48F9E70C4873
:10BA0000F7E700BF08000020F5CD010090CD010050
:10BA1000E697010028CE01003ACE01000000AD0BF0
:10BA200000200E503C0C002040420F000C00AD0BDB
:10BA30000700AD0B2DE9F0472A4D1F462B78044631
:10BA400090469DF820905BB9274940F2F623274A9B
:10BA5000274808F0EEFA40F2F621244808F0E0FA10
:10BA600048B9244940F2F723204A214808F0E1FA76
:10BA700040F2F721F1E7007AFFF730FE1E4B064651
:10BA800098422CD12046FFF7AFFDEFF3118A202317
:10BA900083F31288BFF36F8F227A184B92001344FE
:10BAA00000221A60207A42463B46FFF7E9FD8AF3FE
:10BAB0001188BFF36F8FB9F1000F10D00123227AE4
:10BAC000883503FA02F2D5E8EF1F1143C5E8E01FFD
:10BAD0000028F8D1227A9340094AC2F8243330462C
:10BAE000BDE8F087080000205CCE010090CD010089
:10BAF000E6970100CCCD01000000AD0B00210E50F7
:10BB000000200E502DE9F7432C4B2D4FD3F82C631A
:10BB100007F1880916B903B0BDE8F08396FAA6F8D4
:10BB20000123B8FA88F803FA08F3D94326EA030692
:10BB300007EB080393F854500C2303FB0573187D9F
:10BB400040450BD01F49204840F2B7331F4A08F048
:10BB500070FA40F2B7311D4808F062FA1C4CDB68FD
:10BB60004FEA880214441BB3D9E8EF3F03EA01020D
:10BB7000C9E8EC2FBCF1000FF6D123FA08F3DB077C
:10BB800011D5FFF75DFD02460B4621680029C1D0A3
:10BB9000002121600C2101FB0575296940460091B7
:10BBA000E9688847B6E707EBC503D3E91823ECE754
:10BBB0002268002AAED02360ACE700BF00200E5000
:10BBC0000800002087CE0100E697010090CD01001B
:10BBD00000210E5010B5294BD3F80443E10417D5CA
:10BBE000D3F83021A2B10022C3F83021D3F830318C
:10BBF000234B1B685BB923494FF4BA73224A23488D
:10BC000008F017FA4FF4BA711F4808F009FA98477C
:10BC1000A20416D5194BD3F8342192B10020C3F8F1
:10BC20003401D3F834311A4B1B684BB9194940F22F
:10BC30007D13154A154808F0FCF940F27D11E3E741
:10BC40009847630419D50D4BD3F83821AAB10022C7
:10BC5000C3F83821D3F838310D4B1B684BB90D4967
:10BC60004FF4C273084A094808F0E3F94FF4C2716F
:10BC7000CAE70120BDE81040184710BD00E0105091
:10BC8000BC2E0020F1CE0100ABCE0100E6970100F2
:10BC9000B82E002012CF010008B503685F2B4FEAD1
:10BCA000531107D80C4A03F01F0352F82120DA4041
:10BCB000D2070BD409490A4840F2C733094A08F0B1
:10BCC000B8F940F2C731074808F0AAF90360064BFB
:10BCD00053F8210008BD00BF8494010084A2010034
:10BCE000E697010051A201007894010073B5144653
:10BCF000421C06460D4618D0012902D1BBB10BF0FB
:10BD00000DFC01A80196FFF7C7FF019B094A00EB54
:10BD10008300D0F88010A30043EA45032B430A4078
:10BD2000134343F4A063C0F8803002B070BD0BF041
:10BD300001FCE6E7F0F0FCFF03460E4A10B50E48A2
:10BD40000E4CA34218BF1046B0FBF1F201FB1200EB
:10BD500082420DD912F001000AD17E2A07D8A342EF
:10BD600014BF022304239A4234BF0020012010BDD7
:10BD70000020FCE70024F4000020A10700A00450EC
:10BD80002DE9F74F91F8213006460C4690F804A0B3
:10BD9000002B00F0A7804FF0010891F82290326844
:10BDA0007E487F4D7F496369824208BF0D46B5FBDF
:10BDB000F3F57D4B7D4FD3F840331C2B14D1022D6E
:10BDC00040F29480237E13F0FD0F40F08F806B08CB
:10BDD0000133DBB2994538BF9946242303FB0A732C
:10BDE0009A7F42F008029A77242202FB0A7394F8A1
:10BDF0002300997F60F3000199773379217C02FB5E
:10BE000003739A7F61F341029A7794F823B0BBF1F0
:10BE1000000F23D1237E5A46012B94BF0023012318
:10BE200001212068FFF762FF5B465A4601216068E6
:10BE3000FFF75CFF5B465946A27EA068FFF756FFFE
:10BE4000237C5A460121E06883F00103FFF74EFF8F
:10BE500001235A461946E069FFF748FF2423B8F149
:10BE6000000F4AD04FF0FF3203FB0A731A62A07C26
:10BE7000217E627ED4F80CC094F8108094F824E0FF
:10BE800094F820A03368BEF1000F16D1D4E900BEAB
:10BE9000CDF804E0D4F808E0E469C3F800B6DDF8B2
:10BEA00004B0C3F804B6C3F808E6C3F80C46C3F8F8
:10BEB00010C6C3F8B885C3F8B095C3F8C0053748B5
:10BEC00083420CBF04200220854228D238494FF417
:10BED0009C63384A384808F0ACF84FF49C61354808
:10BEE00008F09EF898464FF0020958E7242303FB18
:10BEF0000A739A7F6FF3C30275E703FB0A7AE2685D
:10BF00009AF81E30CAF82020227C4FF0FF3C62F3E2
:10BF100041038AF81E30A07C217E627EAEE77E2D32
:10BF200009D9264940F2E143224A234808F081F822
:10BF300040F2E141D3E7E80709D5214940F2E24365
:10BF40001C4A1D4808F075F840F2E241C7E7003A84
:10BF500018BF01220229C3F82C5516D0032917D087
:10BF6000012901D142F00202C3F854252422C3F86A
:10BF7000ACA533795343FB586BB13068C0F308303C
:10BF800003B0BDE8F04FF7F7A5BF42F00402EBE7BE
:10BF900042F00602E8E703B0BDE8F08F00A00450CD
:10BFA0000024F4000020A10700C0FF00C02E0020E4
:10BFB00067CF010034CF0100E6970100B3CF010045
:10BFC00001D00100431C07B50ED0019001A8FFF776
:10BFD00063FE019B00EB8300D0F88020044B1340EC
:10BFE00043F00203C0F8803003B05DF804FB00BFEB
:10BFF000F0F0FCFF2DE9F84F0446914698460D46B7
:10C0000059B91849184840F25523184A08F011F850
:10C0100040F25521154808F003F824230779DFF88A
:10C0200050B05F430BEB070696F81CA0BAF1000F67
:10C0300013D149690068FFF77FFE80B12046294689
:10C040004BF80790C6F80480FFF79AFE01230948D1
:10C0500086F81DA03377BDE8F88F0748FBE707484F
:10C06000F9E700BFE8CE0100E69701001AD0010011
:10C07000C02E00200000AD0B0C00AD0B0400AD0B7A
:10C080002DE9F84324270679264D7743EB191B7FCA
:10C0900004465BB92449254840F2B623244A07F0F8
:10C0A000C8FF40F2B621224807F0BAFF0068C0F38B
:10C0B0000830F7F71DFFEB5953B123681D4A06EB13
:10C0C000C601C3F80823206805EB81010BF010FAC4
:10C0D000242707FB06572368D3F80006D3F8048605
:10C0E000D3F80896BB7FDB0714D4FFF76BFF4846F5
:10C0F000FFF768FF4046FFF765FF386AFFF762FF0A
:10C100002368D3F80C06D3F81046FFF75BFF2046F0
:10C11000FFF758FF242303FB065500232B77BDE8C8
:10C12000F88300BFC02E002056D00100E697010022
:10C130001AD001000700F81F2DE9FF4724230679D4
:10C14000984F824603FB06731B7F0D4690465BB9F2
:10C15000954940F2AA33954A954807F06AFF40F2A4
:10C16000AA31924807F05CFF0B685BB94B684BB192
:10C17000904940F2AB338D4A8D4807F05AFF40F2A8
:10C18000AB31EEE7D5E9022352B95BB18A494FF4EE
:10C190006B73864A864807F04CFF4FF46B71E0E7FB
:10C1A0001B0C01D1EB884BB1844940F2AD337F4A7F
:10C1B0007F4807F03EFF40F2AD31D2E718F00809A2
:10C1C0000FD0242303FB06731B6A013309D07C497B
:10C1D0004FF46C73754A764807F02BFF4FF46C717F
:10C1E000BFE724237343FA18517F002940F0C18030
:10C1F000FB5823B118F0140F04BF012353772424F4
:10C2000095E80F0004FB067404F10C0C8CE80F0099
:10C21000206A421C04D0A37F9B071AD50BF07EF93D
:10C220002B68DAF8004023B103F06043B3F1005FFC
:10C2300006D1AB6883B103F06043B3F1005F0BD06C
:10C240002423002203FB06735E485A7704B0BDE83E
:10C25000F0870BF06FF9E3E718F0010318BF012333
:10C26000C4F84C3718F0020318BF0123EC46C4F899
:10C27000143795E80F00C4F83C078CE80F00002045
:10C28000039BC4F84017C4F80427C4F80837C4F85F
:10C290000801D4F8083107234B49C4F80035D1F818
:10C2A00040331C2B41D124227243BB189D7F2D07A4
:10C2B0003BD58225C4F8845CBA58002A5BD0C4F808
:10C2C0000001D4F800310123C4F80433B9F1000FA0
:10C2D00046D10123236024237343FA18FB58002B13
:10C2E0003ED1394BD3F840331C2B05D1937F1A072D
:10C2F00002D50023C4F8843C242303FB0673186A88
:10C30000431C07D0242303FB06739B7F9D0724D582
:10C310000BF010F9B9F1000F1DD106EBC60620464F
:10C3200007EB86010BF0E4F815E0B9F1000FD2D16C
:10C3300024237343FB58002BCBD101232360D4F873
:10C340000831002BFBD06246042120460BF092F806
:10C35000C1E70BF0E3F81D4878E70BF0DFF8D9E709
:10C36000042318F0040F14BFC4F80833C4F80433CE
:10C37000F1E717486AE7B9F1000FDED0D1F84023A2
:10C380001C2A06D19A7F1007B3D4186A411CB9D170
:10C39000E1E7186A421CDED09B7F9B07D9D50BF0E2
:10C3A000C9F8D8E7C02E002056D001001AD00100ED
:10C3B000E697010082D00100C9D0010010D1010030
:10C3C000BFD101000A00AD0B00C0FF000000AD0BA3
:10C3D0000B00AD0B70B5264BD3F840331C2B15D199
:10C3E000244B9B7F180711D5234BD3F80423D10787
:10C3F0000CD5D3F800214AB10022C3F80021D3F8AC
:10C400000011C3F8842C0122C3F808231B4D04211A
:10C410002A4619480BF02EF848B355F80C3CA5F104
:10C420000C045BB91649174840F21643164A07F048
:10C4300000FE40F21641144807F0F2FD206A421C4B
:10C4400004D0A37F9B070FD50BF074F8637F1BB15B
:10C45000084909480BF04CF8002323720B48D4E933
:10C460000031BDE8704018470BF058F8EEE770BD9A
:10C4700000C0FF00C02E002000A00450CC2E0020E1
:10C48000F5D10100E69701001AD00100C82E002066
:10C4900008B50A4A0A4B93420ED90A4919230A4A97
:10C4A0000A4807F0C6FD0A4807F0C3FD19210648EF
:10C4B00007F0B6FD2433EEE7FCD308BD747A010023
:10C4C0007C78010026D2010003D20100E69701002A
:10C4D0003ED20100F8B504460D46EFF31187202344
:10C4E00083F31288BFF36F8F164B9E680BF045F8ED
:10C4F000042C0CD114498723144A154807F099FDE0
:10C50000144807F096FD8721104807F089FD85B192
:10C51000EB69C3F3080363B1022C0AD00E498E23E2
:10C520000A4A0B4807F085FD0C4807F082FD8E2172
:10C53000EAE787F31188BFF36F8F3046BDE8F84014
:10C54000F7F772BCE42E00207FD201005DD201001B
:10C55000E69701009CD20100B4CA0100D1D20100CB
:10C5600038B50A4B53F82040013053F82050A5420B
:10C5700000D838BD606830B1037FDB0701D40AF012
:10C58000FFFF0834F3E723689847FAE79094010027
:10C59000012270B5374B032086B01A70FFF7E0FF19
:10C5A00002F01EFE0420FFF7DBFF334C334DAC429C
:10C5B000264628D932494223324A334807F039FD0A
:10C5C000324807F036FD42212E4807F029FD54F885
:10C5D0000C3C059354F8103C049354F8143C03931A
:10C5E00054F8183C029354F81C3C019354F8203C36
:10C5F000009354E90A2354E90C0100F007FF54F8B2
:10C60000303C5E65D3E7AE4204F13004DFD301F085
:10C6100011FC194C1E4EAC421FD919496623194A08
:10C62000194807F006FD194807F003FD6621CBE71E
:10C63000D4E90A23B3F1FF3F08BFB2F1FF3F05D0B1
:10C6400052EA0301206803D101F060FE3034E2E7D2
:10C650003146183002F09AF9F8E7E9D301F05CFCB2
:10C66000F6F7E4F80B4A137B23F00103137306B0CB
:10C6700070BD00BFCE580120EC820100EC820100A9
:10C6800023D3010002D30100E69701003ED201004E
:10C69000A57601000011002008B50348034A0021D7
:10C6A000121A0AF084FF08BD10100020D058012093
:10C6B000A02370B5144E86B003FB0066134B012215
:10C6C00005930F23CDE903320023CDE90133142371
:10C6D0004FF4A0720E4D0F4903FB0055044602FBB8
:10C6E00000110D4B3046009500F090FE737B2C74CA
:10C6F00023F004037373094B013403EBC423EE608E
:10C700006B6006B070BD00BF6010002050D3010008
:10C71000E42E0020D0600120F1C70000D058012095
:10C72000BFB50020FFF71CFF294B03F5006282F321
:10C73000088883F30A880024E023264D264F85F8D5
:10C740002230EC772C766C76AC7685F820406B6ADC
:10C7500043F4E0236B6285F82340F7F72FFBF7F7EC
:10C760007DFC4FF0FF33AB62EB62F7F739FEF7F772
:10C770009DFC1A4800F0F8FEFFF78AFE0120FFF743
:10C78000EFFE0220164DFFF7EBFE01F055FC154BB6
:10C7900015495D61154B4FF48052059301232846DE
:10C7A000CDE90343CDE901443B46009400F02EFE61
:10C7B00006466A7B284622F004026A7301F054F8A8
:10C7C0002046FFF775FF3A4631462846F7F72AFC20
:10C7D000D058012000ED00E091C50000A01100201C
:10C7E00000110020E42E00201062012055D301002A
:10C7F00008B50D4B9B6893F90E30002B09DB202404
:10C80000EFF3118384F31288BFF36F8F07F0DEFC20
:10C81000F6E7064906481C23064A07F00AFC1C21D5
:10C82000044807F0FDFB00BFE42E00207BD301008D
:10C83000E69701005AD301002DE9F341044617465B
:10C840001E46EFF3058565B158496F23584A59488C
:10C8500007F0EFFB584807F0ECFB6F21544807F056
:10C86000DFFBEFF31188202383F31288BFF36F8F70
:10C87000524802F015F860B98823514A51494D4891
:10C8800007F0D7FB4D49504807F0D3FB88214C48AF
:10C89000E5E74A4802F028F8E3684C4A9BB1A068F3
:10C8A0009168884229D057EA06032ED1434802F006
:10C8B00005F8A0B188F31188BFF36F8F6FF00F00F8
:10C8C00002B0BDE8F081916891F90E100133E36088
:10C8D00093683A482161A36001F0F0FF78B940F213
:10C8E0003113374A3A49334807F0A3FB33493948F3
:10C8F00007F09FFB40F23111C9E72169E6E788F3B1
:10C900001188BFF36F8F0020DAE791F90E1090F9CC
:10C910000E306FF07E029942A8BF19469142B8BF0F
:10C9200011468B4202DD0AF046FE0546224641468C
:10C93000CDE90076214801F079F80028E3D0EFF343
:10C940001186202383F31288BFF36F8F1B4801F0F9
:10C95000A7FF002890D0194801F0C6FFA068C0B119
:10C96000236821699C420AD04BB193F90E30994259
:10C97000A8BF19466FF07E039942B8BF19460AF066
:10C980001AFE30B131460D4801F0FAF96FF00A0095
:10C9900096E7002DF6D1094801F090FF00289ED0BF
:10C9A00086F31188BFF36F8FF0E700BFC5D3010096
:10C9B000A3D30100E6970100D7D30100042F002084
:10C9C000CB9B0100249C0100399C0100E42E002037
:10C9D000F89B01000F9C0100F8B50546EFF30583B5
:10C9E00063B15549D723554A554807F022FB5548AE
:10C9F00007F01FFBD721514807F012FB8368002B7B
:10CA000000F09380504A9268934240F09180C3684E
:10CA10003BB94E49EF23494A494807F00AFBEF2149
:10CA2000E9E7012B03D0013BC3600020F8BDEFF321
:10CA30001187202484F31288BFF36F8F444801F0DC
:10CA40002FFF60B98823434A43493D4807F0F1FA74
:10CA50003F49424807F0EDFA88213E48CCE73C4880
:10CA600001F042FF2969A8680AF0A5FDEFF31183E0
:10CA700084F31288BFF36F8F83F31188BFF36F8F36
:10CA80005BB93749A623374A2D4807F0D2FA364812
:10CA900007F0CFFAA6213348AEE72C68A54215D19E
:10CAA00000232B48C5E9023301F008FF002837D1E5
:10CAB00040F23113274A2D49214807F0BAFA244998
:10CAC0002B4807F0B6FA40F23111C6E7002CE7D048
:10CAD000A3683BB927498F23224A194807F0A9FACE
:10CAE0008F21D8E70026D4E9003213605A60637BB7
:10CAF000C4E9006623F002036373A66004F1180022
:10CB000002F020F8AC6094F90E3020462B61C4F896
:10CB10009C6000F0A9FE39460D4801F031F984E728
:10CB200087F31188BFF36F8F7FE76FF015007DE704
:10CB30004FF0FF307AE700BFC5D30100A3D3010057
:10CB4000E6970100D7D30100E42E0020FCD30100BA
:10CB5000042F0020CB9B0100249C0100399C010084
:10CB60003ED4010013D4010056D40100F89B01000B
:10CB70000F9C010059D4010008B583684BB90B49DB
:10CB80000B488F230B4A07F054FA8F21094807F00E
:10CB900047FAD0E9003213605A600023427BC0E9B3
:10CBA000003322F002024273836008BD59D40100B1
:10CBB000E697010013D4010070B50446EFF3118627
:10CBC000202585F31288BFF36F8F334801F068FE8C
:10CBD00060B98823314A3249324807F02AFA2E498F
:10CBE000314807F026FA88212C4818E02A4801F03D
:10CBF0007BFEEFF3118385F31288BFF36F8F83F30E
:10CC00001188BFF36F8F63B92849A623284A2548A6
:10CC100007F00FFA274807F00CFAA621244807F07E
:10CC2000FFF92568AC4213D095B12846FFF7A4FF61
:10CC300005F1180001F086FF00232846C5F89C3056
:10CC400000F012FE3146BDE87040134801F098B87C
:10CC5000D4E902329A4218BF01330221A36004F1E1
:10CC6000100002F003FA0028ECD10B4801F026FE78
:10CC700068B940F23113094A0F490A4807F0D9F957
:10CC800005490E4807F0D5F940F23111ACE786F3BB
:10CC90001188BFF36F8F70BD082F0020CB9B010060
:10CCA000249C0100E6970100399C01003ED401005C
:10CCB00013D4010056D40100F89B01000F9C010021
:10CCC000F7B5044616461D46EFF305837BB152EADD
:10CCD00005030CD02D4988232D4A2E4807F0A9F9C9
:10CCE0002D4807F0A6F98821294807F099F9EFF3B4
:10CCF0001187202383F31288BFF36F8F274801F039
:10CD0000CFFD60B98823264A2649224807F091F9C9
:10CD10002249254807F08DF988212148E5E71F4879
:10CD200001F0E2FDA368D3B1013B1C48A36001F010
:10CD3000C5FD68B940F23113194A1C49154807F07E
:10CD400078F916491A4807F074F940F23111E4E70E
:10CD500087F31188BFF36F8F002003B0F0BD56EA50
:10CD600005030BD10D4801F0A9FD0028E2D087F39F
:10CD70001188BFF36F8F6FF00F00EEE72246394640
:10CD8000CDE90065054800F051FEE6E790D40100CA
:10CD900070D40100E697010056D40100082F00204E
:10CDA000CB9B0100249C0100399C0100F89B0100F1
:10CDB0000F9C01002DE9F0470446EFF3118820276E
:10CDC00087F31288BFF36F8F354801F069FD06467F
:10CDD00060B98823334A3449344807F02AF9304986
:10CDE000334807F026F988212E481CE02C4801F032
:10CDF0007BFD4FF000096FF00A0AEFF3118387F310
:10CE00001288BFF36F8F83F31188BFF36F8F63B9FD
:10CE10002849A623284A254807F00BF9274807F098
:10CE200008F9A621244807F0FBF82568AC420ED08B
:10CE30006DB12846FFF7A0FE05F1180001F082FE53
:10CE40002846C5F89CA000F00FFDB146D5E70023A9
:10CE50000221A36004F1100002F008F9A0B9B9F1B1
:10CE6000000F11D10E4801F029FD98B940F231139D
:10CE70000C4A13490D4807F0DCF80949114807F03E
:10CE8000D8F840F23111AFE74146BDE8F047044819
:10CE900000F076BF88F31188BFF36F8FBDE8F0878D
:10CEA000082F0020CB9B0100249C0100E697010085
:10CEB000399C01003ED4010013D4010056D4010076
:10CEC000F89B01000F9C01002DE9F0430446764ECB
:10CED000764F85B0EFF31188202383F31288BFF3D8
:10CEE0006F8F304601F0DCFC68B98823704A7149C5
:10CEF000714807F09EF86C49704807F09AF888214D
:10CF00006B4807F08DF8304601F0EEFCD4F8A450E1
:10CF1000F5B9022104F1BC000AF06CFB002840D0F6
:10CF200004F1B40500220121284601F071FB00281C
:10CF3000F8D100234FF0FF3202934FF0FF33414608
:10CF4000CDE90023304604F1AC0201F0BFFBC1E79C
:10CF5000D4F8A8202B68954208BFC4F8A830C4F8BC
:10CF6000A430D4F8BC30304643F00203C4F8BC30DF
:10CF7000EB68D5F8049023F0040343F00103EB6061
:10CF800001F09CFCF8B940F23113494A4C494A4837
:10CF900007F04FF844494B4807F04BF840F2311185
:10CFA000AEE7D4F8BC30DD06C3D5C4F8BC003E48BB
:10CFB00001F084FC0028E6D088F31188BFF36F8F5E
:10CFC00005B0BDE8F08388F31188BFF36F8FB9F126
:10CFD000000F0AD13C4938484FF438733B4A07F0F8
:10CFE00028F84FF4387139488BE72846C847EFF3E3
:10CFF0001188202383F31288BFF36F8F304601F02E
:10D000004FFC00283FF471AF304601F06DFCEB6837
:10D01000D90623F0010231D4EA60EB689A0716D5ED
:10D02000386823F00203EB6088B10021036870B117
:10D030004268954230D1036841BB7A683B608242C6
:10D0400000D17B60002340F8083BFFF7B5FDD4F822
:10D05000BC30304623F00203C4F8BC30C3F30025D3
:10D0600001F02CFC00288ED088F31188BFF36F8F5D
:10D07000002D7FF42FAF00F0E7FF2BE723F0110323
:10D08000EB6005F11000FFF797FDC6E70B607B68CA
:10D09000834208BF7960D5E723B11A680146184674
:10D0A0001346C4E71A46F9E7142F00200C2F00207E
:10D0B000CB9B0100249C0100E6970100399C0100F4
:10D0C000F89B01000F9C010033D50100DDD4010065
:10D0D000F8B5C36804469A070F46C3F340063BD42D
:10D0E0005B0727D40B680BB983680B60E368DD0727
:10D0F00023D5A3685BB92949294840F25713294A27
:10D1000006F097FF40F25711264806F089FF0226E5
:10D110003B603D68002D3ED0234B9A68D5F8A03087
:10D120009A420CD0D5F8BC30D807C3F3800216D48D
:10D130006FF0120600233B6027E00126E9E70AF0C2
:10D140007BFAD5F8BC300028EED1D907C3F3C00272
:10D15000EED552B15B0708D46FF00F06EAE7002A5C
:10D16000FAD1C3F3C003002BF6D100232360D5F816
:10D17000A83063B9C5E9294428460AF046FAE368AD
:10D1800043F00403E3603B68A3603046F8BD1C60D5
:10D19000C5F8A840F0E76FF01506CBE7FED4010014
:10D1A000E6970100DDD40100E42E002038B50D46DD
:10D1B000044648B90C499C230C4A0D4806F039FF37
:10D1C0009C210A4806F02CFF39B90A499D23074AD9
:10D1D000074806F02EFF9D21F3E71022002102F000
:10D1E00013FB656038BD00BF19D50100DDD4010017
:10D1F000E697010033D5010037B50C46019059B9C7
:10D20000284940F27D13284A284806F012FF40F2D0
:10D210007D11254806F004FF4B684BB924494FF4B3
:10D22000BF73214A214806F004FF4FF4BF71F0E7B5
:10D23000EFF31185202383F31288BFF36F8F1D480E
:10D2400001F02EFB60B988231B4A1C49174806F0E1
:10D25000F0FE18491A4806F0ECFE88211648D9E776
:10D26000144801F041FB204601A9FFF731FF0446B5
:10D27000104801F023FB68B940F231130E4A1149FE
:10D280000A4806F0D6FE0B490F4806F0D2FE40F2DF
:10D290003111E3E785F31188BFF36F8F204603B0A8
:10D2A00030BD00BF19D50100DDD40100E6970100B3
:10D2B0002DD50100142F0020CB9B0100249C0100E0
:10D2C000399C0100F89B01000F9C010001460148B8
:10D2D0000AF0A2B960120020F0B589B004460E9D94
:10D2E00058B92F4940F232332E4A2F4806F0A1FE9A
:10D2F00040F232312B4806F093FE49B92B4940F2F7
:10D300003333284A284806F094FE40F23331F1E7DF
:10D31000D0F8BC0010F0010009D025494FF44D733E
:10D32000204A214806F085FE4FF44D71E2E7C4E93A
:10D33000290004F1AC00C4E92B0004F1B400C4E9F5
:10D340002D0055B32879002840F2011008BF0120B4
:10D35000C4F8BC0000204FF0FF364FF0FF37CDE996
:10D360000330CDE90100CDE906672046114B00945A
:10D3700000F0B4F855B1296811B1204600F01CF84E
:10D380006B791BB1237B43F001032373204600F02C
:10D39000BDFFC4F8A04009B0F0BD0120D8E700BF30
:10D3A0007ED50100DDD40100E697010084D501009F
:10D3B0004AD50100C9CE000010B5044608B9054B96
:10D3C0009C681F2204F1620002F060FB002084F8D8
:10D3D000810010BDE42E00200B4B9A68537B13F0A4
:10D3E00001030FD1D2F888201168B1F1F03F09D0C4
:10D3F0004FF0F031116083F31188BFF36F8F022378
:10D40000184602DF704700BFE42E0020F0B585B05B
:10D410000D9F04460F2F0F9E39D12A4883423AD1DF
:10D4200004F15800C4E916000E980025207304206A
:10D4300060734FF0F030073222F00702A773C4E99F
:10D440000655A560E5738F180860C4E922120C9A8E
:10D45000C4F8905002920B9A204601920A9A0092C8
:10D460003A46F6F7C3FD656546B31F22314604F11F
:10D47000620002F00BFB84F88150134B9B680BB1E8
:10D48000D3F894303846C4F8943005B0F0BD07F1B5
:10D4900010001E28C4D940F205230C4A0C490D483F
:10D4A00006F0C7FD39460C486FF00F030E2206F058
:10D4B000C0FD40F20521054806F0B2FD84F8626027
:10D4C000DBE700BFF1C70000E42E00208AD5010091
:10D4D000ADD50100E69701002DD60100F0B587B06B
:10D4E0000446DDE91276EFF3058575B1194940F27E
:10D4F0009223194A194806F09CFD194806F099FD37
:10D5000040F29221144806F08BFD0595109D04957C
:10D510000F9D03950E9D02950D9D01950C9D009507
:10D52000FFF774FFB6F1FF3F08BFB7F1FF3F05D02B
:10D5300056EA070305D1204600F0E8FE204607B072
:10D54000F0BD3A46334604F11800064901F01EFAD0
:10D55000F4E700BFC5D301008AD50100E6970100BA
:10D560005ED60100A576010040F2011383810023FD
:10D5700010B50446C0E9223301F02CFE014B9C603B
:10D5800010BD00BFE42E002038B590F90D200146F3
:10D59000002A437B11DA03F07F0343731B4B98424D
:10D5A00009D11B491B4856231B4A06F042FD562150
:10D5B000194806F035FD0AF045F8184D2A4652F88C
:10D5C000184FAB68944200D004B9EC688B4214D079
:10D5D0005BB91349D523134A0E4806F02AFD1248B9
:10D5E00006F027FDD5210F48E3E75A7BD20604D188
:10D5F000DA897F2A01D9A2692AB1A34202D0204642
:10D6000001F0C2F823466B6138BD00BF60100020F6
:10D61000A5D60100E697010083D60100E42E002084
:10D62000F2D60100C6D6010056D4010010B504465A
:10D63000FFF7D2FE6FF00A01094A9368C3F89C1005
:10D640000849C3F898404B6843F080534B6000236F
:10D6500083F31188BFF36F8F9368D3F89C0010BDDC
:10D66000E42E002000ED00E008B583684BB90949BD
:10D6700009488F23094A06F0DCFC8F21074806F091
:10D68000CFFC09F0DFFF437B23F002034373002349
:10D69000836008BD59D40100E697010013D401004E
:10D6A00070B590F90D20437B002A50DBD9064ED18E
:10D6B00063F07F034373274B984209D126492748DB
:10D6C0004F23274A06F0B5FC4F21254806F0A8FC59
:10D6D000244C224652F8183FE169934207D1C0E931
:10D6E00000210860E06111E09942F8D01B68002B2E
:10D6F000F5D090F90E5093F90E60B542F4D0AE42D9
:10D70000F2DD5968C0E9003108605860A5699542AA
:10D7100000D005B9E568A3685BB91349D523134A5E
:10D720000E4806F086FC124806F083FCD5210F480F
:10D73000CCE75A7BD20604D1DA897F2A01D9AA69BB
:10D7400032B1AB4202D0284601F01EF8656170BDCF
:10D750006361FCE760100020A5D60100E697010098
:10D7600083D60100E42E0020F2D60100C6D60100C7
:10D7700056D4010070B590F90D200146002A437B74
:10D78000314C10DA03F07F03A042437309D12F49D3
:10D7900056232F4A2F4806F04CFC56212C4806F001
:10D7A0003FFC09F04FFF4B7BA14263F07F034B73BB
:10D7B00007D126494F23264A264806F03AFC4F2136
:10D7C000ECE7254C224652F8183FE069934207D116
:10D7D000C1E900200160E16111E09842F8D01B68C6
:10D7E000002BF5D091F90E5093F90E60B542F4D0AC
:10D7F000AE42F2DD5868C1E9003001605960A569A8
:10D80000A368954200D005B9E5688B4214D05BB996
:10D810001249D523124A0F4806F00BFC114806F0B6
:10D8200008FCD5210E48BAE75A7BD20604D1DA8922
:10D830007F2A01D9AA692AB1AB4202D0284600F05A
:10D84000A3FF2B46636170BD60100020A5D60100C8
:10D8500083D60100E6970100E42E0020F2D60100F5
:10D86000C6D6010056D4010038B50446EFF3118541
:10D87000202383F31288BFF36F8F174801F010F84D
:10D8800068B98823154A1649164806F0D2FB124992
:10D89000154806F0CEFB8821104806F0C1FB0E4863
:10D8A00001F022F82046FFF7FBFE0B4801F006F8D6
:10D8B00068B940F23113094A0C490A4806F0B9FB2D
:10D8C00005490B4806F0B5FB40F23111E4E785F35A
:10D8D0001188BFF36F8F38BD182F0020CB9B01003C
:10D8E000249C0100E6970100399C0100F89B01008F
:10D8F0000F9C010038B50446EFF31185202383F314
:10D900001288BFF36F8F184800F0CAFF68B98823E8
:10D91000164A1749174806F08CFB1349164806F0BB
:10D9200088FB8821114806F07BFB0F4800F0DCFFE4
:10D93000A36813B12046FFF797FE0B4800F0BEFF27
:10D9400068B940F23113094A0C490A4806F071FBE4
:10D9500005490B4806F06DFB40F23111E2E785F313
:10D960001188BFF36F8F38BD182F0020CB9B0100AB
:10D97000249C0100E6970100399C0100F89B0100FE
:10D980000F9C010038B50446EFF31185202383F383
:10D990001288BFF36F8F1E4800F082FF68B988239A
:10D9A0001C4A1D491D4806F044FB19491C4806F055
:10D9B00040FB8821174806F033FB154800F094FF20
:10D9C000637B13F0280F0BD1A36813B12046FFF738
:10D9D0004BFE637B204623F004036373FFF760FE76
:10D9E0000B4800F06BFF68B940F23113094A0D494A
:10D9F0000A4806F01EFB06490B4806F01AFB40F2E7
:10DA00003111D7E785F31188BFF36F8F38BD00BFA1
:10DA1000182F0020CB9B0100249C0100E6970100F9
:10DA2000399C0100F89B01000F9C01002DE9F04793
:10DA3000DFF8D4A0354D1746DDE90898DAF808205C
:10DA4000334BA84204460E461A600BD13149324886
:10DA500040F27223314A06F0ECFA40F272212F486C
:10DA600006F0DEFAEFF31183202383F31288BFF36D
:10DA70006F8F284600F014FF60B98823284A29498F
:10DA8000254806F0D6FA2946274806F0D2FA88211A
:10DA90002348E5E7284600F027FFDAF80850394622
:10DAA000284609F0D7FDB8F1FF3F08BFB9F1FF3FA5
:10DAB00006D04A4643461D4905F1180000F066FFAE
:10DAC000204600F0FBFE68B9194940F26B13144A76
:10DAD000114806F0AEFA2146164806F0AAFA40F2BE
:10DAE0006B11D5E7094800F0E9FE40B9104940F252
:10DAF0006B130B4A084806F09CFA0449ECE73046E1
:10DB0000BDE8F047FFF792BDE42E0020182F00205B
:10DB10001C2F002019D70100E697010083D60100D1
:10DB2000CB9B0100249C0100399C0100A5760100DB
:10DB3000F89B01000F9C010070B50546EFF31186BC
:10DB4000202383F31288BFF36F8F1B4800F0A8FED9
:10DB500068B98823194A1A491A4806F06AFA164918
:10DB6000194806F066FA8821144806F059FA124856
:10DB700000F0BAFE2C68A54215D014B12046FFF77C
:10DB800073FD0D4800F09AFE78B940F231130B4A4C
:10DB90000E490C4806F04DFA07490D4806F049FABF
:10DBA00040F23111E0E70024EBE786F31188BFF380
:10DBB0006F8F204670BD00BF182F0020CB9B010047
:10DBC000249C0100E6970100399C0100F89B0100AC
:10DBD0000F9C01002DE9F04104460D46EFF311873B
:10DBE000202383F31288BFF36F8F584800F058FE4C
:10DBF00060B98823564A5749574806F01AFA5349DC
:10DC0000564806F016FA8821514818E04F4800F0AF
:10DC10006BFE637B03F01F02002A0CBF0126002667
:10DC20005DD103F07F0363734D4B9C4209D14D4995
:10DC3000494856234C4A06F0FCF956214A4806F05A
:10DC4000EFF9DFF82881204609F0FCFC4246637BAF
:10DC50006DB263F07F03A573637352F8183F93426C
:10DC60003AD1D8F81C10C4E900210C60C8F81C4057
:10DC70000FE09942F7D01B68002BF4D093F90E0007
:10DC80008542F6D0A842F4DD5968C4E900310C6041
:10DC90005C60D8F81840944200D00CB9D8F80C4019
:10DCA000D8F808309C4202D0204600F06DFDC8F83C
:10DCB0001440264800F002FE00283FD140F2311304
:10DCC000234A2B49244806F0B4F92049294806F094
:10DCD000B0F940F2311197E7D8F81C10CCE79B0758
:10DCE0002AD5A16841B924491B488F23234A06F04D
:10DCF000A0F98F212148A2E720466DB209F0A2FCCD
:10DD0000A5730B68994209D14B68C4E900131C60E4
:10DD10004C60CEE74A689342F6D01B68002BF3D0E4
:10DD200093F90E209542F5D0AA42F3DD5A68C4E972
:10DD3000003214605C60BCE7A573BAE787F3118812
:10DD4000BFF36F8F3046BDE8F08100BF182F002071
:10DD5000CB9B0100249C0100E6970100399C010047
:10DD600060100020A5D6010083D60100E42E00201B
:10DD7000F89B01000F9C010059D4010013D401004D
:10DD800070B504460D46F9B9EFF30586E6B91A4BAE
:10DD90005A699B689A4217D000F090FD78B940F21A
:10DDA0006B13164A1649174806F043F921461648E0
:10DDB00006F03FF940F26B11104806F031F9304699
:10DDC000BDE87040FFF732BC204600F077FD68B92F
:10DDD00040F23113094A0A490A4806F02AF9214655
:10DDE000094806F026F940F23111E5E785F311887C
:10DDF000BFF36F8F70BD00BFE42E0020CB9B0100EE
:10DE0000F89B0100E69701000F9C0100034648B90A
:10DE1000EFF3058232B9064A51699268914201D006
:10DE2000FFF704BC83F31188BFF36F8F704700BF07
:10DE3000E42E002010B5EFF31184202383F3128821
:10DE4000BFF36F8F284800F02BFD60B98823274A65
:10DE50002749284806F0EDF82349274806F0E9F855
:10DE60008821224812E0204800F03EFDEFF30583B0
:10DE700073B1224940F20633214A1E4806F0D9F810
:10DE8000204806F0D6F840F206311D4806F0C8F8E2
:10DE90001D4B9A68D37B012B0CD11C4940F20733F0
:10DEA000174A144806F0C5F8164806F0C2F840F2C2
:10DEB0000731EAE7013BD3730B4800F0FFFC68B978
:10DEC00040F23113094A12490A4806F0B2F80649ED
:10DED000104806F0AEF840F23111C2E784F3118821
:10DEE000BFF36F8F10BD00BF182F0020CB9B010028
:10DEF000249C0100E6970100399C0100C5D3010074
:10DF000083D6010056D40100E42E002052D7010030
:10DF1000F89B01000F9C010070B5EFF311862023E0
:10DF200083F31288BFF36F8F374800F0B9FC60B9F4
:10DF30008823364A3649374806F07BF83249364856
:10DF400006F077F88821314813E0344D2E4800F070
:10DF5000CBFCAB68DA7B72B9314940F21233314AFB
:10DF60002C4806F066F8304806F063F840F21231AB
:10DF70002C4806F055F8EFF3058161B12B4940F2CA
:10DF80001333284A234806F054F8274806F051F87E
:10DF900040F21331ECE70132DA732A4652F8184F97
:10DFA000944200D004B9EC685A7BD20604D1DA89D5
:10DFB0007F2A01D9A2692AB1A34202D0204600F0EB
:10DFC000E3FB234610486B6100F078FC68B940F22F
:10DFD00031130E4A16490F4806F02BF80A49154826
:10DFE00006F027F840F23111ADE786F31188BFF350
:10DFF0006F8FEFF31180202383F31288BFF36F8FAD
:10E00000BDE87040FFF702BF182F0020CB9B010036
:10E01000249C0100E6970100399C0100E42E0020B9
:10E0200083D7010083D6010056D40100C5D3010077
:10E03000F89B01000F9C0100024B03F11802C3E999
:10E0400006227047E42E002070B5EFF3058373B10C
:10E05000394940F22E43394A394805F0EAFF394838
:10E0600005F0E7FF40F22E41344805F0D9FFEFF309
:10E070001186202383F31288BFF36F8F324800F09C
:10E080000FFC60B98823314A31492D4805F0D1FF92
:10E090002D49304805F0CDFF88212C48E5E72E4C6E
:10E0A000294800F021FCA168E0690B68814214BF97
:10E0B0001A46002249680B605960A368E1692AB9D1
:10E0C000264AC3E900210B60E3610CE093F90E00DE
:10E0D00092F90E50A84225D0854223DD5168C3E94C
:10E0E00000210B605360A5691C4B9D4200D005B90F
:10E0F000E568A3689D4202D0284600F045FB12481F
:10E10000656100F0DBFB88B940F26B130F4A1449DC
:10E110000B4805F08EFF0C49124805F08AFF40F2CB
:10E120006B11BAE78A42CBD01268C8E73046BDE827
:10E130007040FFF77BBA00BFC5D3010083D6010052
:10E14000E697010056D40100182F0020CB9B010058
:10E15000249C0100399C0100E42E0020FC2E0020AC
:10E16000F89B01000F9C01002DE9F04106460C468A
:10E17000EFF3058777B1344940F24643334A3448D8
:10E1800005F057FF334805F054FF40F246412F4851
:10E1900005F046FF50EA010304D1FFF755FF0020C8
:10E1A000BDE8F081EFF31188202383F31288BFF3D9
:10E1B0006F8F294800F074FB60B98823274A2849EB
:10E1C000234805F036FF2449264805F032FF882110
:10E1D0002248DDE7244D204800F086FBA868234B49
:10E1E0001860FFF7D1F9A868234632462049183055
:10E1F00000F0CCFBAA680446537B174843F00403A5
:10E20000537300F05BFB68B940F26B13134A194972
:10E210000F4805F00EFF1049174805F00AFF40F2BD
:10E220006B11D5E74046FFF701FAAB68D3E90A2343
:10E23000B3F1004F08BFBA42B1D109F058FA201A21
:10E2400020EAE070ACE700BFC5D3010083D601002F
:10E25000E697010056D40100182F0020CB9B010047
:10E26000249C0100399C0100E42E00201C2F00207A
:10E27000A5760100F89B01000F9C010070B50446D3
:10E280000E46EFF3058575B11B494FF48E631B4AAB
:10E290001B4805F0CEFE1B4805F0CBFE4FF48E6107
:10E2A000164805F0BDFEFFF75FFFB6F1FF3F08BF60
:10E2B000B4F1FF3F0346204617D04FF47A7247F679
:10E2C00011202946C3FB020147F61223984271F13F
:10E2D00000030BD30C4B834243F608538B4107D307
:10E2E00047F612220023F2F7D3FE70BD2846FCE762
:10E2F0006FF00040F9E700BFC5D3010083D60100ED
:10E30000E697010056D40100ED85FFFF38B50446BD
:10E31000EFF31185202383F31288BFF36F8F20481A
:10E3200000F0BEFA68B988231E4A1F491F4805F04D
:10E3300080FE1B491E4805F07CFE8821194805F027
:10E340006FFE174800F0D0FA637B5B0710D504F12D
:10E35000180000F0F7FB637B204623F0040363738F
:10E36000FFF79EF92946BDE838400D48FFF708BD84
:10E370000B4800F0A3FA68B940F23113094A0D497D
:10E380000A4805F056FE06490B4805F052FE40F2D9
:10E390003111D3E785F31188BFF36F8F38BD00BF0C
:10E3A000182F0020CB9B0100249C0100E697010060
:10E3B000399C0100F89B01000F9C0100014B9868FB
:10E3C000704700BFE42E00202DE9F8430446077B88
:10E3D000EFF31185202383F31288BFF36F8F7B48FF
:10E3E00000F05EFA68B98823794A7A497A4805F0DC
:10E3F00020FE7649794805F01CFE8821744805F016
:10E400000FFE724800F070FA637B190717D56F484A
:10E4100000F054FA68B940F231136D4A70496E4801
:10E4200005F007FE69496F4805F003FE40F231111F
:10E43000E4E785F31188BFF36F8FBDE8F883D9094E
:10E4400043F008027FD16273A36813B12046FFF73F
:10E450000BF904F1180000F075FBA66D04F15808E3
:10E46000B04511D04FF0000976B13046FFF7FCF807
:10E4700006F1180000F066FB3046C6F89C90FFF7E6
:10E480000FF9A66DB045EFD1DFF85C81D8F8083000
:10E490009C426DD1EFF30589B9F1000918BF4FF027
:10E4A0000109D8F81860514A964200D00EB9D8F840
:10E4B0000C60B34202D0304600F066F9C8F8146030
:10E4C000B9F1000F02D04A48FFF74EF8D8F80830EB
:10E4D0009C4260D1EFF30586002E5CD1237BDA07E6
:10E4E0001FD53A4800F0EAF9002894D085F3118846
:10E4F000BFF36F8F86F31188BFF36F8F0423184625
:10E5000002DFEFF31185202383F31288BFF36F8FAF
:10E510002E4800F0C5F900283FF465AF2B4800F005
:10E52000E3F92A4800F0CAF928BB40F26B13284AE5
:10E530002B49294805F07DFD24492A4805F079FD3D
:10E5400040F26B115AE703F07F0343F00803637353
:10E55000284B9C4208D128495623284A1E4805F0DA
:10E5600068FD562125484AE7204609F06BF86BE71D
:10E570004FF0000995E72846FFF758F820494FF477
:10E58000DD731E4A144805F054FD1E4805F051FD88
:10E590004FF4DD71E6E70D4800F090F900283FF4F4
:10E5A0003AAF85F31188BFF36F8FFB077FF545AF57
:10E5B00040F24753114A1449074805F03AFD2146F5
:10E5C000124805F036FD40F24751CBE7182F0020E6
:10E5D000CB9B0100249C0100E6970100399C0100BF
:10E5E000F89B01000F9C0100E42E0020FC2E00206F
:10E5F000A011002060100020A5D6010083D60100E4
:10E60000B4D70100BFD70100E1D70100ECD701006A
:10E610002DE9F843064688461746EFF31189202373
:10E6200083F31288BFF36F8F214800F039F9054654
:10E6300068B988231F4A2049204805F0FAFC1C4984
:10E640001F4805F0F6FC88211A4805F0E9FC184837
:10E6500000F04AF93468A6421FD004B32046C4F83B
:10E660009C802761FFF700F804F1180000F06AFAB7
:10E670002046FFF715F80E4800F020F988B940F25F
:10E6800031130C4A0F490D4805F0D3FC08490E48D8
:10E6900005F0CFFC40F23111D6E70025EBE7254627
:10E6A000E9E789F31188BFF36F8F2846BDE8F88347
:10E6B000182F0020CB9B0100249C0100E69701004D
:10E6C000399C0100F89B01000F9C0100D3B5DDE9E6
:10E6D0000667089CCDE90067FFF7A8F91CB1034B5A
:10E6E0009B681B69236002B0D0BD00BFE42E0020F0
:10E6F00008B568B10F4B98420AD303F11802904253
:10E7000006D21822C01AB0FBF2F302FB13034BB17E
:10E7100009490A4838230A4A05F08BFC3821084881
:10E7200005F07EFC0122074BC0105843064B1A54DB
:10E7300008BD00BF4012002032D80100E69701005A
:10E740000AD80100ABAAAAAACF580120C3897F2BFF
:10E7500012D80A4B1B6863B1094B90F90E201B6855
:10E760009A4209DB437BDB0606D1064BC31A18BF6E
:10E77000012303F0010070470023FAE7180D002081
:10E78000202F00206010002070B50E4B0E4C1E7C18
:10E79000054606EB460304EBC304204600F0D2F91D
:10E7A00000220A4B28469A55FFF7D0FF48B1084B84
:10E7B0002046BDE870401A680649013AD31700F0B8
:10E7C000E5B870BDE42E002040120020CF58012093
:10E7D000180D0020F1E6000038B5EFF31185202375
:10E7E00083F31288BFF36F8F234800F059F868B99C
:10E7F0008823224A2249234805F01BFC1E4922484F
:10E8000005F017FC88211D4805F00AFC1A4800F0A5
:10E810006BF81E4B1E4A9C681068A04213D1FFF78C
:10E82000B3FF154800F04AF808BB40F23113134A11
:10E830001849144805F0FDFB0F49174805F0F9FB8E
:10E8400040F23111DFE700211B7C1160134AD35CD9
:10E85000002BE6D02046FFF779FF0028E1D0637B4C
:10E86000DB0602D12046FEF785FF2046D7E785F379
:10E870001188BFF36F8F38BD182F0020CB9B01008C
:10E88000249C0100E6970100399C0100E42E002041
:10E890001C2F0020F89B01000F9C0100CF58012085
:10E8A000006838B1044B00F003001B7CC01A18BF8D
:10E8B0000120704701207047E42E002000230268E9
:10E8C0000360EFF30581074B19B19968497BC907CC
:10E8D00006D4197C98680843831A584258417047F7
:10E8E00001207047E42E0020024B1A7C9B681343E2
:10E8F00003607047E42E0020074808B5074A08491E
:10E90000121A08F056FEBDE808400648064A0749B4
:10E91000121A08F04EBE00BF0000002010100020A8
:10E920001CDC010000000020000000201CDC0100B5
:10E93000024B1868984208BF002070471C0D002049
:10E94000034B1B680BB9F7F7A9BB0020704700BF4A
:10E95000242F002030B570B10B4B5B6898420AD071
:10E96000036843B1D3E90421D0E90445121941EB0E
:10E970000501C3E90421D0E9003213605A60002385
:10E98000C0E9003330BD00BF1C0D0020B3F1FF3FD4
:10E9900008BFB2F1FF3F2DE9F84F04469B461546EC
:10E9A0001F4600F0B280D0F80090B9F1000F0CD0F3
:10E9B00057497223574A584805F03BFB574805F022
:10E9C00038FB7221534805F02BFB8160EFF311886F
:10E9D000202383F31288BFF36F8F5148FFF760FF46
:10E9E000824660B988234F4A4F494B4805F021FBC6
:10E9F0004B494E4805F01DFB88214A48E3E748484B
:10EA0000FFF772FFBBF1000F494A1FDBFFF798FFCA
:10EA1000064601354BF1000B454A2D184BEBE073D0
:10EA2000D2E90017C4E904536D1843EB0707FFF759
:10EA30007FFF0346DFF8FCE0DEF80490EBB9C4E9A1
:10EA400000E9C9F80040CEF8044028E06FF0010367
:10EA5000D2E900125B1A4FF0FF3161EB02025B1B3F
:10EA600062EB0B02012B72F10001BCBF01234A468D
:10EA70004FF0000AC4E90432D9E7D3E9041CD4E911
:10EA800004208A4270EB0C0B2EDA891A5A686CEB60
:10EA90000000C3E90410C4E9003214605C60FFF7B1
:10EAA00047FF84420ED1244B1B685BB9BAF1000FBB
:10EAB00002D1FFF745FF0646304608F001FE00216F
:10EAC000F7F7FCFA1648FFF7F9FEB0B940F2311338
:10EAD000144A1A49104805F0ACFA1149184805F0D3
:10EAE000A8FA40F2311188E7521A60EB0C00994500
:10EAF000C4E90420A3D01B68A0E788F31188BFF302
:10EB00006F8F28463946BDE8F88F00252F46F8E775
:10EB100007DA0100E3D90100E697010056D40100AD
:10EB2000282F0020CB9B0100249C0100399C010070
:10EB3000581200201C0D0020242F0020F89B0100FB
:10EB40000F9C010070B50446EFF31186202383F378
:10EB50001288BFF36F8F2348FFF7A2FE68B988239E
:10EB6000214A2249224805F064FA1E49214805F04D
:10EB700060FA88211C4805F053FA1A48FFF7B4FEE2
:10EB8000236833B3FFF7D4FE05462046FFF7E2FEC5
:10EB900000224FF00043A542C4E9042306D1FFF749
:10EBA000CFFE08F08DFD0021F7F788FA00240D480C
:10EBB000FFF784FE80B940F231130B4A0E490C482E
:10EBC00005F037FA07490D4805F033FA40F23111E4
:10EBD000D0E76FF01504EAE786F31188BFF36F8F73
:10EBE000204670BD282F0020CB9B0100249C0100F3
:10EBF000E6970100399C0100F89B01000F9C010081
:10EC00002DE9F0470446EFF31188202383F312889F
:10EC1000BFF36F8F4348FFF743FE68B98823424A2A
:10EC20004249434805F005FA3E49424805F001FAD9
:10EC300088213D4805F0F4F9DFF8FC903948FFF7EA
:10EC400053FEC9F80040FFF773FE00260446002774
:10EC5000DFF8E8A0D9F80030DAE900C0D91754B1DC
:10EC6000D4E90452AB4271EB020E1FDAED1A62EBEB
:10EC70000102C4E90452002413EB0C0340EB010130
:10EC80002046CAE90031C9F8004008F019FD2146C4
:10EC9000F7F714FA2348FFF711FEB0B188F3118893
:10ECA000BFF36F8FBDE8F047FFF796BD15EB0C0380
:10ECB00040EBE570CAE90030C4E904672046FFF77D
:10ECC00049FE1848FFF7FAFD68B940F23113164AB9
:10ECD0001B49174805F0ADF912491A4805F0A9F982
:10ECE00040F23111A5E788F31188BFF36F8F2046FA
:10ECF000A3689847EFF31188202383F31288BFF3AA
:10ED00006F8F0848FFF7CCFD002887D00548FFF734
:10ED1000EBFDD9F800305B1BC9F80030FFF708FEA7
:10ED2000044697E7282F0020CB9B0100249C01007C
:10ED3000E6970100399C0100242F00205812002082
:10ED4000F89B01000F9C010070B5EFF311862023A2
:10ED500083F31288BFF36F8F1A48FFF7A1FD68B9DC
:10ED60008823194A19491A4805F063F915491948C1
:10ED700005F05FF98821144805F052F91148FFF7B2
:10ED8000B3FDFFF7DDFD144AD2E90045041945EB58
:10ED9000E0750C48FFF792FD68B940F231130A4A5A
:10EDA0000E490B4805F045F906490D4805F041F9B3
:10EDB00040F23111DFE786F31188BFF36F8F2046F1
:10EDC000294670BD282F0020CB9B0100249C010008
:10EDD000E6970100399C010058120020F89B0100C1
:10EDE0000F9C0100F8B50546EFF31187202383F34C
:10EDF0001288BFF36F8F5E48FFF752FD68B9882312
:10EE00005C4A5D495D4805F014F959495C4805F0D4
:10EE100010F98821574805F003F95548FFF764FDBC
:10EE20002B68B3B15248FFF749FD68B940F231137E
:10EE3000504A5449514805F0FCF84D49524805F0F4
:10EE4000F8F840F23111E5E787F31188BFF36F8FCF
:10EE5000F8BDD5E90A46611C46F10002022972F1AB
:10EE6000000236D3012C76F10002BCBF01241E46FD
:10EE7000013C46F1FF3608F03EFC013041F1000153
:10EE8000001946EB0101012871F1000135DB08F0A2
:10EE900032FC6FF00203013041F10001001946EB32
:10EEA000010183426FF000438B412BDB08F023FC10
:10EEB000013041F100016FF00102001946EB01033E
:10EEC0004FF0FF31121A61EB030328462F49FFF779
:10EED0005DFD2B6B01332B632B6ABBB93C46284687
:10EEE00050F8185F854200D06DBB2148FFF7E6FC63
:10EEF00000289BD084F31188A8E76FF001024FF03F
:10EF0000FF33E2E700224FF00043DEE71848FFF747
:10EF1000D5FC00288AD087F31188BFF36F8F28466D
:10EF20002B6A9847EFF31184202383F31288BFF3F1
:10EF30006F8F0F48FFF7B4FC00283FF460AF0C4818
:10EF4000FFF7D2FCCBE72846FEF7D4FC00230848A5
:10EF5000C5F89C30FFF7B2FC00283FF467AF84F39C
:10EF60001188BFF36F8F2846BDE8F840FEF77CBCE0
:10EF70002C2F0020CB9B0100249C0100E697010070
:10EF8000399C0100F89B01000F9C0100E5ED000099
:10EF90002DE9F843064614461D4691469846EFF380
:10EFA0001187202383F31288BFF36F8F2748FFF761
:10EFB00077FC68B98823264A2649274805F039F89E
:10EFC0002249264805F035F88821214805F028F81F
:10EFD0001E48FFF789FCB5F1FF3F08BFB4F1FF3FC2
:10EFE00011D11A48FFF76AFC50BB40F23113184A9E
:10EFF0001B49194805F01DF814491A4805F019F87D
:10F0000040F23111E1E7002D0ADB012C75F100031C
:10F010002246BCBF0122002512F1FF3945F1FF381D
:10F020003046FFF78FFDDDE90823C6E90A230023F8
:10F030004A463363304643460B49FFF7A7FCD0E707
:10F0400087F31188BFF36F8FBDE8F8832C2F002062
:10F05000CB9B0100249C0100E6970100399C010034
:10F06000F89B01000F9C0100E5ED0000F8B5054696
:10F070000E46EFF31187202383F31288BFF36F8FBF
:10F080001F48FFF70DFC68B988231E4A1E491F4818
:10F0900004F0CFFF1A491E4804F0CBFF882119481D
:10F0A00004F0BEFF1648FFF71FFC2C68A5421CD0D9
:10F0B000D4E9003213605A60002331462046C4E987
:10F0C000003308F036FB0E48FFF7F8FB78B940F242
:10F0D00031130C4A0F490D4804F0ABFF08490E48A4
:10F0E00004F0A7FF40F23111D9E70024EBE787F3E2
:10F0F0001188BFF36F8F201E18BF0120F8BD00BF1D
:10F10000302F0020CB9B0100249C0100E6970100DA
:10F11000399C0100F89B01000F9C010070B504466A
:10F120000D46EFF31186202383F31288BFF36F8F10
:10F130002148FFF7B5FB68B98823204A20492148B8
:10F1400004F077FF1C49204804F073FF88211B4816
:10F1500004F066FF1848FFF7C7FB01212068E5604F
:10F160008442A16011D11448FFF7A8FBE8B940F22E
:10F170003113124A1549134804F05BFF0E49144835
:10F1800004F057FF40F23111E1E7D0E9003213609B
:10F190005A600023C0E9003308F0CBFA3146044638
:10F1A0000548FEF7EDFD204670BD86F31188BFF3DC
:10F1B0006F8F0024F7E700BF302F0020CB9B0100AA
:10F1C000249C0100E6970100399C0100F89B010096
:10F1D0000F9C0100014BC0F894307047B80F00201D
:10F1E000014804F0EFBE00BF6ADB010038B50D4CEA
:10F1F0000D4DAC4213D90D4925230D4A0D4804F09D
:10F2000018FF0D4804F015FF2521094804F008FFF8
:10F210002046D4E9011208F0CFFA1834E9E7F7D311
:10F22000002038BDB80F0020D00F0020F9DB01000E
:10F2300092DB0100E69701003ED2010007B5074BC3
:10F240004FF48052009306494FF0FF330548FEF714
:10F2500043F8002003B05DF804FB00BFA894010050
:10F2600010B2012060120020024B0146186800F025
:10F270000BB800BF2C0D0020024B0146186802F0AD
:10F2800041BA00BF2C0D002001F10B03162B2DE914
:10F29000F04F054683B023D8102900F2AD8000F06E
:10F2A00007FB102418220220BF4E32445768A2F1F7
:10F2B00008018F4200F00B817A68284622F0030291
:10F2C0003A445368D7E9024143F001030837E1604B
:10F2D0008C60536000F0F2FA384603B0BDE8F08F5E
:10F2E000002B23F00704C0F28780A14200F2848043
:10F2F00000F0DEFAB4F5FC7FC0F04581630A7FD0F0
:10F30000042B00F20B81A30903F1390003F1380C3F
:10F31000C300A54E3344A3F108075B689F4206D1A2
:10F320000CE0002980F2C180DB689F4206D05A6859
:10F3300022F00302111B0F29F3DD6046DFF86C8217
:10F340003369434500F09D805A6822F0030CACEB12
:10F3500004020F2A00F33281002AC6E9048880F2F1
:10F360001681BCF5007FD6F804E080F0B6804FEA45
:10F37000DC0201214FEA5C1C013201FA0CF156F863
:10F3800032704EEA010E06EBC2010839C6F804E0FD
:10F39000C3E9027146F83230FB6083104FF0010C74
:10F3A0000CFA03FCF44531D81CEA0E0F07D120F00B
:10F3B00003004FEA4C0C04301CEA0E0FF9D006EBA8
:10F3C000C00A8146D646DEF80C200BE05168134691
:10F3D000D26821F003010F1B0F2F00F3AC80002F28
:10F3E00080F2C3809645F1D109F101090EF1080EB2
:10F3F00019F0030FE7D129E10C232B6000276BE7FD
:10F400004FF4007340204FF03F0C82E7B7687B68F1
:10F4100023F00309A9EB04030F2B01DDA14533D22F
:10F42000634A644B11681B68013104EB030807EB66
:10F43000090300F0718141F20F014144DFF8788146
:10F4400001EA080841462846009300F03DFAB0F171
:10F45000FF3F8246009B564A05D0834240F2CA8055
:10F46000B74200F00C81B7687B6823F00308A8EB73
:10F4700004030F2B01DDA04506D2284600F01EFA3A
:10F48000BCE7D6F804E088E7391944F0010443F0FA
:10F490000103083747F8044C2846B1604B6000F080
:10F4A0000DFA384603B0BDE8F08F1A4403F108079F
:10F4B0002846D3E902615368F16043F001038E608E
:10F4C000536000F0FBF9384603B0BDE8F08FD76811
:10F4D000BA427FF4F1AE023030E7BCF5206F4FEA5C
:10F4E0005C21C0F08080142900F2328101F15C02BD
:10F4F0005B31D200B718B258083F974203D10EE1F2
:10F500009268974204D0516821F003016145F7D811
:10F51000D768C3E90227BB60D3603EE7142B40F2F3
:10F520008A80542B00F21D81230B03F16F0003F13D
:10F530006E0CC300EDE6D3F808C028461D1944F050
:10F5400001045C60CCF80C20C2F808C047F001024E
:10F55000C6E90455C5F80880C5F80C806A605F509C
:10F5600003F1080700F0AAF9B6E619441F46284639
:10F570004B6843F001034B6057F8083FDA60936033
:10F5800000F09CF9A8E6E00804F108028CE69C442F
:10F5900003F108072846DCF8043043F00103CCF8F7
:10F5A000043000F08BF997E698000020A0000020BE
:10F5B000240D0020642F002000F0FFFF191944F0F3
:10F5C0000104284603F108075C6042F00104C6E923
:10F5D0000411C1F80880C1F80C804C6043F80C207D
:10F5E00000F06CF978E64FEA9C1101F139023831EC
:10F5F000D2007FE7DFF804B2DBF800104144084690
:10F60000CBF8001042D1CAF30B0CBCF1000F3DD176
:10F61000C844D6F808A048F00103CAF80430784A74
:10F6200057461068884238BF1160764A1068884291
:10F6300038BF116019E703F15C0003F15B0CC300F4
:10F6400067E65AF80839534540F0D68010F0030FAA
:10F6500000F1FF30F5D1736823EA0C0373604FEAC1
:10F660004C0C0CF1FF329A4204D3CFE64FEA4C0C1B
:10F6700009F104091CEA030FF8D048469FE6DFF8B9
:10F680007CB1DBF800004044CBF800001168013188
:10F6900071D0AAEB03030344CBF800301AF0070340
:10F6A00047D0C3F1080228460093924441F2080271
:10F6B000D044D21AA2EB0801C1F30B01019100F072
:10F6C00003F9421C009B72D0A0EB0A00019900EBE9
:10F6D0000108DBF8002048F00103B742C6F808A093
:10F6E0001144CAF80430CBF8001098D0B9F10F0FCC
:10F6F00044D97A68A9F10C03052023F0070302F02E
:10F7000001021A430F2B7A6007EB030250609060EE
:10F7100053D8DAF8043082E708F1100892E689102D
:10F720004FF0010C0CFA01F14EEA010EC6F804E0AC
:10F73000EFE60AEB0801284600934942C1F30B01AA
:10F74000019100F0C1F8431C009BBDD11946C0E7F0
:10F75000542917D84FEA1C3101F16F026E31D200E3
:10F76000C8E6B3F5AA7F17D8E30B03F1780003F1DD
:10F77000770CC300CDE5C2F800A08FE70123CAF8DB
:10F7800004307AE6B1F5AA7F21D84FEADC3101F1E5
:10F7900078027731D200ADE640F25452934221D83C
:10F7A000A30C03F17D0003F17C0CC300B1E5083B21
:10F7B00000219844A8EB0A088BE707F108012846C6
:10F7C00001F0A0FFD6F808A0DBF80010A1E740F296
:10F7D000545291420CD84FEA9C4101F17D027C3198
:10F7E000D20087E64FF47E737F204FF07E0C90E5C9
:10F7F0004FF47E727E217DE6736830E7342F00205F
:10F80000602F00205C2F002070B586074AD0541E60
:10F81000002A41D0CAB2034601E0013C3CD303F8C0
:10F82000012B9D07F9D1032C2FD9CDB20F2C05EB5D
:10F83000052505EB054538D9A4F1100C03F1100E90
:10F840001A462CF00F064FEA1C1CB6441560103205
:10F8500042F80C5C42F8085C42F8045C7245F5D151
:10F860000CF1010214F00C0F04F00F0C03EB021268
:10F8700013D0ACF1040323F003030433134442F820
:10F88000045B9A42FBD10CF003042CB1C9B21C44B6
:10F8900003F8011B9C42FBD170BD64461346002C4B
:10F8A000F4D1F9E703461446BDE71A46A446E0E75B
:10F8B0000148F4F70FBF00BFD00F00200148F4F754
:10F8C00025BF00BFD00F002038B50022064D0446EA
:10F8D00008462A60F4F7A2FE431C00D038BD2B680E
:10F8E000002BFBD0236038BD682F00200CB400290A
:10F8F0001F4B10B51C689CB035DB4FF402730290AF
:10F900000690ADF814301FAB18D001394FF6FF70D8
:10F910001E9A0491079102A9ADF8160020460193A2
:10F9200000F0FAF8421C01DA8B232360029B0022CC
:10F930001A701CB0BDE8104002B070474FF6FF705F
:10F940000491079102A9ADF8160020461E9A019372
:10F9500000F0E2F8431C01DA8B2323601CB0BDE801
:10F96000104002B070478B234FF0FF302360F5E763
:10F970002C0D002080EA0102844612F0030F4FD1C3
:10F9800011F0030F32D14DF8044D11F0040F51F86E
:10F99000043B0BD0A3F101329A4312F0803F04BF25
:10F9A0004CF8043B51F8043B16D100BF51F8044B0E
:10F9B000A3F101329A4312F0803FA4F101320BD13E
:10F9C0004CF8043BA24312F0803F04BF51F8043BC3
:10F9D0004CF8044BEAD023460CF8013B13F0FF0F20
:10F9E0004FEA3323F8D15DF8044B704711F0010F53
:10F9F00006D011F8012B0CF8012B002A08BF704724
:10FA000011F0020FBFD031F8022B12F0FF0F16BF1A
:10FA10002CF8022B8CF8002012F47F4FB3D17047E2
:10FA200011F8012B0CF8012B002AF9D1704700BF07
:10FA300020F0030110F00300C0F1000051F8043B76
:10FA400000F1040C4FEACC0C6FF000021CBF22FA4C
:10FA50000CF213434FF0010C4CEA0C2C4CEA0C4C0A
:10FA6000A3EB0C0222EA030212EACC1204BF51F803
:10FA7000043B0430F4D0C2F1000102EA0102B2FA00
:10FA800082F2C2F11F0200EBD200704740EA01038C
:10FA90009B0710B501D1032A17D8844601F1FF3E18
:10FAA00007E01EF8011F541E03F8011B29B122466E
:10FAB0009C466346002AF4D110BD002CFCD094442F
:10FAC00003F8011B6345FBD110BD8E468446DEF86A
:10FAD000004071460EF1040EA4F1013323EA040341
:10FAE00013F0803FDAD1043A4CF8044B032AEED8E5
:10FAF0007146D3E771B1034600EB010C01E06345A9
:10FB000006D01A46013311780029F8D1101A70472F
:10FB1000181A7047084670472DE9F04FDBB00C46C5
:10FB2000CDE90B1210930A9001F0EAFE0368184623
:10FB30001993FFF77DFFA38918901F0603D523694A
:10FB4000002B00F09D87002300249E46CDE92F3333
:10FB500031ABCDF878E0CDF838E09B462E9300230A
:10FB6000CDF84CE0CDF81CB0CDE91AEECDE91CEE95
:10FB7000CDE916340C9C2378002B00F06181252BF5
:10FB800000F05E81254614F8013F0BB1252BF9D119
:10FB90000C9AA71A13D0079B309E1A601A465F6012
:10FBA0003E442F9B30960133072B2F9300F3A18007
:10FBB0001346083307930E9B3B440E936B78002B40
:10FBC00001F01F810023651C4FF0FF3764788DF82A
:10FBD0009B300D9306930135A4F120035A2B00F2BC
:10FBE000A880DFE813F0CE02A600A600C802A60097
:10FBF000A600A6006A00A600A600DD01F701A60087
:10FC0000E801B002A600AA025B005B005B005B009B
:10FC10005B005B005B005B005B00A600A600A6002B
:10FC2000A600A600A600A6002F01A6007A018F025A
:10FC30002F012F012F01A600A600A600A600810219
:10FC4000A600A6005402A600A600A6008F01A600EA
:10FC50006D02A600A6000607A600A600A600A60044
:10FC6000A600A600A600A6002F01A6007A01B501F5
:10FC70002F012F012F01EE01B5018000A6000B021C
:10FC8000A600FC01020714028000A6008F017E007E
:10FC9000FC06A600A6002D07A6007E00A4F13003F6
:10FCA000002202EB820215F8014B03EB4202A4F1A1
:10FCB0003003092BF5D90D928EE70A9E304601F0EC
:10FCC0001FFE436818461D93FFF7B2FE1C900446C2
:10FCD000304601F015FE82681E9214B1002A40F0F1
:10FCE00072862C7877E7069B2C7843F020030693E6
:10FCF00071E72EAADDE90A0102F03EFA80B931ABC4
:10FD0000079358E72EAADDE90A0102F035FA002828
:10FD100000F087800F9B1BB10F990A9801F0F2FC4D
:10FD20000B9B9B895F0601F1EB820E985BB0BDE8EF
:10FD3000F08F11940C95002C01F0638000220123B8
:10FD400041AD8DF8044117469B468DF89B200893E2
:10FD50000F921292CDE91422069B13F0020A02D0F0
:10FD6000089B02330893069B13F0840405D10D9B76
:10FD700008995E1A002E00F38F83309E7AB12F9A75
:10FD80000DF19B01079B0136013219600121072A01
:10FD900030962F92596000F3BF8308330793BAF16E
:10FDA000000F0ED02F9A27A9079B02360132196047
:10FDB0000221072A30962F92596000F3B983083345
:10FDC0000793802C00F04782A7EB0B07002F00F36E
:10FDD0008E82069BDB0500F1DE812F9B0BEB060478
:10FDE000079A013330941560072BC2F804B02F93A3
:10FDF00000F3F782134608330793069B5B0705D58C
:10FE00000D9B089A9D1A002D00F39E830899DDE949
:10FE10000D238A42ACBF9B185B180E93002C7FF415
:10FE200071AF00232F930F9B1BB10F990A9801F01C
:10FE300069FC31AB0C9C07932378002B7FF49FAEB9
:10FE40000C9CBCE6109B4FF0FF32119407330C95CD
:10FE500023F00701A74BF1E80245109125F000417E
:10FE600020942191DDE92089CDE916454046494697
:10FE7000F1F7B0F8002840F0FA844FF0FF329D4BC4
:10FE800040464946F1F788F8002840F0F084002207
:10FE9000002320462946F1F775F8002841F09280AA
:10FEA0009DF89B20069B0021934D23F080030F912A
:10FEB0000693924B11984FF0030B0F46129147286F
:10FEC000C8BF1D46CDF820B0CDE91411002A3FF47B
:10FED00043AF089B013308933EE7109B00220C952B
:10FEE00041AD53F8041B17461194109301238DF86C
:10FEF0009B209B468DF8041108930F921592149243
:10FF0000129229E7109E119400240C9556F8045B78
:10FF10008DF89B40002D00F064877B1C00F0E48589
:10FF20003A462146284601F0EFFC0F90002801F0E8
:10FF300046810F9B27469DF89B20A3EB050B10964F
:10FF40000F942BEAEB7312940893CDE91444BDE7A8
:10FF5000069B11949E060C9540F1DE80109B0733A2
:10FF600023F007031A46596852F8083B10920A46D4
:10FF70000029C0F23C84791C00F02483069921F00A
:10FF800080010691002F40F01D8353EA020114BF47
:10FF90000121002140F016830F465AAD8B4668E0E0
:10FFA000109B53F8042B002A0D9280F242840D9A84
:10FFB000109352420D92069B2C7843F00403069353
:10FFC00009E62C78069B682C00F0538543F040032B
:10FFD000069300E62B232C788DF89B30FBE5069BDF
:10FFE0000C959C0640F13184109B0E9A1B681A6098
:10FFF000D2175A60109B04331093BBE52C78069BF4
:020000021000EC
:100000006C2C00F02F8543F010030693E3E5069B6C
:100010007820109A43F0020947F630033849ADF8CA
:100020009C3052F8043B1A910221109200220C9548
:10003000119000208DF89B00781C00F0918129F030
:100040008000069053EA020040F08881381E18BFF5
:100050000120002F40F08281002940F0AF8219F08A
:10006000010B0F4600F0618330230DF267158DF808
:1000700067315F454FF0000339469DF89B20B8BFBC
:1000800059460F9312930891CDE914331EE7069B4E
:10009000119443F010030C950693069B13F0200275
:1000A00000F09483109B073323F0070319465A6826
:1000B00051F8083B1091069921F480690021B8E7B6
:1000C000069B119443F010090C9519F0200200F0E2
:1000D0006883109B0121073323F0070318465A68F1
:1000E00050F8083B1090A4E7069B2C7843F00803D7
:1000F000069370E5FFFFEF7FB8950100BC95010006
:10010000C8950100069B119443F010030C950693CB
:10011000069B9E063FF522AF109A52F8043B1092C0
:10012000069AD50600F18D83069A540640F1858320
:1001300043F3C0321BB211461AE7069B2C7843F0FA
:100140008003069347E52A4612F8014B2A2C01F05A
:100150005E81A4F1300315460027092B3FF63CAD24
:1001600007EB870715F8014B03EB4707A4F13003B2
:10017000092BF5D930E5069B2C7843F00103069353
:1001800029E59DF89B302C78002B7FF424AD2023AB
:100190008DF89B301FE5119B652B40F333810022C6
:1001A0000023DDE91601F0F7E3FE002800F01B82D2
:1001B0002F9B0136914A0133079930960A60072B2D
:1001C0004FF001022F934A6000F38D850B460833F0
:1001D0000793289B139A934204DB069BDF0701D405
:1001E00034460AE6189B079A19999C19C2E900132C
:1001F0002F9B30940133072B2F9300F32684134653
:1002000008330793139B5D1E002D7FF7F6AD102D6D
:100210002F9B7B4E40F3DB801027079ADDE90A898C
:1002200003E0103D102D40F3D18001331034072B33
:10023000C2E90067CDE92F3402F10802F1DD2EAAF0
:100240004946404601F098FF00287FF463AD31AA8B
:10025000DDE92F34E5E70D9B089AA3EB0208B8F11E
:10026000000F7FF7B1ADB8F1100F32462F9B644EEF
:1002700029DD1F954FF01009079C1946DDE90AA5F5
:1002800004E0A8F11008B8F1100F19DD01311032A7
:100290000729C4E90069CDE92F1204F10804F0DD53
:1002A0002EAA2946504631AC01F066FF00287FF4A3
:1002B00031ADA8F11008B8F1100FDDE92F12E5DC1F
:1002C0001F9D0B460794079901330E60072B08EB1F
:1002D0000206C1F80480CDE92F3600F363850B4692
:1002E000A7EB0B070833002F07937FF772AD102F92
:1002F00032462F9B424E22DD4FF01009079CDDE96C
:100300000A8A02E0103F102F18DD013310323C49F9
:10031000072BC4E90019CDE92F3204F10804F1DDFF
:100320002EAA5146404631AC01F026FF00287FF44A
:10033000F1AC103F102FDDE92F32E6DC079407996E
:1003400001330E60072B07EB02064F60CDE92F3615
:1003500000F31A820B46083307933AE5DDF818904C
:10036000012900F0318102295AAD12D11A9803F007
:100370000F011B09415C43EA0273120905F8011DD4
:1003800053EA0201F3D15AABCDF81890A3EB050B59
:100390006FE603F00701DB08284643EA4273303179
:1003A000D20805F8011D53EA0204F2D13029EAD03F
:1003B00019F0010FE7D030230238CDF8189005F876
:1003C000013C5AAB0546A3EB000B52E60792013302
:1003D000079A2C44072B16605560CDE92F347FF720
:1003E00009AD2EAADDE90A0101F0C6FE00287FF45E
:1003F00091AC31AB309C0793FFE400BFF89501004E
:10040000FC950100079B03F10807139B012B40F3A8
:100410006D812F9B013607990122013330960D60C3
:10042000072B2F934A6000F3EC8103F10108189A1F
:10043000199B9419B8F1070FC7E90032CDE92F8451
:1004400000F3EB810837139B002203F1FF390023EF
:10045000DDE91601F0F78CFD002840F0688108F115
:10046000010801354C44C7F80490B8F1070F3D600E
:10047000CDE92F8400F34D8108371B9A08F1010361
:1004800014447A60072B2AAACDE92F343A60A8DCFD
:1004900007F108030793B0E4102EDFF8AC82DDE922
:1004A0002F2129DD43461F94B8464FF010092F46EF
:1004B000079C1D4602E0103E102E17DD0132103160
:1004C000072AC4E90059CDE92F2104F10804F2DD1F
:1004D0002EAA0B990A9831AC01F04EFE00287FF449
:1004E00019AC103E102EDDE92F21E7DC2B460794D6
:1004F0003D461F9C474698460132079B3144072AD8
:10050000C3F800805E6030912F9200F39B83083324
:100510009DF89B20079330E42EAADDE90A0101F043
:100520002BFE00287FF4F6AB31AB309E079336E408
:100530002EAADDE90A0101F01FFE00287FF4EAABD4
:1005400031AB309E07933CE4102D2F9BDFF8F881F0
:1005500020DD1027079EDDE90A9A02E0103D102DEC
:1005600017DD01331034072BC6E90087CDE92F349E
:1005700006F10806F2DD2EAA5146484631AE01F0DA
:10058000FBFD00287FF4C6AB103D102DDDE92F34B4
:10059000E7DC07960133079A2C44072BC2E9008554
:1005A000CDE92F347FF732AC2EAADDE90A0101F044
:1005B000E3FD00287FF4AEAB309C27E407465AAD3C
:1005C000834656E5DDF818900A2B72F1000180F0A1
:1005D000978330334FF0010B0DF26715CDF818906B
:1005E0008DF8673145E5289A002A40F33983DDE923
:1005F00012739F4205EB030AA8BF1F46002F0DDDB3
:100600002F9B3E44079A013330961560072B5760A5
:100610002F9300F38C85134608330793129C002F09
:10062000A8BFE41B002C00F33A82069BDDF848903B
:100630005805A94400F16982289D139B9D4203DB64
:10064000069AD10740F1E084189B079A19999C19E2
:10065000C2E900132F9B30940133072B2F9300F333
:10066000A085134608330793139BAAEB09075D1B6C
:10067000AF42A8BF2F46002F0EDD2F9B3C44079AA8
:1006800001333094C2F80090072B57602F9300F38A
:10069000B185134608330793002FA8BFED1B002D2B
:1006A0007FF7ABAB102D2F9B284E7FF790AE102716
:1006B000079ADDE90A8903E0103D102D7FF786AE29
:1006C00001331034072BC2E90067CDE92F3402F162
:1006D0000802F1DD2EAA4946404601F04DFD0028F2
:1006E0007FF418AB31AADDE92F34E5E7069BDA0782
:1006F0003FF58FAE2F9B741C079A03F1010801236D
:100700001560B8F1070F3094CDF8BC8053607FF7C7
:10071000B4AE2EAADDE90A0101F02EFD00287FF417
:10072000F9AA31AFDDE92F84A7E65AADA1E4139B06
:10073000012B7FF7A2AE112B044E40F3708343468A
:100740001025DDE90A8A09E00C960100FC950100FC
:10075000A9F11009B9F1100F40F36083013310348F
:10076000072BC7E90065CDE92F3407F10807EFDD56
:100770002EAA5146404601F0FFFC00287FF4CAAA89
:1007800031AFDDE92F34E3E72EAADDE90A0101F0FC
:10079000F3FC00287FF4BEAA31AB309E0793FFF72D
:1007A00018BB109951F8043B109119F010010BD1AE
:1007B00019F0400003D00A469BB2012139E419F434
:1007C000007201D0DBB20246012132E4109951F8E7
:1007D000043B1091069911F010017FF46CAC069A5D
:1007E00012F0400000F030839BB20A4663E45B42A3
:1007F000DDF818904FF02D004FF0010162EB42023E
:1008000018E42EAADDE90A0101F0B6FC00287FF405
:1008100081AA31AFDDE92F3607E62EAADDE90A010C
:1008200001F0AAFC00287FF475AA31AFDDE92F841E
:1008300009E62C781093FFF7CEB9069A900500F1DF
:10084000F283DA171146FFF793BB069BD80600F137
:10085000C282069B590600F1E083069B9A0540F18F
:10086000BA82109B0E9A1B681A70FFF7C3BBDDE9B2
:10087000160102460B46F0F7ADFB002840F08185DB
:10088000119B23F02008B8F1410F40F0ED82612B5D
:100890004FF030038DF89C300CBF78235823632F22
:1008A0008DF89D3000F3C58341AD0F90DDE9161240
:1008B000002A80F2D1844FF02D0ADDE9163424930A
:1008C00004F10043259328AADDE9240101F01CFC72
:1008D00000224FF07F53F0F7E3F802460B46CDE9D4
:1008E000082300220023F0F743FB08B101232893DB
:1008F000AA4A07F1FF38AA4B2F461199139561298F
:1009000018BF1A46DDE908451292CDF820A092469C
:1009100005E000220023F0F72BFBF8B9C8460022BF
:10092000A04B20462946F0F7BBF80D460446F0F7E9
:1009300067FB0646F0F74AF80B4602462946204672
:10094000EFF7F6FE1AF80630B8F1FF3FBB4608F1A4
:10095000FF3904460D4607F8013BDAD12046294607
:100960000022914BDDF820A05C46139DCDE90801E3
:10097000F0F726FB002840F0178500228A4BDDE9BE
:100980000801F0F7F5FA10B1F20700F10D85B8F1A2
:10099000000FC0F2218508F1010330223B4407F823
:1009A000012BBB42FBD15B1B1393289B1293069B2D
:1009B0000121119A43F002030F320693129BD2B227
:1009C000013B2893ABE21E9B2C781B78002B3FF455
:1009D00002A9069B43F480630693FFF7FCB8DDF899
:1009E000189011940C95FFF770BB11940C95FFF7BC
:1009F00054BB6B4B11940C951A93069B13F0200279
:100A000000F0D680109B073323F0070319465A687D
:100A100051F8083B109153EA02010BD00699CC071C
:100A200008D541F00201069111998DF89D103021F1
:100A30008DF89C10069921F480690221FFF7F9BA1C
:100A4000564B11940C951A93D7E72EAADDE90A01AB
:100A500001F092FB00287FF45DA931AB309C079335
:100A6000FFF7D0BB43F020036C7801350693FFF706
:100A7000B2B843F400736C7801350693FFF7ABB856
:100A800040210A98FEF700FC0B9B186018610028B3
:100A900000F0338440230B9A5361FFF754B8102CB5
:100AA00032462F9B414E40F3938210270799DDE990
:100AB0000A8903E0103C102C40F389820133103284
:100AC000072BC1E90067CDE92F3201F10801F1DD03
:100AD0002EAA4946404601F04FFB00287FF41AA990
:100AE00031A9DDE92F32E5E728461096FEF7A0FF91
:100AF00020EAE073274683469DF89B200F941594C7
:100B0000089314941294FFF7E1B9149B002B06DCB0
:100B1000159B002B03DCD14528BFD1468CE5304620
:100B2000224F4FF01008DDF854B0079A1E9EBBF11B
:100B3000000F4ED00BF1FF3B1C9B1D991844C2E9DE
:100B400000132F993090013107292F9100F3C080B5
:100B50000832AAEB090531788D42A8BF0D46002D59
:100B60000BDD2F9928440131309007292F91C2E9DC
:100B7000009500F3248108323178002DACBF4C1B66
:100B80000C46002C2ADC149B8944002BCFDCBBF1E3
:100B9000000FCCDC1E9606460792BCE7C895010004
:100BA000DC950100000030400000E03FFC950100B2
:100BB000109951F8043B1091069911F010017FF43F
:100BC0002AAF069A12F0400000F036819BB20A4626
:100BD00021E7149B013E013B1493ADE7102C2F99A4
:100BE00040F32F84254607960B9C0A9E119702E03E
:100BF000103D102D17DD013110300729C2E90078B2
:100C0000CDE92F1002F10802F2DD2EAA214630466E
:100C100001F0B2FA00287FF47DA8103D31AA102D12
:100C2000DDE92F10E7DC2C46079E119D01312044A1
:100C3000156007295460CDE92F1000F3A682083211
:100C40003178A0E72EAADDE90A0101F095FA002823
:100C50007FF460A831AB9DF89B200793FFF78DB818
:100C60002F9B741C7D490133079830940160072B3A
:100C70004FF001012F93416000F3B981034608331F
:100C80000793139B134300F06D82189B0798191963
:100C9000199CC0E900432F9B30910133072B2F9300
:100CA00000F3528200F1080B002AC0F2B382139ABB
:100CB0000133CBF800505418072BCBF80420CDE9B2
:100CC0002F343FF78EAB0BF108030793FFF795B86E
:100CD0002EAADDE90A0101F04FFA00287FF41AA8D4
:100CE00031AA309835E72EAADDE90A0101F044FA6D
:100CF00000287FF40FA831AB309E0793FFF769BA45
:100D0000069709F480644FF0000E0DF5B47CDFF80F
:100D100050A11E9F06E00A2B72F1000237D3434612
:100D20003246AC4698184FF0050B0EF1010E0CF14F
:100D3000FF3540F10000AAFB001626F0030101EB8D
:100D400096014FF0CC36401A191A62F1000806FBE2
:100D500001F60AFB0866A1FB0A810E4408F00101B6
:100D60004FEA5808A1FB0B1B48EAC6780918760819
:100D700030310CF8011C002CCDD039787145CAD126
:100D8000FF29C8D00A2B72F1000280F023825AABEF
:100D90001E97CDF84CE0069FA3EB050BCDF81890FD
:100DA000FFF767B92EAADDE90A0101F0E5F900288D
:100DB0007EF4B0AF31AB309E0793FFF705B82EAA93
:100DC000DDE90A0101F0D8F900287EF4A3AF3178FB
:100DD00031AA3098D1E6109B0E9A1B681A60FFF773
:100DE00009B9062F3B462A462F4628BF06230F95F2
:100DF00012959B4608931096CDE91455194DFFF7AF
:100E000065B8309B002B3EF48BAF0B9C2EAA0A9842
:100E1000214601F0B1F9A389FEF784BF984608F195
:100E200001084C443E60B8F1070FC7F80490CDE9C3
:100E30002F847FF721AB6CE4069A12F400723FF422
:100E4000EAADDBB20246E6E5069A12F400723FF420
:100E500032A9DBB20246FFF72EB900BFF8950100B8
:100E6000CDCCCCCCF0950100791C00F0EC80B8F131
:100E7000470F02D1002F08BF01270698DDE916129F
:100E800040F48074002AC0F24A824FF0000ACDE993
:100E90002212B8F1460F00F00A81B8F1450F40F078
:100EA000EC817B1C0A981E46139301932CAB049390
:100EB00029AB039328AB029302230093DDE922239D
:100EC000F0F77AFA0022054686190023DDE92201AF
:100ED000F0F74EF8002840F0D2822C9BB34206D2A5
:100EE00030215A1C2C9219702C9B9E42F9D85B1B06
:100EF000B8F1470F1393289B129340F0C982129BBD
:100F00009F4202DB033380F2B380119B023B1193BB
:100F1000129B00219DF84420013B0F912893002B48
:100F20008DF8A820C0F2F6812B22092B8DF8A9207C
:100F300040F3D4810DF1B70EDFF8B4C27646ACFBB6
:100F400003211C463046013EC908632C01EB810297
:100F5000A3EB42020B4602F1300200F8012CEEDC5A
:100F6000303306F8013C831E734580F08E820DF10C
:100F7000A90213F8011B734502F8011FF9D15AABFE
:100F8000181AA0F1AD031B93139B1B9A012B03EBC3
:100F9000020B40F3BA81189B9B44069B2BEAEB7231
:100FA00023F48063089243F480730693002315931F
:100FB00014931293BAF1000F54D157469DF89B2019
:100FC000FEF784BF2D228DF89B20FEF76BBF0791A3
:100FD000079901330E60072B04EB02064C60CDE944
:100FE0002F3632DC0B4608330793FFF71EBB2EAAC1
:100FF000DDE90A0101F0C0F800287EF48BAE31ABC8
:10100000289A309C07933CE6AAEB09075D1B3446FF
:10101000AF42A8BF2F46FFF73FBB109B0E9A1B683D
:101020001A80FEF7E7BF43F3C0125BB21146FEF72A
:101030009FBF791C0A98FEF727F90546002800F0A3
:1010400030820F9032E4062717E72EAADDE90A0165
:1010500001F092F800287EF45DAE31AB309E07932C
:10106000FFF7E3BA2D2200278DF89B20FEF731BF52
:10107000DDE91223934200F3F580069BDF0740F180
:101080009081129B189A03EB020B069B5E0503D519
:10109000129B002B00F34C812BEAEB730893672320
:1010A0001193002306940F93CDE9143382E72CAB00
:1010B0000A980197049329AB039328AB0293032367
:1010C0000093DDE92223F0F777F903780546302B0A
:1010D00008D100220023DDE92201EFF749FF0028B3
:1010E00000F0A381289E002200233E44DDE9220176
:1010F000EFF73EFF002800F08581289B1396069AA3
:10110000002B02F00102129342EA070240F39181A0
:10111000002A40F070816623DDF848B01193069BE9
:101120005E0500F107812BEAEB730893B9E72EAA5D
:10113000DDE90A0101F020F800287EF4EBAD31ABC7
:10114000309E0793FFF76ABA2EAADDE90A0101F083
:1011500013F800287EF4DEAD289A0DF1C40BDDE90A
:101160002F31A1E5069BDE077EF547AE189B079A57
:1011700019981919C2E900032F9B30910133072BED
:101180002F93E1DC02F1080B91E52EAADDE90A01BB
:1011900000F0F2FF00287EF4BDAD317831AA30981E
:1011A000F1E42EAADDE90A0100F0E6FF00287EF452
:1011B000B1AD31AB289D309C0793FFF755BABB46C4
:1011C00008979DF89B20074610961290CDE91400D1
:1011D000FEF77CBE1C9B1D99ED1A1A462846FEF7A9
:1011E00055FC7B7803B101374FF0000E97E500BF47
:1011F000CDCCCCCC2EAADDE90A0100F0BDFF002841
:101200007EF488AD139B289D309C5D1B31AB07930A
:10121000FFF742BA57421032A64E51DA1024DDE9E8
:101220000A8902E0103F102F4ADD01331031072BED
:10123000CBE90064CDE92F310BF1080BF2DD2EAACA
:101240004946404600F098FF00287EF463AD0DF15A
:10125000C40BDDE92F31E5E74FF0000ACDE9241298
:10126000FFF731BB139B189A03EB020B129B002B69
:1012700040F3B8806723119351E72CAB0A9801978C
:10128000049329AB039328AB029302230093DDE977
:101290002223F0F791F8069B0546D8070AD50022CD
:1012A0000023DDE92201EFF763FE002840F0B9805A
:1012B000EE1912E62C9B5B1B1393289B12931EE6E0
:1012C00001333944CBF80060072BCBF80470CDE92B
:1012D0002F3100F3B9800BF1080BE8E4002940F04E
:1012E000938030228DF8AA200DF1AB02303302F842
:1012F000013B2AABD31A1B9346E60C230A9A1360D0
:101300004FF0FF330E93FEF710BD069BDB077FF512
:1013100044AE40E6129B2D22C3F1010305E6DDE950
:1013200016234FF02D0A03F1004322922393B0E5D8
:10133000672311931E990B78FF2B00F0AE800020DD
:10134000129A064603E001360131FF2B08D09A427B
:1013500006DDD21A4B78002BF5D10B780130F4E77B
:10136000129215901E9114960694DDE914321344DE
:101370001C9A02FB03BB00230F932BEAEB73089329
:1013800018E6179B002B6CDB9DF89B20069B4A4DB3
:1013900023F080030693002319460F93474BFEF773
:1013A00089BDDDF848B070E6129B3A462C94D97B93
:1013B00017F8013C994209D1302002F8010C2C9A0F
:1013C000531E2C9312F8013C9942F6D0392B59D078
:1013D0000133DBB202F8013C7B1B1393289B129371
:1013E000FFF7E5BAC3F101039B44672311932BEA8E
:1013F000EB73089355E6189A134403EB070B662327
:1014000011938CE62E4468E50DF1AA026EE7109B5D
:101410006C78154653F8047B47EAE7771093FEF79C
:10142000DABB289BCDE9123769E5C7F1010628969A
:1014300059E6D2B94FF0010B6623CDF820B01193D5
:101440002FE61C4DFFF7F2BB2EAADDE90A0100F0E2
:1014500093FE00287EF45EAC0DF1C40BDDE92F3164
:1014600025E42D228DF89B2090E7189B013303EB98
:10147000070B662311932BEAEB73089311E6289B65
:10148000129345E5129B9B7AA4E702231B937BE50D
:10149000B8F1460F3FF433AE3AE50023CDE91433FB
:1014A00062E70B998B8943F0400213468A81FEF76D
:1014B00039BC00BFFC950100C0950100C495010036
:1014C00010B50029194C9AB024682ADB00900490CA
:1014D0004FF40270ADF80C0013D001394FF6FF70D5
:1014E000029105916946ADF80E002046FEF714FB07
:1014F000421C01DA8B232360009B00221A701AB071
:1015000010BD4FF6FF70029105916946ADF80E00CF
:101510002046FEF701FB431C01DA8B2323601AB03F
:1015200010BD8B234FF0FF302360F8E72C0D002017
:101530002DE9F04F036985B00C69A342C0F2908099
:10154000013C01F1140500F11408814655F82430DE
:101550004FEA840C58F8242005EB8407013308EB8C
:10156000840B9A42B2FBF3F642D30020AA46C64649
:10157000CDF80C8003468846CDE901C505465AF8EA
:10158000042BDEF8001090B257454FEA124C06FBD0
:1015900000508AB24FEA104580B206FB0C55A2EB10
:1015A00000021A44ABB24FEA1545C3EB224392B294
:1015B00003EB114342EA03424FEA23434EF8042B64
:1015C000DDD24146DDF80C80DDE901C558F80C306C
:1015D00073B9ABF1040BD84504D307E0D84504F147
:1015E000FF3403D25BF80439002BF7D0C9F8104060
:1015F000484600F059FC00282EDB00224146944664
:1016000055F8040B0B681FFA80FEAF429AB24FEAFE
:101610001040A2EB0E026244C0EB224092B200EBFB
:10162000134042EA00424FEA204C41F8042BE7D233
:1016300058F8242008EB84036AB9043B984504D386
:1016400007E0984504F1FF3403D253F80429002A37
:10165000F7D0C9F810400136304605B0BDE8F08F2C
:10166000002005B0BDE8F08FF8B5224F0C460646C5
:10167000FEF71EF9BB685D6825F0030505F6EF73FC
:10168000191B1D4C0C40A4F58054B4F5805F07DB9A
:1016900000213046FEF718F9BB682B44984204D06D
:1016A0003046FEF70BF90020F8BD61423046FEF7E8
:1016B0000BF901300DD02D1B104ABB68304645F0A8
:1016C00001055D6013681B1B1360FEF7F7F801202E
:1016D000F8BD00213046FEF7F7F8BA68831A0F2BE1
:1016E000DEDD43F0010305495360054B1B68C01A5A
:1016F0000860D5E79800002000F0FFFF342F00209D
:10170000240D002000297CD0F8B50C460646FEF7D3
:10171000CFF8784F54F8043CA4F10805D7F808C076
:1017200023F0010168184268844522F0030200F0AA
:101730008380DB0700EB020C426033D454F8084C82
:10174000DCF8043007F1080C2D1B214403F00103E1
:10175000AC68644564D0D5F80CE0C4F80CE0CEF871
:101760000840002B00F0818041F001036B600160B4
:10177000B1F5007F22D2CB080122490901338A400A
:1017800079680A4357F833107A6007EBC302083AC6
:10179000C5E9021247F83350CD603046BDE8F84045
:1017A000FEF78CB8DCF80430DB072BD541F00103E1
:1017B000B1F5007F44F8043C0160DCD3B1F5206F43
:1017C0004FEA512353D28B0903F1390003F1380258
:1017D000C300F818FB580838984203D163E09B68AF
:1017E000984204D05A6822F003028A42F7D8D86897
:1017F000C5E9023085603046DD60BDE8F840FEF79F
:101800005DB87047114407F1080C836863453FD009
:10181000C268DA60936041F001036B606950A7E72A
:10182000002B61D10A44D0E90213CB60996042F0E9
:1018300001036B60AA50B0E70A44D90707D454F8F3
:10184000083CED1A1A44D5E90213CB60996042F0C6
:1018500001036B60284BBD601B6893429DD8274BEA
:1018600030461968FFF700FF97E71144CDE7142BC6
:1018700008D9542B1FD80B0B03F16F0003F16E0234
:10188000C300A6E703F15C0003F15B02C300A0E71D
:1018900041F001033D617D61C5F808C0C5F80CC089
:1018A0006B60695079E70121921001FA02F27968C0
:1018B0000A437A609CE7B3F5AA7F06D8CB0B03F105
:1018C000780003F17702C30083E740F25452934259
:1018D00006D88B0C03F17D0003F17C02C30078E78E
:1018E0004FF47E737E2274E741F001036B60016068
:1018F00053E700BF98000020280D0020642F00202F
:1019000000487047200E00205FFA81FC810744D018
:101910000346511E22B909E09A0709D0013905D3BF
:101920001846013302786245F6D1704700207047AF
:10193000184603290CD80029F8D00346014401E0D9
:101940008B42F3D0184613F8012B6245F8D1ECE72F
:1019500010B50CEB0C24024604EB044402E00439FD
:10196000032918D9104652F8043B6340A3F1013E05
:101970002EEA030313F0803FF1D051B10346014436
:1019800001E08B4205D0184613F8012B6245F8D1CF
:1019900010BD002010BD1046EFE71146C9E700BF9B
:1019A00038B5C36C05460C464BB153F8240080B1E2
:1019B000026843F824200023C360036138BD21225C
:1019C000042100F07DFC0346E8640028EDD10020EE
:1019D00038BD0121284601FA04F56A1D920000F085
:1019E0006FFC0028F3D0C0E90145E4E731B1C36CD6
:1019F0004A6853F82200086043F82210704700BF7D
:101A00002DE9F04107460E461C460D6901F1140E02
:101A10000020DEF8001001308BB285424FEA114100
:101A200002FB03434FEA134C9BB202FB01CC03EBD6
:101A30000C434FEA1C444EF8043BEADC3CB1B3686B
:101A4000AB4207DD06EB850301355C61356130464D
:101A5000BDE8F081716838460131FFF7A1FF80468B
:101A6000A8B1326906F10C010C3002329200EEF797
:101A700007FDFB6C726853F82210316043F8226056
:101A8000464606EB850301355C613561DFE70246BA
:101A9000024BB521024800F0F5FB00BF2C96010077
:101AA00098960100B0F5803F034618D20304102039
:101AB000B3F1807F01D208301B02B3F1805F01D205
:101AC00004301B01B3F1804F03D3002B06DB013040
:101AD00070479B0005D45B0005D420207047002090
:101AE000E6E7023070470330704700BF03680146E5
:101AF00013F0070207D0DA071FD4980721D55B0837
:101B000001200B60704798B2A0B11046DAB20AB952
:101B100008301B0A1A0701D104301B099A0701D1AA
:101B200002309B08DA0703D45B0800F1010006D0FD
:101B30000B6070471B0C1020E8E700207047202046
:101B400070479B0802200B60704700BF38B5C36C1C
:101B500004460D464BB15868B0B102685A60002285
:101B600001234561C260036138BD2122042100F0D8
:101B7000A7FB0346E0640028EDD1094B00224FF497
:101B8000A071084800F07EFB1C220121204600F0D5
:101B900097FB0028F1D00122022342608360DEE738
:101BA0002C960100989601002DE9F04FD1F8108095
:101BB00085B015690E469246A84505DB2A46534670
:101BC00045468A4690461E4605EB0804DAE90113AD
:101BD000A342B8BF0131FFF7E3FE002800F08B807D
:101BE00000F1140707EB840E774505D23B4600222F
:101BF00043F8042B9E45FBD814360AF1140906EB72
:101C0000880809EB8505464568D2A5EB0A030AF169
:101C1000150ACDF808E0AE46153B039423F0030304
:101C2000043355452CBF9B464FF0040B824605E01C
:101C3000090C2CD1B04507F104074CD956F8041B08
:101C40008DB2002DF4D0CC463C46002301965CF8C2
:101C5000040B216886B2E6458AB24FEA104005FBC4
:101C600006224FEA11411A4405FB001101EB124113
:101C700092B24FEA114342EA014244F8042BE6D8FB
:101C8000019E47F80B3056F8041C090CD2D03B6873
:101C9000002248463D461C46944602889BB201FB02
:101CA00002C202EB144243EA024345F8043B50F8F7
:101CB000043B2C684FEA134C8645A3B201FB0C335E
:101CC00003EB12434FEA134CE7D8B04547F80B300B
:101CD00007F10407B2D85046DDE902E4002C02DC2B
:101CE00005E0013C03D05EF8043D002BF9D004610F
:101CF00005B0BDE8F08F0246024B40F25D1102488C
:101D000000F0C0FA2C9601009896010012F003032F
:101D10002DE9F041144607462CD10D46A4101CD0E5
:101D2000BE6C86B3E3074FF0000806D4641014D0ED
:101D30003068A8B10646E307F8D53246294638464A
:101D4000FFF732FF35B1FB6C696853F821202A6038
:101D500043F8215064100546EAD12846BDE8F081D9
:101D6000324631463846FFF71FFF30600646C0F85E
:101D70000080E0E7013B0F4A52F823200023FFF7E1
:101D80003FFE0546CAE701213846FFF709FE064631
:101D900040B1012340F27122C0E904320023B8644B
:101DA0000360BFE70246044B4FF4A071034800F004
:101DB00069FA00BFF09601002C9601009896010088
:101DC0002DE9F0470C46904606464FEA621927690E
:101DD000A36807EB621749687D1C9D4203DD5B0029
:101DE00001319D42FBDC3046FFF7DAFD002850D080
:101DF000B9F1000F00F1140C0EDD09F10502634684
:101E000000214FEA820E00EB820243F8041B93424A
:101E1000FBD1AEF114039C4404F11403216918F0C2
:101E20001F0803EB81012BD0C8F12009E6464FF0D3
:101E3000000A1A6802FA08F242EA0A024EF8042B73
:101E400053F8042B994222FA09FAF2D80B1B04F139
:101E50001502153B23F003030433914238BF0423DA
:101E60004CF803A0BAF1000F00D13D46F36C626854
:101E7000056153F82210216043F82240BDE8F08745
:101E8000ACF1040C53F8042B99424CF8042FF9D808
:101E9000EBE70246024B40F2D911024800F0F2F99A
:101EA0002C9601009896010084460B690069C01ABF
:101EB00015D10CF1140C14310CEB830201EB8303EC
:101EC00010B401E0944508D252F8044D53F8041DB3
:101ED0008C42F7D004D24FF0FF3010BC70477047EF
:101EE000012010BC704700BF2DE9F04F136983B08B
:101EF0000F690D469046FF1A002F15D101F1140607
:101F0000143202EB830206EB830301E09E4276D299
:101F100053F8044D52F8041D8C42F7D006D22B46DC
:101F200001274546984601E0F9DB00276968FFF77D
:101F300037FD002875D02E6905F1140B08F1140E39
:101F4000D8F8103000F1140AC76005F110010EEB4B
:101F500083090BEB86024FF0000C5746CDF804B016
:101F60005EF8044B51F8045F1FFA84FBF145ABB2F5
:101F70004FEA1444A3EB0B03C4EB1544634404EB96
:101F800023449BB24FEA244C43EA044347F8043B02
:101F9000E6D8A9EB080508F11508DDF804B0153DF1
:101FA000AD08691C8900C14538BF04210BEB010451
:101FB0005144A2422ED90F46254655F8043B1FFA3C
:101FC00083F8AA424FEA134E6344C4449BB20EEB1B
:101FD0002C4C43EA0C434FEA2C4C47F8043BECD81A
:101FE000013A121B22F00302114423B951F8043DB7
:101FF000013E002BFAD0066103B0BDE8F08F00214E
:10200000FFF7CEFCA0B101220023C0E9042303B0F6
:10201000BDE8F08FAD00C14538BF00250AEB0501D2
:10202000E3E70246064B4FF41071064800F02AF928
:102030000246034B40F23221024800F023F900BF70
:102040002C96010098960100F0B5012183B0164648
:102050001F46FFF7A5FC0546002849D0C7F30A54E0
:10206000C7F313030CB143F48013002E019315D171
:1020700001A80126FFF73AFD019A00F120032E6125
:102080006A611CB3A4F23344C3F135001C44089BBD
:102090001C60099B1860284603B0F0BD6846009696
:1020A000FFF724FD019A034600B3C0F1200102FAB4
:1020B00001F1C240009801920143002A0CBF0126A1
:1020C0000226C5E905122E61002CDBD1A3F23243B2
:1020D00005EB8602089910690B60FFF7E3FC099B8A
:1020E000C0EB46101860284603B0F0BD0099E4E745
:1020F0000246034B40F20A31024800F0C3F800BF29
:102100002C96010098960100F8B5DFF85CC021F02C
:1021100000430027044663450D46176021D88446D6
:1021200053EA0C0C1DD0DFF844C016460A4601EAFB
:102130000C0CBCF1000F09D100220D4BEEF7B0FCE6
:102140006FF0350704460A4621F000431B15A3F241
:10215000FE333B443360074B134043F07F5545F457
:10216000001520462946F8BDFFFFEF7F0000F07FF5
:1021700000005043FFFF0F8093682DE9F04F924617
:1021800083B01768002B75D04FF0000B81460C46CA
:102190008B680A685D4647E0B4F90C3013F4906F21
:1021A0002ED0D4E9041616EB4606A2EB010848BF70
:1021B000013608F1010076102844B042324601D9B8
:1021C000064602465B0539D511464846FDF75CF8E0
:1021D000019000283CD042462169EEF751F9A289CE
:1021E000019B22F4906242F08002A281A6EB0802D9
:1021F00003EB08006661A8462E46A26023612060BA
:102200003246594600F0B6F8DAF80810A36822689A
:10221000491BA3EB08033244A3602260CAF80810EC
:1022200041B3D7E900B5083798461046002DF8D0DD
:102230009D421E46B0D2A8462E46E1E7484600F031
:1022400019F903460028D1D121694846FFF75AFA07
:10225000A3890C224FF0FF3043F04003C9F800205F
:102260000022A3810023CAF80820CAF8043003B072
:10227000BDE8F08F00200023CAF8043003B0BDE8A9
:10228000F08F00BF0A4D14461A4603462E680D46CD
:1022900000B5F06885B044B106490095CDE9011458
:1022A000054900F03DF8F2F749FA04490C46F4E715
:1022B0002C0D0020FC9601000C97010008970100EE
:1022C00010B502FB01F1FCF7DFFF044668B150F8DE
:1022D000042C22F00302043A242A14D8132A06D824
:1022E00002460023136053609360204610BD002314
:1022F0001B2A036043600BD9242A8360C3600AD081
:1023000000F11002EDE70021FDF77EFA204610BD36
:1023100000F10802E5E700F1180203614361E0E71C
:102320000EB410B583B0074C014605AB206853F8D6
:10233000042B019300F056FA03B0BDE8104003B03F
:10234000704700BF2C0D002082B049B15AB16BB16B
:1023500013780B601278101E18BF012002B070476E
:1023600001A9002AF3D1104602B070476FF00100B6
:10237000F4E700BF88420ED98B1883420BD900EBDB
:10238000020C002A6ED0624613F801CD994202F881
:1023900001CDF9D170470F2A0FD8034602F1FF3C57
:1023A000002A5FD00CF1010C013B8C4411F8012B89
:1023B000614503F8012FF9D1704740EA01039B07FB
:1023C00051D1A2F1100301F1200C70B523F00F05DB
:1023D00001F1100E00F110041B09AC445EF8105C12
:1023E0000EF1100E103444F8205C5EF81C5C44F8CA
:1023F0001C5C5EF8185C44F8185C5EF8145CE645FA
:1024000044F8145CEAD1013312F00C0F02F00F0C07
:1024100001EB031100EB031329D0ACF1040C1C1FDA
:102420008E462CF003064FEA9C0C1E445EF8045BBB
:1024300044F8045FB442F9D10CF1010402F0030244
:1024400003EB840301EB840102F1FF3C4AB10CF180
:10245000010C013B8C4411F8012B614503F8012F5D
:10246000F9D170BD704702F1FF3C03469AE762461E
:10247000EAE700BF2DE9F04F164683B0002900F0CF
:102480009E800C4606F10B058046FDF711FA54F8C4
:10249000040C162DA4F1080920F0030762D81022BD
:1024A00000231546B542C0F0A280002B40F09F806B
:1024B000974261DADFF8F8B209EB0701DBF8083080
:1024C000D1F804C08B4200F097802CF001030B443C
:1024D0005B68DB0768D42CF0030C07EB0C0393421A
:1024E00045DAC00712D454F8083CA9EB030ADAF81D
:1024F000043023F0030084440CEB070B5A4540F3EF
:10250000FE8007EB000B5A4540F3D480314640462D
:10251000FCF7BAFE0646002800F0298154F8043C76
:10252000A0F1080223F001034B44934200F0B18074
:102530003A1F242A00F2DF80132A00F2B0800346FB
:102540002246116819605168596092689A60214664
:102550004046FFF7D7F84046FDF7B0F9304603B0E4
:10256000BDE8F08F25F007052A46EB0F9AE71F46D6
:10257000D1E90223D3609A60781BD9F8043009EBC3
:1025800007020F2803F001031FD83B43C9F80430AA
:10259000536843F00103536040462646FDF78EF929
:1025A000304603B0BDE8F08FC107AFD454F8083C03
:1025B000A9EB030ADAF8043023F00300A1E711467F
:1025C00003B0BDE8F04FFCF75FBE2B4309EB0501FC
:1025D00040F00100C9F80430083141F8040C4046CD
:1025E000536843F001035360FFF78CF8D4E70C23E2
:1025F000C8F800300026D3E72CF0030C05F11001D9
:102600000CEB07038B4280F29280C3073FF57EAF4D
:1026100054F8083CA9EB030ADAF8043023F003006D
:1026200084440CEB070399423FF76BAF3A1F5646C1
:10263000DAF80C1056F8080F242AC160886000F2FE
:10264000B080132A40F2AB8021681B2ACAF8081018
:102650006168CAF80C1000F2AD8008340AF110026B
:102660002168116061685160A16891605B1B0AEB91
:102670000502404643F00103CBF808205360DAF826
:10268000043003F001032B43CAF80430FDF716F9B8
:1026900086E750F8043C23F003031F446CE72368EB
:1026A0001B2A03606368436036D804F1080200F116
:1026B000080346E73A1F5646DAF80C30242A56F843
:1026C000081FCB60996022D8132A1ED923681B2AC1
:1026D000CAF808306368CAF80C303CD808340AF1EC
:1026E000100322681A6062685A60A2689A603446D1
:1026F0005F46D14640E72146FFF73CFE27E7D1E998
:1027000002133A1FCB609960D5E73346E9E72146CB
:102710003046FFF72FFEEAE7A368242A8360E368C8
:10272000C36028D004F1100200F1100309E75B1B1D
:1027300009EB05024046264643F00103CBF808208A
:10274000536054F8043C03F001032B4344F8043C69
:10275000FDF7B4F824E7A368242ACAF81030E36828
:10276000CAF8143010D010340AF11803B9E7404603
:10277000FDF7A4F83EE7236904F1180203616369D9
:10278000436100F11803DCE623691834CAF81830F5
:1027900054F8043CCAF81C300AF12003A1E7324681
:1027A0005EE7214630460193FFF7E4FD019B5DE7BC
:1027B00098000020A168242ACAF81010E168CAF81D
:1027C000141003D010340AF1180249E722691834B2
:1027D000CAF8182054F8042CCAF81C200AF1200268
:1027E0003EE700BF2DE9F04FBDB01C469146049175
:1027F0000793059018B1836B002B00F08982049A2F
:10280000536EB2F90C20DB0702D4970540F14385E3
:10281000160740F11081049B1B69002B00F00B810F
:1028200002F01A030A2B00F0158113AB0DF14C0ACC
:1028300010930023CDE9113309930A930693CDE950
:102840000C3399F800304C46DBB1252B19D02546C6
:1028500014F8013F0BB1252BF9D1B4EB090610D0C8
:10286000119B129A01333244072B11931292CAE939
:10287000009600F349810AF1080A069B3344069347
:102880006B78002B00F003864FF000034FF0000B35
:1028900004F1010961784FF0FF388DF83B30CDF835
:1028A00004B009F10109A1F120035A2B00F249817A
:1028B000DFE813F0EB0247014701E402470147015B
:1028C00047016A0047014701D902D30247012301AA
:1028D000BA024701B3025B005B005B005B005B0078
:1028E0005B005B005B005B0047014701470147015C
:1028F000470147014701470147012002880047017E
:102900004701470147014701470147014701470187
:102910004701E5004701470147010402470157020B
:1029200047014701FB0447014701470147014701B0
:102930004701470147014701470120028C00470139
:1029400047014701F6028C0081004701000347015F
:10295000A502E9008D028100470104027E00F9040E
:10296000470147011C0547017E00A1F130034FF0EC
:10297000000B0BEB8B0B19F8011B03EB4B0BA1F1BD
:102980003003092BF5D98EE7059D2846FEF7B8FFE1
:10299000436818460C93FDF74BF80D900446284603
:1029A000FEF7AEFF82680A9214B1002A40F0558407
:1029B00099F8001075E7019B99F8001043F0200387
:1029C00001936EE7019B43F010030193019B9F0667
:1029D00040F16581079B073323F007031A465968C6
:1029E00052F8083B07920A460029C0F29D81B8F1CF
:1029F000FF3F00F0A781019921F080010191B8F11A
:102A0000000F40F09F8153EA020114BF0121002111
:102A100040F0988188469DF83B303CAD0391039A85
:102A20004245B8BF42460292002B00F09880134600
:102A30000133029393E0049D0598294600F0F6FDCA
:102A4000002840F08185B5F90C2002F01A030A2B0A
:102A50007FF4EBAE0499B1F90E30002BFFF6E5AE32
:102A60004B6ED80702D4930540F14A8523464A4667
:102A7000DDE904103DB0BDE8F04F00F089BD019BD9
:102A800043F010030193019B13F0200200F0F68045
:102A9000079B073323F0070319465A6851F8083B90
:102AA00007910199B8F1FF3F21F4806101914FF046
:102AB00000018DF83B1040F0B5833CAD03F00701F9
:102AC000DB08284643EA42733031D20805F8011D7D
:102AD00053EA0204F2D1302903D0019BDE0700F152
:102AE000B3833CAB5B1B0393039B4345B8BF434697
:102AF000029334E0CBF1000B0793019B99F800108F
:102B000043F004030193CCE61AB911920DF14C0A7B
:102B1000B3E610AADDE9041000F02EFF0023CDE992
:102B200011330028F2D0049B5A6EB3F90C30D00751
:102B300040F19A805A0600F1138506983DB0BDE831
:102B4000F08F002900F0A384002323AD8DF88C10B2
:102B50008DF83B300123029303934FF00008019B53
:102B600013F0020602D0029B02330293019BDDE9BF
:102B7000112013F0840302F1010108938C4605D162
:102B8000029BABEB0304002C00F3B6829DF83B10D4
:102B9000002900F0AF810DF13B020130BCF1070FBD
:102BA000CAF800204FF00102CDE911C0CAF8042094
:102BB00040F39B8148B110AADDE9041000F0DCFE6F
:102BC0000022CDE911220028ADD1002E00F0A6810F
:102BD00002200FAB4FF0010C0DF14C0A149013932F
:102BE00062460AF1080A0CF1010C089B802B00F0E8
:102BF0009F81039BA8EB0307002F00F31D82039B1B
:102C0000BCF1070FCAF800501844CAF80430CDE9E7
:102C100011C040F3D981002840F062821190019BDD
:102C20005B0740F13F82029B0DF14C0A1298ABEB1F
:102C30000304002C00F3D481069B029A9345ACBF99
:102C40005B449B18069350B110AADDE9041000F014
:102C500093FE0023CDE9113300287FF464AF0023F5
:102C60000DF14C0A1193ECE599053FF563AF049C17
:102C7000A06DF1F74BFDB4F90C305BE7079951F803
:102C8000043B0791019911F010017FF40AAF019AFA
:102C900012F0400000F011849BB20A4601E7079A47
:102CA00052F8043B0792019AD60638D4019A550689
:102CB00031D543F3C0321BB2114695E6079C00267E
:102CC00054F8045B8DF83B60002D00F0D683B8F11A
:102CD000FF3F00F04583424631462846FEF714FE8A
:102CE000002800F01484431BB046079403939DF81A
:102CF0003B3094E6079B002223AD8DF83B2053F830
:102D0000042B079301238DF88C200293039324E76F
:102D100000F0AAFD73E5019A940500F1E683DA1745
:102D200011460029BFF663AE5B424FF02D0162EB06
:102D30004202B8F1FF3F8DF83B1003D0019921F01A
:102D4000800101910A2B72F1000180F0258330335C
:102D500001220DF1EF058DF8EF3003929DF83B3025
:102D60005DE6019B43F0100010F0200200F04B8262
:102D7000079B073323F0070319465A6851F8083BAD
:102D800007910021B8F1FF3F8DF83B1000F0BD83A3
:102D9000012120F08004019453EA020440F0F781FD
:102DA000B8F1000418BF0124B8F1000F40F0EF8122
:102DB000002940F0038210F001038846039300F0DD
:102DC0000D8230230DF1EF058DF8EF308CE6019B7D
:102DD000079A43F0020047F63003BE49ADF83C3095
:102DE00052F8043B0991079200224FF00001B8F11C
:102DF000FF3F8DF83B1000F0D1810221C9E7019B14
:102E0000980640F13782079B069A1B681A60D21712
:102E10005A60079B0433079313E5019B99F8001050
:102E200043F0800301933CE54A4612F8011B2A292E
:102E300000F09B83A1F1300391464FF00008092B6D
:102E40003FF631AD08EB880819F8011B03EB480881
:102E5000A1F13003092BF5D925E52B2399F80010B2
:102E60008DF83B301DE5079B53F804BBBBF1000F09
:102E7000FFF640AE99F80010079312E5019B99F810
:102E8000001043F0010301930BE59DF83B3099F8E6
:102E90000010002B7FF405AD20238DF83B3000E5BA
:102EA00099F80010019B682900F0D98243F0400393
:102EB0000193F6E499F80010019B6C2900F0C6829A
:102EC00043F010030193ECE4002840F02B829DF8BE
:102ED0003B20002A00F0208201220DF14C0A94468A
:102EE00014920DF13B026046139262460AF1080A01
:102EF0000CF1010C002E3FF478AE0FAB0230BCF1A8
:102F0000070FCAF800304FF00203CDE911C0CAF82C
:102F100004307FF765AE002840F05481089B002202
:102F20004FF0010C0DF14C0A802B10467FF461AE7E
:102F3000029BABEB0307002F7FF75BAE102F40F334
:102F40000083654CD4460026CA46C146A84625469D
:102F5000059C09E000224FF0010E0DF14C0C1046CB
:102F6000103F102F40F33C81511C1030102302F110
:102F7000020E0729CCF80050CCF804300A460CF1B8
:102F8000080CCDE91110EBDD10AA0028E2D004995D
:102F9000204600F0F1FCCDE911660028DAD0C2E548
:102FA00050B110AADDE9041000F0E6FC0023CDE9E1
:102FB000113300287FF4B7AD039801230DF14C0ABB
:102FC0001395149012901193019B5C077FF534AE1A
:102FD000029B0AF1080AABEB0304002C7FF72CAE2E
:102FE000102C119A40F3AA823C4F10250026DDF8E0
:102FF000148008E000224FF0010C0DF14C0A10463D
:10300000103C102C42DD511C103002F1020C07293B
:103010000A46CAE90075CDE911100AF1080AEFDD88
:1030200010AA0028E6D00499404600F0A5FCCDE99E
:1030300011660028DED076E5274C102F3ADD4FF0E0
:103040001008049E08E000224FF0010C0DF14C0A1C
:103050001046103F102F2DDD511C103002F1020CD4
:1030600007290A46CAE90048CDE911100AF1080A01
:10307000EFDD10AA31460028E5D0059800F07CFC71
:103080000023CDE911330028DDD04CE56146204412
:103090000729CAE90074CDE911107FF7CDAD0028EA
:1030A00040F05181069B029A9345ACBF5B449B184C
:1030B0000693D4E53844BCF1070FCAF80040CAF8BB
:1030C0000470CDE911C03FF76BAF0AF1080A0CF1AB
:1030D000010C94E5C89501004C9701005C97010034
:1030E00010AADDE9041000F047FC0023CDE91133FC
:1030F00000283FF494AD16E5102C40F31082D4461E
:103100000B95CA46AA4FC1461023B046089D049E9F
:1031100005E0103C0A46102C02F1010118DD1030C8
:10312000072902F1020ECCE90073CDE911100CF170
:10313000080CEEDD10AA314600BB103C00224FF017
:10314000010E0DF14C0C102C104602F10101E6DCD1
:1031500046460B9DC846D146E2462044BEF1070FC5
:10316000CAF80070CAF80440CDE911E03FF7ACAEF0
:103170000AF1080A0EF1010C724607E5059800F005
:10318000FBFB1023CDE911550028D6D0CBE4012953
:103190003FF4D8AD02297FF490AC01983CAD099C76
:1031A00003F00F011B09615C43EA0273120905F881
:1031B000011D53EA0201F3D1019092E4A0463CAD17
:1031C000039491E410AADDE9041000F0D5FB00237C
:1031D000CDE9113300283FF4A1AEA4E43CAD83E473
:1031E0002C4671464546C846D146E2463844072932
:1031F000CAE90047CDE9111016DC0AF1080A01F10D
:10320000010C0A46F5E4079951F8043B079110F0C8
:1032100010017FF4B6AD10F0400400F03F819BB286
:103220000A46AEE50198B4E5002840F0A380039B70
:10323000A8EB0307002F7FF7BFAE00224FF0010C71
:103240000DF14C0A1046F8E63023023805F8013C2F
:103250003CAB05461B1A039346E40A9B99F8001001
:103260001B78002B3FF41DAB019B43F4806301935B
:10327000FFF717BB019BD90600F1FA80019B5A06A4
:1032800000F13981019B9B0540F1F280079B069A72
:103290001B681A70BDE5049DA86DF1F71BFAB5F91E
:1032A0000C20FFF7B5BA01985EE5424B0993019BEC
:1032B00013F0200220D0079B073323F007031846A2
:1032C0005A6850F8083B079053EA02000AD0019868
:1032D000C70707D58DF83D1040F00201019130215C
:1032E0008DF83C10019921F480607EE5324B099302
:1032F000019B13F02002DED1079850F8043B0790A1
:10330000019810F01000DFD1019A12F0400400F093
:10331000CC809BB20246D7E74FF0010C0DF14C0A6E
:103320001046E7E510AADDE9041000F025FB0022B5
:10333000CDE9112200287FF4F6AB9DF83B20002A4E
:103340007FF4CAADE8E710AADDE9041000F014FB31
:103350000023CDE9113300283FF4A4AEFFF7E3BB0F
:1033600028460794B046FCF763FB9DF83B3003907A
:10337000FFF755BB10AADDE9041000F0FDFA0023A9
:10338000CDE9113300287FF4CEAB039BA8EB0307F4
:10339000002F7FF711AE50E701994FF0000E0DF1AD
:1033A000F00C01F48067CDE902B8DDF828800CE06C
:1033B0005C970100DC950100C89501000A2B72F1B1
:1033C000000238D333462246AC469818DFF8B0B135
:1033D0000EF1010E0CF1FF3540F10000ABFB0014C3
:1033E00024F0030101EB94014FF0CC34401A191A78
:1033F00062F1000604FB01F40BFB0644A1FB0B6128
:103400004FF0050B0C4406F001017608A1FB0B1BE5
:1034100046EAC4760918640830310CF8011C002F04
:10342000CCD098F80010FF29C8D07145C6D10A2B1E
:1034300072F100024AD23CABCDF828805B1BDDE97B
:1034400002B803939DF83B30FFF7E9BA43F020033D
:1034500099F8011009F101090193FFF722BA43F429
:10346000007399F8011009F101090193FFF719BAE6
:10347000079B069A1B681A60CBE44346414D0794AC
:10348000062B28BF062303930293FFF766BB129B0C
:10349000002B47D100231193FFF745BB10F40072B6
:1034A0003FF46FACDBB222466BE4019A12F4007277
:1034B0003FF40AAFDBB2224606E7019A12F400722B
:1034C0003FF4EFAADBB20246FFF7EBBA0D9B0C9973
:1034D000ED1A1A462846FCF7D9FA98F801300BB1D4
:1034E00008F101084FF0000E6CE743F3C0125BB225
:1034F0001146FFF779BA079B069A1B681A8088E481
:10350000886DF1F703F9FFF7B1BA01901AE4CDF82D
:103510000C8080469DF83B300794FFF780BA8E46BA
:10352000194F1AE610AADDE9041000F025FA00236D
:10353000CDE911330028ADD0FFF7F5BA511C124F79
:10354000A5E56146114C51E6049B5B6EDD0707D48F
:10355000049B9B899C0503D4049B986DF1F7D6F8D6
:103560004FF0FF330693FFF7E8BA079B99F8011075
:10357000914653F8042B42EAE2780793FFF791B99A
:10358000CDCCCCCCF09501005C9701004C970100AC
:10359000F0B51F468B89ADF26C4D154623F0020342
:1035A000064616A80C46ADF80C304B6E1993CB8925
:1035B000ADF80E30CB6907934B6A09931AAB0093B1
:1035C00004934FF480630293059300230693F1F76D
:1035D00039F82A463B4669463046FFF703F9051E8F
:1035E00007DB6946304600F00BF9002818BF4FF0A2
:1035F000FF35BDF80C305B0603D5A38943F04003CB
:10360000A3811698F1F74EF828460DF26C4DF0BDE7
:10361000034649B1FF2A02D801200A7070478A2266
:103620004FF0FF301A6070470846704738B52F4B8F
:1036300005460C461B680BB19A6BD2B1B4F90C303D
:1036400018071DD522692AB313F0010107D061695B
:1036500000204942A060A1613AB1002038BD98071E
:1036600058BF6169A160002AF7D119063BD4104602
:1036700038BD184600F0F8F8B4F90C301807E1D45A
:10368000D90628D55A0712D4226943F00803A3812A
:10369000002AD9D103F42071B1F5007FD4D021469E
:1036A000284600F009FBB4F90C302269CCE7216B05
:1036B00051B104F14002914204D02846FEF722F8AD
:1036C000B4F90C30002222630021226923F0240384
:1036D000C4E90021D9E7092243F040032A604FF0F2
:1036E000FF30A38138BD43F04003F8E72C0D0020E4
:1036F000F8B5B1F90C3007460C46180739D44A68BA
:10370000002A52DDA56A002D31D000223E68E16911
:103710003A6013F4805254D101233846A847411C23
:1037200002465DD0B4F90C30A56AE1695B0705D5A6
:103730006368D21A236B0BB1E36BD21A00233846AD
:10374000A847451C3FD00023636023692360A389F9
:10375000D90400D52065216B3E6041B104F14003DE
:10376000994202D03846FDF7CDFF002323630020A5
:10377000F8BD0E69002EFAD09B070D680E600CBFD5
:103780004B690023AD1B8B600CE02B463246D4F80E
:1037900024C03846E169E047B0F1000CA5EB0C0508
:1037A000664406DD002DF0DCE1E7CA6B002AA9DCE7
:1037B000DDE7B4F90C3043F040034FF0FF30A38154
:1037C000F8BD226DB2E73A68B4F90C308AB11D2A0F
:1037D00001D0162AEFD100222369C4E90032BAE7EA
:1037E0003B68002B9ED01D2B01D0162BE1D13E60F3
:1037F000BDE7626022692260DA04ABD4ABE700BFA8
:1038000038B505460C4608B1836BA3B1B4F90C007A
:10381000B8B1636EDB0701D4810515D52846214672
:10382000FFF766FF636E0546DA0702D4A3899B059E
:103830000ED5284638BD00F017F8B4F90C00002862
:10384000E7D10546284638BDA06DF0F743FFE5E710
:10385000A06DF0F75BFF284638BD00BF014900F0BE
:1038600007BA00BF013801002DE9F04782463A4807
:10387000F0F730FFDAF83840002C68D1374A0323DC
:10388000DAF804502146CAF83C200AF5AC72CAF8AE
:1038900050310423DFF8C89005F15C00DFF8C480E4
:1038A000314F324ECAF854210822CAF84C41EB601D
:1038B000AC606C66AC61C5E90044C5E90444FBF743
:1038C000A3FF05F15800EE62C5E90759C5E909876C
:1038D000F0F7B8FEDAF80850254B21460822AC6014
:1038E000EB6005F15C006C66AC61C5E90044C5E9BC
:1038F0000444FBF789FF05F15800EE62C5E907595A
:10390000C5E90987F0F79EFEDAF80C50194B2146FD
:10391000082205F15C00EB60AC606C66AC61C5E947
:103920000044C5E90444FBF76FFF05F15800C5F8F2
:103930002480C5E90759C5E90A76F0F783FE01231B
:103940000548CAF83830BDE8F047F0F7DFBE024856
:10395000BDE8F047F0F7DABEE40F00205D38010063
:10396000813D0100A53D0100E53D01000D3E010046
:1039700009000100120002009368002B00F0F7809C
:10398000B1F90CC01CF0080F2DE9F04F904683B040
:1039900081460C4631D00B697BB31CF00207D8F886
:1039A000006038D00027D4F824B0E169DFF8BCA269
:1039B0003D4655452B463A46484628BF5346C5B175
:1039C000D847002840F3C980D8F8083007442D1A9A
:1039D0001B1AC8F80830002B00F0B58055452B465F
:1039E000D4F824B03A46E16928BF53464846002D32
:1039F000E6D1D6E900750836DBE721464846FFF7F1
:103A000015FE002840F0AE80B4F90CC0D8F8006074
:103A10001CF00207C6D11CF0010A64D12368574686
:103A2000A16818468B46002F59D01CF4007F00F087
:103A3000B280B9420A4600F2DE801CF4906F30D0AA
:103A400021695D1A636913EB430348BF01334FEAF1
:103A5000630B6B1C3B445A465B4501D99B461A4697
:103A60001CF4806F00F0E68011464846FBF70CFC22
:103A7000002800F0F5802A4621690190ECF700FD4E
:103A8000A289019B22F4906242F08002A28158191F
:103A9000C4F814B0ABEB05053A46BB462361A560FC
:103AA000206051460192FEF765FCA16823683D46FF
:103AB000019AA1EB0B0100271A44A1602260D8F8FB
:103AC0000830AA445B1BC8F80830002B3BD02368A1
:103AD000A168B4F90CC018468B46002FA5D1D6E9D1
:103AE00000A708369DE73846BB463D46002D40D02E
:103AF000002845D03A46A168AA426369206828BFD9
:103B00002A4603EB010A2169884202D9524500F393
:103B10008280934272DC5A46E1694846D4F824C058
:103B2000E047B0F1000A18DDB7EB0A070FD001201B
:103B3000D8F80830D344A5EB0A05A3EB0A03C8F86C
:103B40000830002BD2D1002003B0BDE8F08F214611
:103B50004846FFF755FE0028EAD0B4F90C3043F090
:103B60004003A3814FF0FF3003B0BDE8F08F002089
:103B70007047756833460836002DFAD0D3F800B088
:103B80002A460A215846FDF7BFFE002865D00130BD
:103B9000A0EB0B07AEE722699A4214D36269BA42DE
:103BA00011D86FF00043656AE1694846BB4228BFFF
:103BB0003B4693FBF2F302FB03F35246A847051E74
:103BC000CBDD7F1B7BE7B942184628BF39460D463F
:103BD00051462A46FEF7CEFBA1682368491B2B44B9
:103BE000A16023600029ECD121464846FFF708FE7A
:103BF0000028E6D0B1E7BB463A4652E75946019263
:103C0000FEF7B8FB019AA36892469B1AA36023684B
:103C10001344236088E759465246FEF7ABFB2368FE
:103C20002146484653442360FFF7EAFD00283FF44D
:103C30007BAF92E74846FEF71DFC034600287FF461
:103C400026AF21694846FDF75DFDB4F90C300C2222
:103C500023F08003C9F8002081E76A1C17464AE771
:103C60000C22B4F90C30C9F8002078E700FCFF7F83
:103C70002DE9F8434FF000090646884600F5A6777F
:103C8000D7E90154013D10D4A389013D012B08D986
:103C9000B4F90E3021463046013302D0C04749EA1C
:103CA00000096B1C04F16804EED13F68002FE7D1D6
:103CB0004846BDE8F88300BFB1F90C30F0B50C46BA
:103CC000990797B007D504F1430301222360C4E9A3
:103CD000043217B0F0BDB4F90E10054600292EDBF2
:103CE0006A4600F0BFF8002827DB019E4FF480678A
:103CF000284606F470463946A6F50056B6FA86F60A
:103D00007609FBF7C1FA40B3A3891C4A43F080034C
:103D1000EA63A3812060C4E90407002ED9D0B4F976
:103D20000E10284600F0B4F80028D2D0A38923F062
:103D3000030343F00103A381CBE7B4F90C3013F084
:103D4000800F28464FF000060CBF4FF480674027D5
:103D50003946FBF799FA0028D6D1B4F90C309A0508
:103D6000B7D423F0030304F14302012143F002031B
:103D70002260C4E90421A381ABE700BF5D380100E4
:103D800010B50C46B1F90E1000F0AAF8002803DBBC
:103D9000236D0344236510BDA38923F48053A381BD
:103DA00010BD00BF2DE9F0410C46B1F90C101F46C3
:103DB0000546CB0516460BD421F480513B463246CE
:103DC0002846A181B4F90E10BDE8F04100F022B8F8
:103DD000B4F90E100223002200F06CF8B4F90C10B4
:103DE000EAE700BF10B50C46B1F90E1000F062F81A
:103DF000421CB4F90C3004D043F480532065A381F5
:103E000010BD23F48053A38110BD00BFB1F90E1083
:103E100000F016B838B50C4684461146074D1A46D0
:103E20000023204664462B6000F017FA431C00D0A4
:103E300038BD2B68002BFBD0236038BD682F0020D5
:103E400038B50022064D044608462A6000F009FAFB
:103E5000431C00D038BD2B68002BFBD0236038BD3D
:103E6000682F002070B50C460346084D00262046FA
:103E700011461C462E6000F0FEF9431C00D070BDB8
:103E80002B68002BFBD0236070BD00BF682F002083
:103E900038B50022064D044608462A6000F0E6F9CF
:103EA000431C00D038BD2B68002BFBD0236038BDED
:103EB000682F002038B50C4684461146074D1A4637
:103EC0000023204664462B6000F0CEF9431C00D04E
:103ED00038BD2B68002BFBD0236038BD682F002035
:103EE00038B50C4684461146074D1A460023204635
:103EF00064462B6000F0ADF9431C00D038BD2B6840
:103F0000002BFBD0236038BD682F0020704700686D
:103F1000704773B5064608460D46FBF789FD4523F5
:103F2000C4B2032101A88DF804308DF805608DF826
:103F30000640EEF72BFB34B12146284602B0BDE81F
:103F40007040EEF723BB02B070BD4FF6474307B594
:103F5000ADF804300023032101A88DF80630EEF7F8
:103F600015FB03B05DF804FB00EBC100408840087E
:103F70007047F8B50346FFF7F7FFB0FA80F0C0F1DD
:103F80001F0003EB800CDCF81060CA00171D0C4604
:103F900006328DB256B9012101FA00F0D968014309
:103FA000D960CCF81040DD539D52F8BDF1000431CA
:103FB000585AD85303EBC0009E52C5805D52F4E7B7
:103FC000002070470FB407B504A951F8040B019104
:103FD000EEF74EFE03B05DF804EB04B07047044604
:103FE00008B5084611461A46A047FAF7E7F9EFF771
:103FF0001BFF2DE9F0410746884615461E4614462C
:10400000B44205D30EB1601B08E02378002BFAD030
:10401000414614F8010BB8470028F1DABDE8F081F9
:10402000002383F31188BFF36F8F0423184602DF48
:1040300070470FB407B504A951F8040B0191EEF7CE
:1040400017FE03B05DF804EB04B07047838B13F0E8
:10405000070305D10368002B0CBF00200320704725
:10406000022B05D1C08BB0FA80F040098000704768
:10407000012B05D10368002B0CBF002005207047E1
:104080000020704710B50C4600B111B96FF0150053
:1040900010BD081D00F02FF80028F9D1A368032BEC
:1040A000F6D9F3E72DE9F0410D4607461946281DDC
:1040B00090461E46EFF7B4FC044638B133464246FC
:1040C00029463846A446BDE8F0416047BDE8F08186
:1040D00038B50C46054658B151B10B6843B14B6831
:1040E00033B120220021FBF78FFB00202C6138BD6B
:1040F0006FF01500FBE7034640B1426802F003028F
:10410000022A06D0032A04D0012A05D06FF0150038
:1041100070471A68002AF9D00020986070477047ED
:10412000036A1BB11B7900200B7070476FF05700BA
:104130007047036A3BB1DB682BB11B6A1879B0FA90
:1041400080F0400970470120704770B5056A044649
:104150000E460DB103232B712046FFF7EAFF98B1FD
:1041600003212046B047002802DA10F1860F0BD158
:10417000012125B920463346BDE870401847204646
:104180002971B04700232B7170BD012801D1EFF3D5
:104190000583F8F79FB901460068FFF7F6BF08B539
:1041A000EFF770FCBDE80840EFF770BC002101207C
:1041B000FFF7EBBFD0F8883083F30B88704761B608
:1041C00062B680F31188BFF36F8F704772B6002319
:1041D00083F31188BFF36F8FBFF34F8F30BF62B689
:1041E000BFF36F8F704772B6002383F31188BFF35C
:1041F0006F8FBFF34F8F20BF80F31188BFF36F8F96
:1042000062B6704740E800F313F4803FD8B208BFAD
:104210006FF01500704730B50C684B6885B00A899F
:104220004D890094013B24F01F04234402F01F0237
:1042300042EA451223F01F0369468DF808200393D4
:10424000EFF76AFF05B030BD002070474FF0FF3038
:10425000704708461146F0F7B5B908461146F0F721
:10426000C5B94FF0FF307047002070470228CCBF1F
:104270000020012070474FF4005300204B6070472E
:10428000F8B5069F0469C9B2EFF31186202585F3BE
:104290001288BFF36F8F0C2505FB0144A56C05F058
:1042A000070CBCF1010F0CD1A76486F31188BFF392
:1042B0006F8FC4E91023436853F8313098470020CA
:1042C000F8BD05F0C005AF4286F31188BFF36F8FCC
:1042D0000CBF6FF077004FF0FF30F1E713B580248B
:1042E0000094FFF7CDFF02B010BD0069CBB200EB28
:1042F0004310002110470020F6F73CB90020F6F7E4
:10430000C5B91046F8F758BC8022F0F737BB08B59E
:104310000023F0F73DFD00EAE07008BD08460021EB
:10432000F0F7A0BD084611461A4609B1F0F79ABD4C
:104330006FF015007047436800205B68DB680B6016
:104340007047436802EA01005B6821EA0201586095
:10435000002099607047436800205B68596070478F
:10436000436800205B689960704743685A68136827
:1043700021EA03000B405060002093607047012940
:104380008CBF6FF085000020704730B54368136024
:10439000057A446804EBC504A34202D36FF0010020
:1043A00030BD5C798C4201D00833F0E70020F7E79C
:1043B00048B11F302CBF01210021400940EAC160F3
:1043C0004909F9F75BBF704710B50469204603F04F
:1043D000FAF80023636110BDF8B5876806467C686B
:1043E0009CB1436893F82630DB071DD405694FF074
:1043F000FF334FF0FF322846F8F71EFA6B69002BA7
:1044000005DC00242846F8F7E7FA2046F8BD013B12
:104410006B61002BF5D17B6830469847041EBEBF08
:104420006B6901336B61EDE70024EEE7F0B4D0E98E
:1044300001631B693BB177688F4208DB35689542A1
:1044400005DCF0BC18476FF05700F0BC70476FF008
:104450001500FAE7F0B4D0E901631B6A3BB1376994
:104460008F4208DBF568954205DCF0BC18476FF019
:104470005700F0BC70476FF01500FAE770B4D0E950
:104480000162956A03460C46A5B196F8242012B93C
:104490002B4670BC1847306A024410F8011BA14239
:1044A00002D121461846F3E79042F6D16FF085001D
:1044B00070BC70476FF05700FAE72DE9F3410E46E4
:1044C000D0E9014794F825108046FF2905690FD1EE
:1044D00094F82610C1F38101022914D0D8F80830CD
:1044E00000391B6B18BF01214BB96FF0570003E077
:1044F000FFF7C4FF0028EBDA02B0BDE8F0814046C8
:1045000098470028F8DBA268B2F1004F05D01146A9
:104510004046FFF78BFF0028EEDB6269B2F1004FE7
:1045200005D011464046FFF795FF0028E4DB2368DD
:10453000B3F1004F14D0D8F808305B69002BD4D009
:10454000404601A998470028D6DB2268019B9A4281
:104550001CDD11464046FFF769FF002805DACBE76E
:104560006FF0004362689A42E5D19EB994F8263014
:104570009B0716D040463B6898470028BCDBA069E3
:10458000FFF716FF6B6901336B610AE062689342C3
:10459000EBDDDEE76B6901336B6194F82630DA06F8
:1045A00001D40020A8E74046FFF716FFA4E74368C0
:1045B0001868B0F1004018BF012070470346084654
:1045C00031B95B681B68B3F1004F01D013607047CD
:1045D0006FF01500704708B54368986A38B101223A
:1045E00093F82C10F0F7DAFF00EAE07008BD6FF0E6
:1045F0008500FBE74368986A20B1002293F82C10ED
:10460000F0F7CCBF6FF08500704710B402694368C3
:1046100011681B68D3F8304171B17CB100244C6142
:104620001168C97B19B94FF48051C3F80813116898
:104630008C7B1CB100238B7310BC7047D3F8141112
:1046400021B10021C3F81411D3F814311268136892
:10465000002BF1D0516810BC184743681B68D3F891
:104660008004C3F88004704742681368D3F84C0193
:1046700050B10020926A12780A70C3F84C01D3F846
:104680004C2101229A6270474FF0FF307047002A98
:104690000FDD42681368D3F84C0158B10020C3F80D
:1046A0004C01D3F84C010120926A12780A7098628A
:1046B00070470020704710B5436819680369EFF32D
:1046C0001182202080F31288BFF36F8F00241868B6
:1046D000847301201B68D8734FF48053C1F80433EE
:1046E00082F31188BFF36F8F10BD012103691A682F
:1046F000917300221B68DA737047026903461168E0
:10470000C87B40B15B681B68D3F8300118B1002347
:104710004B6113689889704743681B68D3F84C0154
:10472000003818BF012070474FF4002243681B680F
:10473000C3F8042370474FF4002243681B68C3F892
:1047400008237047202243681B68C3F8042370477E
:10475000202243681B68C3F80823704738B54368B4
:1047600004461D68D5F80433DB0405D4D5F80403EA
:1047700010F4002006D138BDFFF7BFFF0028F5D0A8
:104780000120F8E72046FFF7C7FF003818BF0120D7
:10479000F1E7012070470369186801601B685A60DF
:1047A000704773B543680E460DF107011C68154646
:1047B000FFF7B6FC9DF807304BB9C4F83C67C4F866
:1047C0004057C4F83031D4F830310123236502B0AA
:1047D00070BD10B5044600220121C720EFF7AAFBE7
:1047E000C720EFF777FB2046BDE81040F0F79EBFEB
:1047F00010B5044600220121C620EFF79BFBC6201E
:10480000EFF768FB2046BDE81040F0F78FBF13B507
:1048100001AA0446FFF7B9FD002805DB019B2268C9
:1048200019791868F0F70EFE02B010BD0129F8B52D
:1048300005460C4620D143680021D868FFF7E7FF02
:1048400008216A6828691368C3F80015117A89B9C4
:10485000926AC3F80427C3F80847C3F84C11D3F889
:104860004C219C6202682AB1127C1AB14FF40022DA
:10487000C3F804230020F8BD00293ED146683468FF
:10488000D4F850312BB30269116859B1D4F804330C
:10489000C3F3C0430B7413681B7C1BB14FF400239C
:1048A000C4F808330123E362D4F82431002BFBD091
:1048B0000023C4F85031D4F85021C4F82431D4F87E
:1048C0002421C4F84C31D4F84C21C4F81431D4F864
:1048D00014316B684FF47A751F68D7F8303123B9FB
:1048E000012002F0CBFC013DF7D10023C4F80035D4
:1048F0000121F068FFF78BFFBCE76FF08500BAE796
:10490000F8B50669054633689C8914339442A8BFFC
:1049100014460122D3E8EF0F002803D1C3E8E72FA4
:10492000002FF7D10CBF134600231FD13368224656
:104930009868EBF7A5FDEFF31187202383F3128826
:10494000BFF36F8F6B6831681B68D3F830313BB9A8
:104950001C464B6187F31188BFF36F8F2046F8BD6B
:10496000224628468968FFF71CFFF3E71C46F5E757
:1049700007B50DF10701FFF7D3FB9DF8073003F0F2
:10498000FD03012B14BF6FF00F00002003B05DF892
:1049900004FB002201214A20EFF7CCBA10B50B68C6
:1049A00013B91846136005E003685C681CB1146015
:1049B0000368186810BD083303600B68013B0B6087
:1049C000EDE713B501AA0446FFF7DFFC002805DB7D
:1049D000019B226819791868F0F734FD02B010BD08
:1049E000012970B50C4606D100214368D86BFFF74A
:1049F000E8FF002070BD61B90669456896F86D3022
:104A000023B12846F7F73CFB86F86D400121E86B9F
:104A1000EDE76FF08500EDE710B503680446DBB104
:104A20009868C8B149B1197B0122F0F72FFF2368BC
:104A30001869BDE8104002F089BD12B99A88D20405
:104A40000AD4186902F082FD23680022BDE81040F4
:104A5000197B9868F0F71ABF10BD10B5012200212C
:104A60000446FFF7D9FFA36933B9636004F110006E
:104A7000BDE81040F8F7A0B810BD10B50069036894
:104A80008B4206D190F86C4034B9FFF7E6FF204620
:104A900010BD6FF01500FBE76FF00F00F8E738B5B9
:104AA00005690446296405F12800F8F785F8002215
:104AB00085F86C2020691146BDE83840FFF7ACBF8F
:104AC00038B502780346002A52D10C69A26E32B979
:104AD000606E6FF07301BDE83840FFF7E0BFE06D36
:104AE00040B1216E31B1DB6823B1834202D0616FE6
:104AF000EBF7C6FCA36DA56E9BB19D4211D85B1B65
:104B0000A3654BBB636C04F1580208336364A36C68
:104B100004F14801013BA36404F14400FFF73EFFA8
:104B20006065236E9BB19D4211D85B1B2366CBB998
:104B3000E36C04F160020833E364236D04F1500177
:104B4000013B236504F14C00FFF728FFE065606E30
:104B5000BDE83840F0F76ABF636D002BE1D02B440D
:104B60006365DEE7E36D002BF1D02B44E365EEE7F0
:104B700038BD07B56846F6F7CDFDDDE9000103B0A5
:104B80005DF804FB42F20133F0B587B0ADF80C30AC
:104B9000002304AC0493ADF81430234601EB420625
:104BA000B14204F1020407D15200009203A902228B
:104BB00002F0BBF907B0F0BD31F8025B2F0A04F830
:104BC000027C04F8015CEBE74FF47A73C003B0FB9E
:104BD000F3F070471FB50223ADF808300B0E8DF8C7
:104BE0000A300B0C8DF80B30002349BAADF80C10CD
:104BF0000622009302A902F098F905B05DF804FBC3
:104C00001FB54FF48173ADF80C3000238DF80E10F2
:104C10008DF80F200093042203A902F086F905B055
:104C20005DF804FB1FB540F202230A78ADF80830A6
:104C30004B7803EBC2138DF80A308A78CB7803EBFC
:104C400002138DF80B300B7905228DF80C30002300
:104C500002A9009302F069F905B05DF804FB1FB5E5
:104C600040F20233ADF80C3000238DF80E108DF8B1
:104C70000F200093042203A902F057F905B05DF854
:104C800004FB1FB540F20263ADF80C3000238DF831
:104C90000E100322009303A902F047F905B05DF856
:104CA00004FB1FB540F20273ADF80C3000238DF801
:104CB0000E100322009303A902F037F905B05DF846
:104CC00004FB1FB540F60203ADF80C3000238DF84D
:104CD0000B3001230C46009302220DF10B0303A9B4
:104CE00002F050F910B99DF80B30237004B010BDDC
:104CF0001FB540F60213ADF80C3000238DF80E10EE
:104D00000322009303A902F010F905B05DF804FB3B
:104D100040F6023330B585B01446ADF808300222B3
:104D200000230D46ADF80C30009203AB02A902F04F
:104D300029F948B99DF80C305B422B8024B19DF8CD
:104D40000D3003F00103237005B030BD1FB540F6F0
:104D50000243ADF808300B0C8DF80A300B0A8DF8C1
:104D60000B3000238DF80C100522009302A902F0ED
:104D7000DCF805B05DF804FB4FF47A73C903B1FBAE
:104D8000F3F1FFF7E3BF1FB540F60253ADF808306B
:104D90000B0C8DF80A300B0A8DF80B3000238DF8C0
:104DA0000C100522009302A902F0BFF805B05DF8CF
:104DB00004FB4FF47A73C903B1FBF3F1FFF7E3BFD0
:104DC0001FB540F60263ADF80C3000238DF80E10CD
:104DD0000322009303A902F0A8F805B05DF804FBD4
:104DE00010B541F2020486B01B018DF81430002387
:104DF000ADF80C400C0C8DF80E408DF810100C0A1C
:104E0000110C52BA8DF81110ADF81220009309223E
:104E100003A98DF80F4002F088F806B010BD10B459
:104E20004FF47A74D203C903B2FBF4F2B1FBF4F18C
:104E300010BCFFF7D5BF1FB541F202230222ADF827
:104E4000083000230C46ADF80C30009203AB02A9E9
:104E500002F098F818B9BDF80C305BBA238004B0A2
:104E600010BD1FB50B464FF480710092ADF80C10C9
:104E7000022203A902F0D6F805B05DF804FB1FB5C5
:104E80000B464FF400710092ADF80C10022203A9FA
:104E900002F04BF805B05DF804FB1FB541F6016365
:104EA000ADF80C3000230222009303A902F03DF874
:104EB00005B05DF804FB1FB541F60173ADF80C3089
:104EC00000230222009303A902F02FF805B05DF839
:104ED00004FB1FB541F601430222ADF80830002360
:104EE0000C46ADF80C30009203AB02A902F04AF870
:104EF00018B9BDF80C305BBA238004B010BD1FB5E3
:104F000041F601530222ADF8083000230C46ADF8FB
:104F10000C30009203AB02A902F034F818B9BDF8C6
:104F20000C305BBA238004B010BD10B55BBA86B0FC
:104F3000ADF81030BDF820308DF80F205BBAADF819
:104F40001230BDF824300C225BBAADF81430BDF835
:104F5000283041F601245BBAADF8163000238DF8F5
:104F60000E1000930DEB0201ADF80C4001F0DDFFD7
:104F700006B010BD1FB541F20143ADF80C3000235F
:104F80008DF80E108DF80F200093042203A901F074
:104F9000CCFF05B05DF804FB41F6013330B585B0B8
:104FA0001446ADF80830022200230D46ADF80C304F
:104FB000009203AB02A901F0E5FF28B99DF80C307F
:104FC0002B709DF80D30237005B030BD42F60163A3
:104FD00030B585B01446ADF80830022200230D46E6
:104FE000ADF80C30009203AB02A901F0CBFF28B959
:104FF0009DF80C302B709DF80D30237005B030BD3E
:105000001FB544F60203ADF80C300B784A788DF8E2
:105010000E308B7803A903EB02138DF80F300023B9
:105020000422009301F081FF05B05DF804FB1FB579
:1050300044F602130A78ADF808304B7803EB82038C
:105040008DF80A30CB780A79DB0003EB82030A7A09
:1050500013448A7803EB82138DF80B30CB88062239
:105060005BBAADF80C30002302A9009301F05DFF9C
:1050700005B05DF804FB44F6023310B586B0ADF818
:105080000C30002304938DF8143005230C46009354
:10509000022204AB03A901F075FFA8B9BDF81030D6
:1050A0005BBA23809DF812305B42A3809DF81330D9
:1050B0005B4223819DF8143003F00102A272C3F316
:1050C00080021B09A271A37006B010BD1FB5134664
:1050D00044F60242ADF80C2004228DF80E10009226
:1050E00003A9032201F021FF05B05DF804FB44F29F
:1050F000020330B587B0ADF80C304B688A881C0EBF
:105100001B0C8DF80F300B8952BAADF81230CB68FA
:10511000ADF810201A0C8DF814208DF816301A0AEC
:1051200000230D788DF8152004EBC5140B22009395
:1051300003A98DF80E4001F0F8FE07B030BD7FB531
:1051400044F20213ADF80C300B888A795BBAADF8E3
:105150000E308B788DF810300B799B0003EB021327
:105160004A791344CA7803EB42138DF811300B8946
:105170008A7A5BBAADF81230CB7A03A903EB02133B
:105180008DF8143000230922009301F0CEFE07B001
:105190005DF804FB1FB544F20223ADF80C30C2F3F6
:1051A000032303EB01138DF80E3000238DF80F203D
:1051B0000093042203A901F0B8FE05B05DF804FBDA
:1051C0007FB544F20233ADF80C300B0E8DF80E3083
:1051D0000B0C8DF80F30130E8DF81230130C8DF868
:1051E0001330002349BA52BAADF81010ADF81420AC
:1051F00000930A2203A901F098FE07B05DF804FBB2
:1052000010B544F2024402EBC312002386B0ADF89D
:105210000C400C788DF816208DF80E404C780B223F
:105220008DF80F408C788DF81040CC788DF81140B7
:105230000C798DF812404C798DF813408C79C9792E
:1052400000938DF8151003A98DF8144001F06DFE40
:1052500006B010BD1FB544F20253ADF80C30002368
:105260008DF80E108DF80F200093042203A901F091
:105270005CFE05B05DF804FB44F2027310B586B025
:10528000ADF80C3000230493ADF8143006230C461F
:105290000093022204AB03A901F074FEE0B9BDF84B
:1052A00010305BBA23809DF812305B4263809DF81A
:1052B00013305B42E3809DF81430C3F340126272F6
:1052C000C3F30012A272C3F3800203F0010323723E
:1052D0009DF815302271E37206B010BD10B50C4672
:1052E0001146F1F701F82278636812B1012A08D15A
:1052F0001B0A4FF47A7202FB00300138B0FBF3F066
:1053000010BDFFDE1FB542F202030A78ADF80C3083
:105310004B7803EB02138DF80E308A78CB7803A913
:1053200003EB02138DF80F3000230422009301F0E9
:10533000FCFD05B05DF804FB1FB542F20213ADF8A9
:1053400008300B888A785BBAADF80A30CB788DF8D4
:105350000C300B795B0003EB82034A7902A91344FA
:105360008DF80D3000230622009301F0DEFD05B01C
:105370005DF804FB1FB542F20223ADF80C300123A7
:105380008DF80F30002302EBC1028DF80E20009340
:10539000042203A901F0C9FD05B05DF804FB002358
:1053A00010B5013040081F2803F1010407D8087028
:1053B0001370DBB25B000133984080B210BD033044
:1053C0002346C0F38D00EEE730B5FF2905460C46B5
:1053D0004FF0000385B013D90DF10B0203A920464D
:1053E0008DF80B308DF80C30FFF7D9FF28469DF86B
:1053F0000B209DF80C1005B0BDE83040FFF7BABF98
:1054000042F202228DF80E10ADF80C200093042217
:1054100003A98DF80F3001F088FD05B030BD1FB530
:1054200042F20233ADF80C3000238DF80E10032247
:10543000009303A901F079FD05B05DF804FB7FB589
:1054400042F20273ADF80C308B780A888DF8103078
:105450008B88ADF80E205BBAADF812300B7ACA8893
:105460008DF8143000238DF811200093092203A930
:1054700001F05BFD07B05DF804FB1FB542F60203C7
:10548000ADF80C3000230222009303A901F04DFD7A
:1054900005B05DF804FB42F6022310B586B0ADF806
:1054A00008300023CDE903338DF8143009230C466E
:1054B0000093022203AB02A901F064FD68BB9DF8D2
:1054C0000C30C3F3001203F00F03A3709DF80D30EE
:1054D000627023709DF80E30E3719DF80F305B42CF
:1054E000A3809DF810305B4223819DF81130C3F3F7
:1054F0008302E270C3F3400203F00103A3729DF83C
:105500001330A2719DF812201B0243EA02439DF85A
:105510001420134343F31703E36006B010BDF0B546
:1055200005790B786C1E65426541CC788E78003C1D
:1055300018BF0124062BCCBF0022012290F803C023
:10554000042E87780CEB4505A3EB4404A3F102017C
:105550004FEA420246D9072E08BF0136012F24D157
:105560001C278B186E435F43B7EBC60F4FEAC60587
:105570000EDB9C0005EB8303013B93FBF4F30088F7
:105580000430104418448000013088400138F0BDD8
:1055900006EB8406DB00C3EB46039B0003EB8403AE
:1055A000A500013B93FBF5F3E9E71344073B9B00A0
:1055B00023F00703B3EBC50F4FEAC50704DA4FEA40
:1055C000CC0C6345A8BF6346FD1A25EAE575630167
:1055D00006FB053303EB84034FEA840C013B93FB8A
:1055E000FCF3CCE71344023B9B00012F18BF143B94
:1055F000C3EBC50323EAE37303EB8403A700013B7A
:1056000093FBF7F3043673430833B8E710B50C4641
:10561000FFF785FF02466078F0F788FE4FF47A7155
:10562000431E01FB0233B3FBF0F010BD30B545F271
:10563000026485B00D78ADF808404C7804EB051491
:105640008DF80A408D78CC7804EB05148DF80B406A
:105650000D794C7904EB05148DF80C40CC88097A4F
:105660000093134608228DF80F10250A0DEB020156
:105670008DF80D508DF80E4001F057FC05B030BD8F
:105680001FB545F20272ADF80C2004220B460092C1
:1056900003A9022201F049FC05B05DF804FB0721D3
:1056A000FFF7FFBA10B5C90042781631037889B206
:1056B000032A0FD8DFE802F0020A2B2D06225143FD
:1056C00005220431B1FBF2F189B203E001EB4101A3
:1056D000C1F34F013024B1FBF4F004FB101100EBD7
:1056E000800202EB8202520089B292B211B1023101
:1056F0000A4492B27D20C3EBC30103EBC10302EB6A
:10570000430292B212027C32B2FBF0F010BD4900AB
:10571000DAE701EB4101D7E7C3784BB1012B0AD19E
:105720004379032B8CBF4FF400704FF4C070704767
:105730004FF4C07070474FF400707047F0B5202BE5
:105740001C46C5B02AD840F20143ADF808300B0C16
:105750008DF80A308DF80C100B0A04A98DF80B3067
:1057600000250B46AEB2B44201F1040107D8A400F3
:105770000522009402A901F0D8FB45B0F0BD52F813
:1057800025600135370E01F8047C370C01F8037CE5
:10579000370A01F8027C01F8016CE3E70320ECE72B
:1057A00010B540F2015486B0ADF808400C0C8DF8ED
:1057B0000A408DF80C100C0A110E8DF80D10110C0A
:1057C0008DF80E108DF81020110A1A0E8DF8112088
:1057D0001A0C8DF812208DF814301A0A00238DF857
:1057E0000F108DF8132000930D2202A98DF80B40A5
:1057F00001F09BFB06B010BD01F079BB01F090BB3E
:1058000073B51E4600230D461446694606220093D2
:10581000ADF8043001F0EEFBA0B935B19DF80030D1
:1058200003F001025B086A702B7034B19DF80130FF
:1058300003F007021B09627023701EB1DDF802300D
:105840001BBA336002B070BD1FB541F201030222E2
:10585000ADF8083000230C46ADF80C30009203ABD5
:1058600002A901F08FFB18B9BDF80C305BBA238098
:1058700004B010BD1FB541F20113ADF80C30002388
:105880000222009303A901F050FB05B05DF804FB70
:10589000072070471FB503EB02138DF80F3000236C
:1058A00041F201248DF80E100422009303A9ADF8F3
:1058B0000C4001F03AFB04B010BD1FB541F20133BA
:1058C000ADF80C3000238DF80E108DF80F200093EA
:1058D000042203A901F029FB05B05DF804FB1FB504
:1058E00041F20153ADF80830130E8DF80B30130C54
:1058F0008DF80C30130A8DF80D3000238DF80A1046
:105900008DF80E200093072202A901F00EFB05B0CE
:105910005DF804FB1FB541F20163ADF808300B0ED2
:105920008DF80A300B0C8DF80B30002349BAADF816
:105930000C100622009302A901F0F7FA05B05DF8F9
:1059400004FB1FB541F20173ADF808300023039347
:1059500004230C460093022203AB02A901F012FBC0
:1059600010B9039B1BBA236004B010BD1FB541F6EC
:105970000103ADF80C3000238DF80E1003220093C4
:1059800003A901F0D2FA05B05DF804FB1FB541F69A
:105990000113ADF80C3000238DF80E100322009394
:1059A00003A901F0C2FA05B05DF804FB1FB542F28D
:1059B0000103ADF80830130E8DF80B30130C8DF881
:1059C0000C30130A8DF80D3000238DF80A108DF875
:1059D0000E200093072202A901F0A7FA05B05DF896
:1059E00004FB1FB542F20113ADF80C3000238DF813
:1059F0000E100322009303A901F097FA05B05DF899
:105A000004FB1FB542F20163ADF808300023039395
:105A1000042314468DF80A100093032203AB02A955
:105A200001F0B0FA10B9039B1BBA236004B010BD9B
:105A30001FB542F201734C78ADF808300B788DF841
:105A40000E2003EB44038DF80A30130E8DF80B3053
:105A5000130C8DF80C30130A8DF80D30002307223B
:105A6000009302A901F061FA04B010BD1FB542F61F
:105A70000103ADF80C3000238DF80E1003220093C3
:105A800003A901F052FA05B05DF804FB1FB542F618
:105A90000113ADF80C3000230222009303A901F09A
:105AA00044FA05B05DF804FB1FB542F60123ADF8DA
:105AB0000830130C8DF80B30002352BA8DF80A1001
:105AC000ADF80C200093062202A901F02EFA05B0D1
:105AD0005DF804FB2DE9F04706460F4690461D464B
:105AE00000244FEA53194C450ED1A5EB441515F08F
:105AF000FF0014D0034608EBC412304607EBC41174
:105B0000BDE8F047FFF71ABE2023304608EBC41269
:105B100007EBC411FFF712FE08B90134E3E7BDE853
:105B2000F0871FB547F60203ADF808300B0E8DF86D
:105B30000A300B0C8DF80B30002349BAADF80C106D
:105B40008DF80E200093072202A901F0EEF905B0AE
:105B50005DF804FB1FB547F60213ADF808300B0ED5
:105B60008DF80A300B0C8DF80B30002349BAADF8D4
:105B70000C100622009302A901F0D7F905B05DF8D8
:105B800004FB1FB547F60233ADF808300B0E8DF855
:105B90000A300B0C8DF80B30002349BAADF80C100D
:105BA0000622009302A901F0C0F905B05DF804FBDC
:105BB0001FB547F60243ADF80C304B780A789B01CD
:105BC00043EAC2138A7803A913438DF80E300023E9
:105BD0000322009301F0A9F905B05DF804FB024629
:105BE000C0F3C0435800510348BF40F0040093067F
:105BF00048BF40F01000910248BF40F00800530633
:105C000048BF40F02000910548BF40F040005302DB
:105C100048BF40F08000D10248BF40F480701306B6
:105C200048BF40F40070910148BF40F48060930089
:105C300048BF40F40030D10048BF40F480205300FA
:105C400048BF40F40020002AB8BF40F48010910300
:105C500048BF40F40010D30348BF40F48000D10790
:105C600048BF40F40050930748BF40F48040D1063D
:105C700048BF40F40040130748BF40F480307047ED
:105C80000246C0F34003D804530748BF40F48020C5
:105C9000D10648BF40F02000130748BF40F4001071
:105CA000910648BF40F04000530648BF40F40070E2
:105CB000110648BF40F48000D30548BF40F480106F
:105CC000910548BF40F08000530548BF40F0007088
:105CD000910448BF40F00100530448BF40F0020067
:105CE000910348BF40F00050530348BF40F080503C
:105CF000110348BF40F08040D30248BF40F000404D
:105D0000110448BF40F01000D30348BF40F0080022
:105D10007047034600F00100990748BF40F00200B9
:105D20005A0748BF40F00400190748BF40F0080078
:105D3000DA0648BF40F010009B0648BF40F0200044
:105D4000704703880B808378102B09D004D83BB1AF
:105D5000082B05D002207047182B01D0202BF8E724
:105D60008B700379012B03D0022B01D0002BF1D1D2
:105D70000B714379012B03D0022B01D0002BE9D109
:105D80004B71C3880B81037A013B082BE2D8DFE813
:105D900003F01C050E10121416181A0001238B7242
:105DA000437A0BB1012BD5D10020CB72704702236F
:105DB000F5E70923F3E70A23F1E70323EFE70B23D2
:105DC000EDE70423EBE70C23E9E70023E7E703789B
:105DD0000B704378043B0C2B26D8DFE803F0230735
:105DE0000F1517191B1D1F21251113000A234B70B6
:105DF00083788B70C3780020CB7070470323F6E75D
:105E00000B23F4E70C23F2E70423F0E70D23EEE77E
:105E10000523ECE70E23EAE70623E8E70F23E6E78E
:105E20000723E4E70223E2E70220704730B5034688
:105E3000007938B990705C79032C03D8DFE804F05E
:105E400004040404022030BD54709C790CB1012C70
:105E5000F8D1D470DC79092CF4D8DFE804F005051A
:105E6000050505050505050554715C7AD18014709A
:105E700093F9101011721B7A1371E4E737B50546D8
:105E80000C4680680DF10701F0F718FA88B9207008
:105E90002B6863606B68E3609DF8073063722B7B4F
:105EA000042B0ED8DFE803F0040307090B000423DA
:105EB000237203B030BD0523FAE70623F8E7072372
:105EC000F6E70220F5E703880B8083780BB1012BFE
:105ED00008D18B70C378CB7003790B7143790020A4
:105EE0004B71704702207047FFF786BCFFF786BCF6
:105EF000F0B58BB00446F0F789FA002867D1204648
:105F00000DF1030101F0E8F820469DF80310FFF7BA
:105F100068FD00285BD1039003AB20460DF105021C
:105F200001A901F0E8F89DF80430012B47D0204684
:105F30000DF1060101F0DAF820469DF80610FFF792
:105F400015FD002843D120460DF10A01FFF77CFC26
:105F5000BDF80A3013B12046FFF78CFCFFF798FC20
:105F6000002506462F46E8B2864232D81822002184
:105F700004A8F9F749FC204604A901F0CFF8032250
:105F8000204604A9F0F7C2F808BB2046F0F7E8F86D
:105F9000E8B92046F0F714F9C8B9014601222046B5
:105FA000F0F7FAF898B9032202212046F0F724F915
:105FB00068B9052204212046F0F714FA07E02046CC
:105FC000039A9DF80510FFF7F1FC0028AFD00BB045
:105FD000F0BD0DF107018DF808708DF80970F0F72C
:105FE000B1F900283FD020469DF8071002AA01F021
:105FF0004FF820469DF807100DF1090201F051F805
:1060000020469DF809309DF808209DF80710FFF7FD
:1060100041FC0028DBD19DF80830022B10D19DF8FF
:1060200007108DF8100004AA204601F04CF8204615
:106030009DF810209DF80710FFF73FFC0028C6D1FF
:106040009DF80830072B0CD1204604A98DF810705C
:1060500001F047F820469DF81010FFF797FC002844
:10606000B5D101357FE70320B1E707B500228DF8F0
:10607000051001A98DF80420FFF7DAFC03B05DF8E4
:1060800004FB09B1012901D1FFF7F0BC02207047E0
:10609000FFF7FCBC0021FEF78CBE38B50C46054668
:1060A000FEF7FBFE631C06D12846BDE838406FF0C2
:1060B0007F41FEF74BBEB4F5FA2F05D221462846A4
:1060C000BDE83840FEF758BE032038BD01207047B8
:1060D000022903D80131C9B2FEF7D3BD02207047AF
:1060E000FEF706BE0023FEF79ABEFFF7C6B90221EF
:1060F000FEF766BE0121FEF763BE1FB504468DF8AC
:106100000810039202A96A46F4F744F8694620464B
:10611000FEF788FD30B920469DF805209DF9061050
:10612000FEF79DFD04B010BDFEF7A9BEF7B50F4602
:106130000DF10601054616461C46FEF77CFE60B9C9
:10614000BDF8062004B12280974208D3B2F5806FD3
:1061500005D231462846FEF784FE03B0F0BD032089
:10616000FBE709B1FEF767BE03207047B2F5806F09
:1061700001D2FEF776BE03207047FEF78EBEFEF713
:106180009ABEFEF7BCBEFEF7A4BE2DE9F04704465A
:10619000084617461E46FFF7BCFD05463846FFF782
:1061A000B8FDBDF82080BDF82490BDF828A00246B7
:1061B000334629462046CDE9099ACDF82080BDE82E
:1061C000F047F0F7E5B873B50E4615460DF1060138
:1061D0000DF10702FEF7E0FE044648B99DF80600FF
:1061E000FFF797FD30709DF80700FFF792FD2870CC
:1061F000204602B070BD70B5044608461646FFF74B
:1062000088FD05463046FFF784FD294602462046B4
:10621000BDE87040FEF7AEBE73B50E4615460DF1F3
:1062200006010DF10702FEF7D1FE044648B99DF8BC
:106230000600FFF76EFD30709DF80700FFF769FD5F
:106240002870204602B070BD30B585B00D4603AB56
:1062500002AA01A9FFF7D4FA044618B90398FFF778
:10626000BEFC2860204605B030BD10B50446084687
:10627000FFF706FD01462046BDE81040FFF74ABB88
:10628000002337B50D4601A90193FFF75AFB0446D9
:1062900020B91DB10198FFF7A2FC2860204603B089
:1062A00030BD2DE9F34706460846FFF7E9FC002517
:1062B0000746FFF7EDFAA84681460324AA46E8B24E
:1062C000814506D8B84500D00324204602B0BDE879
:1062D000F0870DF102018DF803A0CDF804A0F0F7CE
:1062E00031F80028F0D030469DF802100DF103027D
:1062F00000F0CEFE9DF80330012B12D130469DF800
:10630000021001AA00F0D6FE019A30463A409DF8EC
:106310000210019248EA0208FFF7E1FA0446002859
:10632000D2D10135CBE737B504460D46FEF752FC16
:106330000023294620468DF806308DF807300DF1F0
:1063400006020DF10703F3F717FF20469DF807201B
:106350009DF80610FEF754FC03B030BD13B50C4693
:106360000DF10701FEF7ADFC40B99DF80730022B97
:1063700006D0052B06D03BB90123237002B010BD17
:106380000346FAE70223F8E70220F7E730B50D46A7
:1063900085B00021044610226846F9F735FA6946AF
:1063A0002846FFF76BFD18B969462046FEF79FFEA9
:1063B00005B030BD1FB500230446084601A9CDF83D
:1063C0000630CDF80A30ADF80E30FFF7BAFC10B940
:1063D0002046FEF7B4FE04B010BDFEF73BBF13B578
:1063E0000446084601A9FFF7F2FC10B92046FEF763
:1063F00089FF02B010BD002307B502460846694672
:10640000CDF80230FFF75FFD10B91046FEF794FF9C
:1064100003B05DF804FB1FB50B780446042B1ED8AF
:10642000DFE803F026032022240002238DF8043045
:106430004B788DF80C30CB78012B02D0022B19D081
:106440006BB948688DF80630FEF7BEFB002302905A
:1064500001A920468DF80530FEF7F1FF00E002208B
:1064600004B010BD0423E1E70823DFE71023DDE7D4
:106470000123DBE71023E4E7FEF7A6BF1FB50023E7
:106480000446084601A9CDE90133ADF80C30F0F718
:1064900021F810B92046FEF7CAFD04B010BD1FB5A3
:1064A00000230C4601A9CDE901330393FEF7E4FE76
:1064B00030B9BDF80A3020806380BDF80630A38073
:1064C00004B010BD1FB50C466946FEF7E4FF60B985
:1064D000BDF8043023809DF9073002339B106380A0
:1064E000BDF80830A380039BA36004B010BD1FB5A6
:1064F00000230C4601A9CDE901330393FEF7BBFD50
:1065000088B9BDF8043023809DF80630A370BDF82B
:106510000830A3809DF80A30A371BDF80C302381A8
:106520009DF80E30A37204B010BD0022FEF7F0BB40
:106530001FB50446084601A9FFF749FC02A92046F9
:10654000FFF7C1FC01A902A8FFF760F804B010BD75
:1065500010B5044688B0084604A9FFF78FFC01A9CE
:106560002046FFF7EEFBE27804A901A8FEF7B6FE8D
:1065700008B010BD082A73B50546144614D8C2F1F8
:1065800008060DEB0600E9F77BFF3246002168465E
:10659000F9F73AF9E20001236946284602F0F802C9
:1065A000FEF72EFE02B070BD0320FBE7FEF737BFFB
:1065B0002BB1013B012B01D8FEF788BD0223184601
:1065C000704713460A461946FEF7FABD0B461146B8
:1065D0001A4302D01A46FEF7F3BD104670470A462A
:1065E0000021FEF7D7BD012903D0022904D00220E3
:1065F00070470021FEF7CEBD0121FBE7FFF74FB842
:1066000030B50D4685B004461946284601AAFFF765
:106610000DFCE8B92046E968FEF7DCFAC0B920466F
:106620002968FFF72DF898B920469DF82430089A7C
:1066300001A9FEF7FBFF58B903460246694620460A
:10664000FFF7DEF820B99DF80030022B18BF0320B9
:1066500005B030BD0020704700207047F8B50646F1
:106660000F46154600240320AC4200D1F8BD03219B
:10667000304607EB8402FFF7C4F90028F6D1013455
:10668000F2E7002070470020704730B585B00D4616
:1066900069461446FEF7FFFE40B99DF802302B70A4
:1066A0009DF80130003B18BF0123237005B030BDB9
:1066B00030B504461D4687B08DF81010059204A928
:1066C00002AAF3F767FD20460DF1070100F004FD73
:1066D0002B4620469DF8072002A900F049FD07B08F
:1066E00030BD37B51D4604460DF1070100F0F4FC3E
:1066F0002A462046069B9DF8071000F069FD03B06E
:1067000030BDF0B516461F4604460D4685B00DF166
:106710000F0100F0E1FC33462A4620469DF80F1099
:10672000009700F065FD05B0F0BD7FB50846164640
:10673000002101AA1D46FFF779FB044620B9314626
:106740001046FEF7AFFF2860204604B070BD002061
:106750001880704730B585B008461546002101AA5B
:10676000FFF764FB044618B91046FEF7D5FF286012
:10677000204605B030BD002307B58DF8061001A9ED
:10678000ADF80430FFF714FA03B05DF804FBFFF72F
:10679000C8B9FFF7DFB9FFF7F4B9F0B51D4600231C
:1067A00085B00F4602A91646CDE90233EFF756FE33
:1067B0000446B8B90090ADF805008DF8070001A9AE
:1067C00068468DF80170FFF702FB044650B9029944
:1067D0009DF80C200A9B31609DF805001A70EFF7B8
:1067E00065FE2860204605B0F0BDD0F88C3000680A
:1067F0001847D0F890300068184770B505460C4629
:10680000036B00210068984750BB01462846FFF7FC
:10681000F0FF28BB2846216AFFF7E7FF00BBAB6CFF
:10682000226A94F92A1028689847C8B92146D5F8F1
:1068300098302868984798B9D5F89C30286804F1B2
:106840001001984760B9237E2868012B09D1E27CAA
:10685000D5F8D8300732E1692868D208984740B1A6
:1068600070BDD5F8E430E28CA18C98470028EED0BA
:10687000F6E7607E0028F3D0D5F8EC30218D28684B
:10688000BDE87040184770B50C4601210546FFF77A
:10689000B0FF48BB01462B6B2868984720BBD5F852
:1068A000B030618A28689847F0B92846E168FFF758
:1068B0009CFFC8B9AB6CE26894F91010286898473F
:1068C00090B92146D5F8A4302868984760B9D5F822
:1068D000A8302868211D984730B9D5F8DC30617C94
:1068E0002868BDE87040184770BD2DE9F0410D469D
:1068F00002210446FFF77DFF48BB2046E969FFF708
:1069000074FF20BB2946D4F8B43020689847F0B90A
:10691000D4F8B8302068291D9847C0B9D5E90812C5
:10692000D4F8E8302068984788B995F8296086B986
:1069300005F10C080136F6B23146D4F8E0706B79F7
:1069400058F8042F2068B84708B9032EF2D1BDE8E3
:10695000F081A36CEA6995F928102068984700280F
:10696000F5D1A979D4F8E060CA1CB4466B7955F822
:1069700022202068BDE8F0416047002330B585B093
:10698000ADF8063002938DF80C300B890D46ADF84A
:1069900004300B7C012104468DF80D30FFF729FFF0
:1069A000A8B92046E968FFF720FF80B9D4F8A430E1
:1069B000206801A9984750B9D4F8A830206802A9E6
:1069C000984720B92946D4F8AC302068984705B0DC
:1069D00030BD7047EFF7C6BFD0F888300068184761
:1069E00008B5EFF7E5FEBDE80840F1F76BB8C36DF9
:1069F0000068184708B5FFF7EDFF002008BD012328
:106A000080F8523D002380F8D03D00F019BAF0B56F
:106A100085B06A46034600F59C7193F874481833B4
:106A20008B4202F8014BF8D1FF2700F60B2100F64C
:106A3000182000226D46FF24134615F8016BA6426C
:106A400098BFDAB203F1010398BF34460D2BF4D19D
:106A500002F1100301F8012F6B44814203F8107C0E
:106A6000E7D105B0F0BD10B4D0F814410068A446D9
:106A700010BC60472DE9F84F04460746054600263E
:106A80004FF00D0A4FF0040B00F54D6800F10D09B1
:106A900095F87638032B25D1D8F80030391B01330F
:106AA000C8F8003095F86C382046E21803F2B62397
:106AB00082F8C86A44F823600A2385F86CA8C5F8F0
:106AC0007868C5F87C68C5F8806885F876B885F878
:106AD000756887F8503AD8F8C830C9B2C4F8943D00
:106AE000F2F7BAF801374F4505F1180508F1040827
:106AF000CED1BDE8F88F2DE9FF4100230393182381
:106B000003FB010300EB8105C5F8042D93F86D38F4
:106B100004460E4617465BB1013B0D2B1BD8DFE840
:106B200003F03B1A50607080071A071A1A1A1A3BB2
:106B3000D5F8983D00219A6A18689047A42101FB76
:106B40000641D5F8980D0022D0F81C8191F8491023
:106B5000006803ABC0470020182303FB064696F8E5
:106B60006D38A3F10A02032A65D8D4F8CC3CD5F8D5
:106B7000DC2BFB1A1A44C5F8DC2BD4F8B42C1A44CD
:106B80000023C4F8B42CC4F8C43CC4F8C83CC4F80E
:106B9000CC3C04B0BDE8F081D5F8983D00219A6A5C
:106BA00018689047A42101FB0641D5F8980D03AB66
:106BB0000093D0F818810A6D0023896C0068C047E3
:106BC000C9E74FF0A40808FB0108D8F8282098F975
:106BD0002C1003ABD5F8980DFFF745FFD8F8280027
:106BE000BAE74FF0A40808FB010803ABD5F8980DED
:106BF000D8F83C2098F94610FFF735FFD8F83C004C
:106C0000AAE74FF0A40808FB010803ABD5F8980DDC
:106C1000D8F8382098F94410FFF725FFD8F8380045
:106C20009AE74FF0A40808FB010803ABD8F8282026
:106C300098F93010CEE7103B022BAAD9D4F8C41C27
:106C4000039AD9B1D5F8746B7B1A1E44C5F80C3B76
:106C5000C5F8746BD4F8AC6C1E44C4F8AC6C4FF43B
:106C60007A765343B3FBF6F3D5F8106C1E44C5F89F
:106C7000106CD4F8B86C1E44C4F8B86CD4F8C83C96
:106C8000DBB1D5F8A86BFB1A1E44C5F8403BC5F82C
:106C9000A86BD4F8B06C1E44C4F8B06C4FF47A768C
:106CA0005343B3FBF6F3D5F8446C1E44C5F8446C6B
:106CB000D4F8BC6C1E44C4F8BC6CD4F8CC3CCBB14A
:106CC000FF1AD5F8DC3B7A433B44C5F8DC3BD4F8EB
:106CD000B43C3B44C4F8B43C4FF47A73B2FBF3F2D7
:106CE000D5F8783C1344C5F8783CD4F8C03C13443C
:106CF000C4F8C03C0023C4F8C43CC4F8C83CC4F881
:106D0000CC3C00293FF445AFD5F80C1BF2F734FE1C
:106D10003FE72DE9F041044600250E4640F6E852D3
:106D20000021F8F771FD4FF0130823462946042788
:106D3000C4F8946D04F6945283F86C5801350D2D07
:106D400083F86D88C3F8701883F8767883F875181F
:106D500042F8046F03F11803EED12A46002104F62D
:106D6000D150F8F751FD2A460B2104F52560F8F7BC
:106D70004BFD3422002104F61C20F8F745FD342297
:106D8000002104F65C50F8F73FFD012384F80180F0
:106D900084F8533DA77204F60C304FF40C720021B6
:106DA000F8F732FD0823C4F8CC3DBDE8F041F1F717
:106DB000A9BE10B504464FF40C7201F60C31E9F788
:106DC0005FFB204610BD38B50123044680F8513DD5
:106DD00090F8445D00F025F804EB8504C4F8940AAB
:106DE000BDE8384000F02CB8002370B54578DCB21F
:106DF000A54201D8002007E046688E4205D8866883
:106E00008E4202D90120147070BD01335030EEE77C
:106E100008B540F635400021F7F730FA0120ECF7CD
:106E20004DFB38B500F067FC4FF47A74A0FB040505
:106E300047F61222002304FB0151EAF729F938BD75
:106E4000F2F762BE814237B50D4628BF0546814242
:106E50000C4638BF04460134641B08BF4FF0FF34B2
:106E600004210DEB0100EDF7CFFC0198B0FBF4F32A
:106E700004FB1300284403B030BD00207047704766
:106E80007047704750F8043C13B150F8140C184781
:106E9000704701298CBF6FF085000020704701F119
:106EA0001000F6F713BA03691961704710B48468CB
:106EB0002468A44610BC6047F8B50669044696F8F5
:106EC000247045681FB1BDE8F840F3F7F9B80C35F8
:106ED00001212846F3F7C2F839462846F3F7BEF8F1
:106EE0002046F3F7EDF8012386F82430F8BD38B5D5
:106EF00044680569183401212046F3F7AFF80021F2
:106F00000420F7F7BBF900212046F3F7A7F800218A
:106F10006E20F7F7B3F9012385F82430002038BD3F
:106F200008B5FFF7C9FF002008BDF0B587B004938E
:106F3000BDF830304768059302AB00930223CDE9DA
:106F400002120C46154606690193FFF7B5FF0023B0
:106F50006A463868391DFFF7A9FF88B92378012BE5
:106F600001D1012D02D8002007B0F0BD6378272B96
:106F7000F9D186F8240000211020F7F77FF9F2E715
:106F80000320F1E72DE9F0438DB01F4602AB0493D7
:106F900001234668CDE9021206F10408054605936F
:106FA000BDF85090FFF788FF00234146306804AADF
:106FB000FFF77CFF0446D8B9B9F1000F03D10020D8
:106FC0000DB0BDE8F08301AB0893022308AA284660
:106FD000CDE90623CDE90937CDF82C90FFF76CFFFA
:106FE00022464146306806ABFFF760FF0028E6D036
:106FF0000320E5E77FB50D4614464668FFF75CFFC2
:107000000123CDE900540393CDF808D00022306865
:1070100002AB311DFFF74AFF002814BF03200020F8
:1070200004B070BD30B58FB0CDE9061201AA0A9246
:107030000222BDF84850CDE90B234468CDE908355C
:1070400006ABCDE902320AABCDE904320D95FFF76C
:1070500033FF206804AB02AA211DFFF727FF002899
:1070600014BF032000200FB030BDF0B5024600234E
:10707000142790F828609E4201DC0020F0BD07FB39
:1070800003F4D56A28192C5D8C42F7D00133F2E75E
:1070900010B540681446FFF7E8FF08B14378237045
:1070A00010BD10B540681446FFF7DFFF08B18378C4
:1070B000237010BD10B540681446FFF7D6FF08B125
:1070C0004368236010BD10B540681446FFF7CDFF3C
:1070D00008B1037C237010BD436893F83E300B70F9
:1070E0007047436893F830300B707047436893F8EB
:1070F0003C300B70704770B51C46436893F83460A1
:1071000093F83550986B0E701570FDF75DFD20609B
:1071100070BD036993F82500704770472DE9FF4162
:10712000002406460D4643688DF802409B6F8DF89B
:1071300003401A680DF1040801925A689B68029294
:10714000039358F824700DF10303394630460DF1CE
:107150000202F3F711F89DF8023005F834302B1DC8
:1071600043F834700134032CEBD104B0BDE8F08156
:1071700010B544680878A0B991F9071016290EDCFB
:1071800011F10A0F01DB0A31C8B2022A0CBFE26C0E
:10719000226D00B252F8202000201A6010BD20207D
:1071A000F3E7012812D191F907100C290ADC11F13B
:1071B000110F09DB1131C9B2022AEFD1626D52F809
:1071C0002120E9E71D21F7E70021F5E70220E5E7A7
:1071D00002290BBF41F63A3042F6D25041F2225119
:1071E00042F21C51002A18BF014600201960704766
:1071F000072A406807D802292BD0002212B2002BA0
:1072000037D0836E2EE0092A17D00A2A11D00B2A14
:107210000BD00C2A07D0EED9052202291FD012B2BA
:107220004BB3C36E1EE00422F7E7022913D00322FA
:10723000E4E7022904D00222E0E7022917D1012164
:1072400009B253B1836D53F82130009A00201360C6
:1072500070470021F4E70321F2E7036EF3E712B26F
:107260001BB1C36D53F82230EFE7436EFAE70122FA
:10727000C4E7036FF6E7436FF4E7004700F066B931
:1072800070B5044608461646F3F70EFC083034F88D
:1072900010300D46DA0509D5C3F3432304EBC302CE
:1072A0003146284654F8333052689847A3682BB1CA
:1072B00031462846E268BDE87040184770BD2DE9A8
:1072C000F3411746DDE90858019001A80C461E4617
:1072D000F3F742FC019B391E18BF012100EB83002C
:1072E000231E18BF0123002E43EA410314BF0C21C3
:1072F0000021002D43EA010314BF4FF47061002107
:10730000B8F1000F43EA010314BF4FF440310021EC
:10731000D0F880200B4322EA030304B124780FB194
:107320003F787F001C430EB13678B6003C438DB1E8
:10733000297809023443B8F1000F03D098F800808F
:107340004FEA0848214341EA0801C0F8801002B022
:10735000BDE8F0812946EDE71FB50DF10F0301935C
:1073600000238DF80F101A4619460093FFF7A7FF68
:1073700005B05DF804FB10B504792046F3F774FC02
:1073800010B12046F3F796FC00F0010010BD2DE986
:10739000F04700250446884617462E464FF001095F
:1073A000AA46BE420CD1D4F8443133B10023C4F80C
:1073B0004431D4F8443145F400352846BDE8F0871F
:1073C000F0B2F3F7FBFBA0F580739B0809FA03F317
:1073D00018EA030F05D022581AB144F800A0225829
:1073E0001D430136DDE770B50679044630460D468B
:1073F000F3F760FCB0B13046F3F736FC90B9304695
:10740000F3F722FC012322688340C2F81833226874
:1074100003B202EB8303D3F8102522F00302C3F872
:10742000102570BD2846BDE870400021FFF794BFCD
:10743000F3F780BDFFF7D7BFF3F74EBC08B5F4F7FD
:10744000C9FBBDE80840F3F73DB970B50126A2F5C8
:107450008074A40806FA04F4054614EA010008D072
:10746000A85830B100213046A950AA581A682243C2
:107470001A6070BD00232DE9F34104460D460193C7
:10748000904601AB4FF48072FFF7DFFF4FF482723A
:1074900029462046FFF7D9FF4FF484720746294654
:1074A0002046FFF7D2FF064630B1B8F1000F1DD0DD
:1074B00017B13E46D4F80C374FF4A6722946204641
:1074C00001ABFFF7C2FF30B1B8F1000F03D016B91E
:1074D0000FB1D4F80C374FF4B4722946204601ABF3
:1074E000FFF7B3FF019802B0BDE8F0814646E3E73D
:1074F000012370B504460D46642643600022022134
:107500002046FFF7B7FF20B90120FFF7B7FE013E85
:10751000F4D100236B77C4F8003570BD07B5019036
:1075200001A8F4F7B9FB0123019A9340436003B02B
:107530005DF804FB07B5019001A8F4F7ADFB01234A
:10754000019A9340836003B05DF804FB08B1EDF746
:1075500037B9704740B1C368587810F001001EBFBA
:107560001878B0FA80F040097047EFF311832023B8
:1075700083F31288BFF36F8FFEE708B5FFF7F5FFBF
:1075800010B54369044633B90020E268537843F0EC
:107590000103537010BD98470028F5D00028B8BFEC
:1075A0004042FF28A8BFFF20E3681870EDE7F8F716
:1075B0002BB9E8F765BF90F90E308B4201D0F6F792
:1075C00009BB0020704703460020C3E90033C3E92C
:1075D000020070475AB18A4209D300F11003C0E992
:1075E0000212C0E90000C0E90433002070476FF0C8
:1075F00015007047012302688B4022EA03030360F1
:1076000022FA01F000F00100704720B10022AC30F6
:107610001146F6F7FDBF704710B5F5F7EDFD041EF6
:1076200008DDEFF31180202383F31288BFF36F8FFF
:10763000F6F7ECFB204610BDEFF30580003818BFCD
:1076400001207047D0E9003213605A600023C0E97E
:107650000033704738B504460D46F5F795FF637B58
:1076600043F002036373E5B1A5602B689D4209D125
:107670006B68C4E900531C606C6012E06A689A424F
:10768000F6D01B68002BF3D094F90E2093F90E105E
:107690008A42F3D09142F1DD5A68C4E900321460A5
:1076A0005C6038BD01211838F6F76CB910B5044696
:1076B000F6F720F904F11800BDE81040F7F742BAD8
:1076C00008B50246F7F734F970B1D0E904319B1AD6
:1076D00061EBE272B3F1004F72F1000104DA002AAB
:1076E000ACBF1846002008BD6FF00040FBE708B5AE
:1076F000F7F72AFB08BDF7F727BB10B50446F7F7E5
:1077000021FAA8B9636A0BB12046984704F1180022
:10771000F6F712FA60B1F6F7A7F8EFF3118020231D
:1077200083F31288BFF36F8FBDE81040F6F76EBB8E
:1077300010BD2DE9F041846805460E46D4B163784A
:10774000012B22D114F8533C9A0711D5A4F16007FC
:107750003846FFF7ABFF082E0CBF6FF00303002382
:10776000E36314F8533CDB0602D13846F6F77CF8A5
:10777000002323700020EB68A860C3F38632164311
:1077800066F39433EB60BDE8F081022BF0D12378EF
:10779000002BEDD054F8048CB8F1000FE8D004F1C0
:1077A0001400F7F7CFF90023A4F114073946404637
:1077B000E362F5F721FDDBE710B400F10C04C0E94A
:0C77C00003440024446110BCEBF7B8B98E
:0877CC00F898FE7F01000000A7
:1077D4005947000000000000000000007C78010010
:1077E400EDF100000000000000000000A07801009E
:1077F40000000000E878010000000000C4780100E7
:10780400000000000C790100000000005479010020
:107814000000000030790100414D0000000000002C
:10782400895F0000000000007545000000000000B2
:107834003DF2000000000000895300000000000039
:1078440000000000E479010000000000C07901009C
:10785400000000009C79010000000000787901001C
:10786400000000002C7A010000000000507A0100A2
:0878740000000000087A010089
:10787C00AAA101005885010038830100600F002087
:10788C0080130020214A00000000000000000000CE
:10789C0000000000E7A20100908501000C830100AC
:1078AC00660F0020F41300208D4F00000000000034
:1078BC000000000048070020F3A20100A885010089
:1078CC000C830100680F0020001400208D4F000075
:1078DC00000000000000000058070020FEA201007C
:1078EC00C08501000C8301006A0F00200C140020DD
:1078FC008D4F000000000000000000006807002011
:10790C00B7A1010000000000EC820100620F002012
:10791C0000000000D54D0000000000000000000039
:10792C000000000039A30100B08601009083010023
:10793C00740F002088070020D347010000000000CE
:10794C00000000007807002044A301000887010014
:10795C0090830100760F0020BC070020F147010046
:10796C000000000000000000AC07002012A3010082
:10797C00F0850100548301006C0F002018140020C6
:10798C00F95500000000000000000000000000009D
:10799C001BA3010020860100548301006E0F002000
:1079AC0030140020F9550000000000000000000019
:1079BC000000000024A30100508601005483010044
:1079CC00700F002048140020F95500000000000042
:1079DC0000000000000000002DA3010080860100C3
:1079EC0054830100720F002060140020F955000030
:1079FC00000000000000000000000000BBA101001E
:107A0C0000000000F4820100640F00200000000060
:107A1C00154E0000000000000000000000000000F7
:107A2C004FA301007887010030830100780F0020FC
:107A3C00F0070020E9580000714901000000000027
:107A4C00E0070020F1CA0100E093010000000000F3
:107A5C007A0F0020882E00200D9F000000000000EF
:087A6C0000000000C809002021
:107A740000000000AD41010000000000AD41010024
:107A840000000000AD41010000000000AD41010014
:107A940000000000AD41010000000000AD41010004
:107AA40000000000AD41010000000000AD410100F4
:107AB40000000000AD41010000000000AD410100E4
:107AC40000000000AD41010000000000AD410100D4
:107AD40000000000AD41010000000000AD410100C4
:107AE40000000000AD41010000000000AD410100B4
:107AF40000000000AD41010000000000AD410100A4
:107B040000000000AD41010000000000AD41010093
:107B140000000000AD41010000000000AD41010083
:107B240000000000AD41010000000000AD41010073
:107B340000000000AD41010000000000AD41010063
:107B440000000000AD41010000000000AD41010053
:107B540000000000AD41010000000000AD41010043
:107B640000000000AD41010000000000AD41010033
:107B740000000000AD41010000000000AD41010023
:107B840000000000AD41010000000000AD41010013
:107B940000000000AD41010000000000AD41010003
:107BA40000000000AD41010000000000AD410100F3
:107BB40000000000AD41010000000000AD410100E3
:107BC40000000000AD41010000000000AD410100D3
:107BD40000000000AD41010000000000AD410100C3
:107BE40000000000AD41010000000000AD410100B3
:107BF40000000000AD41010000000000AD410100A3
:107C040000000000AD41010000000000AD41010092
:107C140000000000AD41010000000000AD41010082
:107C240000000000AD41010000000000AD41010072
:107C340000000000AD41010000000000AD41010062
:107C440000000000AD41010000000000AD41010052
:107C540000000000AD41010000000000AD41010042
:107C640000000000AD41010000000000AD41010032
:107C740000000000AD41010000000000AD41010022
:107C840000000000AD41010000000000AD41010012
:107C940000000000AD41010000000000AD41010002
:107CA40000000000AD41010000000000AD410100F2
:107CB40000000000AD41010000000000AD410100E2
:107CC400D5C300007B72010000000000AD4101003B
:107CD40000000000AD41010000000000AD410100C2
:107CE40000000000AD41010000000000AD410100B2
:107CF40000000000AD41010000000000AD410100A2
:107D040000000000AD41010000000000AD41010091
:107D140000000000AD41010000000000AD41010081
:107D240000000000AD41010000000000AD41010071
:107D340000000000AD41010000000000AD41010061
:107D440000000000AD41010000000000AD41010051
:107D540000000000AD41010000000000AD41010041
:107D640000000000AD41010000000000AD41010031
:107D740000000000AD41010000000000AD41010021
:107D840000000000AD41010000000000AD41010011
:107D940000000000AD41010000000000AD41010001
:107DA40000000000AD41010000000000AD410100F1
:107DB40000000000AD41010000000000AD410100E1
:107DC40000000000AD41010000000000AD410100D1
:107DD40000000000AD41010000000000AD410100C1
:107DE40000000000AD41010000000000AD410100B1
:107DF40000000000AD41010000000000AD410100A1
:107E040000000000AD41010000000000AD41010090
:107E140000000000AD41010000000000AD41010080
:107E240000000000AD41010000000000AD41010070
:107E340000000000AD41010000000000AD41010060
:107E440000000000AD41010000000000AD41010050
:107E540000000000AD41010000000000AD41010040
:107E640000000000AD41010000000000AD41010030
:107E740000000000AD41010000000000AD41010020
:107E840000000000AD41010000000000AD41010010
:107E940000000000AD41010000000000AD41010000
:107EA40000000000AD41010000000000AD410100F0
:107EB40000000000AD41010000000000AD410100E0
:107EC40000000000AD41010000000000AD410100D0
:107ED40000000000AD41010000000000AD410100C0
:107EE40000000000AD41010000000000AD410100B0
:107EF40000000000AD41010000000000AD410100A0
:107F040000000000AD41010000000000AD4101008F
:107F140000000000AD41010000000000AD4101007F
:107F240000000000AD41010000000000AD4101006F
:107F340000000000AD41010000000000AD4101005F
:107F440000000000AD41010000000000AD4101004F
:107F540000000000AD41010000000000AD4101003F
:107F640000000000AD41010000000000AD4101002F
:107F740000000000AD41010000000000AD4101001F
:107F840000000000AD41010000000000AD4101000F
:107F940000000000AD41010000000000AD410100FF
:107FA40000000000AD41010000000000AD410100EF
:107FB40000000000AD41010000000000AD410100DF
:107FC40000000000AD41010000000000AD410100CF
:107FD40000000000AD41010000000000AD410100BF
:107FE40000000000AD41010000000000AD410100AF
:107FF40000000000AD41010000000000AD4101009F
:1080040000000000AD41010000000000AD4101008E
:1080140000000000AD41010000000000AD4101007E
:1080240000000000AD41010000000000AD4101006E
:1080340000000000AD41010000000000AD4101005E
:1080440000000000AD41010000000000AD4101004E
:1080540000000000AD41010000000000AD4101003E
:1080640000000000AD41010000000000AD4101002E
:1080740000000000AD41010000000000AD4101001E
:1080840000000000AD41010000000000AD4101000E
:1080940000000000AD41010000000000AD410100FE
:1080A400547901000B460100307901000B460100B0
:1080B40000000000AD41010000000000AD410100DE
:1080C40000000000AD41010000000000AD410100CE
:1080D40000000000AD41010000000000AD410100BE
:1080E40000000000AD41010000000000AD410100AE
:1080F40000000000AD41010000000000AD4101009E
:1081040000000000AD41010000000000AD4101008D
:1081140000000000AD41010000000000AD4101007D
:1081240000000000AD41010000000000AD4101006D
:1081340000000000AD41010000000000AD4101005D
:1081440000000000AD41010021B500007B72010078
:1081540000000000AD41010000000000AD4101003D
:1081640000000000AD41010000000000AD4101002D
:1081740000000000AD41010000000000AD4101001D
:1081840000000000AD41010000000000AD4101000D
:1081940005BB00007B72010000000000AD4101003E
:1081A40000000000AD41010000000000AD410100ED
:1081B40000000000AD41010000000000AD410100DD
:1081C40000000000AD41010000000000AD410100CD
:1081D40000000000AD41010000000000AD410100BD
:1081E40000000000AD41010000000000AD410100AD
:1081F40000000000AD41010000000000AD4101009D
:1082040000000000AD41010000000000AD4101008C
:1082140000000000AD41010000000000AD4101007C
:1082240000000000AD41010000000000AD4101006C
:1082340000000000AD41010000000000AD4101005C
:1082440000000000AD41010000000000AD4101004C
:1082540000000000AD41010000000000AD4101003C
:1082640000000000AD41010000000000AD4101002C
:1082740000000000AD41010000000000AD4101001C
:1082840000000000AD41010000000000AD4101000C
:1082940000000000AD4101003D7401007B7201004B
:1082A40000000000AD41010000000000AD410100EC
:1082B40000000000AD41010000000000AD410100DC
:1082C40000000000AD41010000000000AD410100CC
:1082D40000000000AD41010031B500007B720100D7
:0882E40000000000AD410100A3
:0882EC000F430100914D000059
:1082F400394E0000254301001D430100FD4D0000DF
:08830400ED4D0000054E0000E4
:10830C006D51000037430100434301005743010006
:10831C00614301006B43010045500000ED4E00002D
:04832C00000000004D
:08833000FD5A00007B4A010028
:108338007D4A000009430100DD4201000000000001
:0C8348004549000000000000000000009B
:10835400D7450100F5450100AF450100BD450100C9
:108364000000000000000000000000000000000009
:1083740000000000000000000000000000000000F9
:0C838400000000000000000000000000ED
:1083900069460100995700005B4601000149010050
:1083A0008F460100B7460100EB460100FB46010085
:1083B0002947010037470100FB460100194701002A
:1083C00045470100514701005D4701009347010007
:0C83D000974701000000000000000000C2
:1083E00000A0105000820D50000405500500000050
:1083F0000400000001000000000000000000000078
:108400000338FDD8704700000000000000000000A5
:108410000338FDD8704700000080E03779C341433E
:10842000176E05B5B5B89346F5F93FE9034F384DDA
:10843000321D30F94877825A3CBF737FDD4F157586
:10844000000000000000F03F000000000000244099
:1084500000000000000059400000000000408F4074
:10846000000000000088C34000000000006AF840DF
:108470000000000080842E4100000000D012634103
:108480000000000084D797410000000065CDCD4179
:10849000000000205FA00242000000E8764837425A
:1084A000000000A2941A6D42000040E59C30A242F8
:1084B0000000901EC4BCD64200003426F56B0C436D
:1084C0000080E03779C3414300A0D8855734764314
:1084D00000C84E676DC1AB43003D9160E458E14375
:1084E000408CB5781DAF154450EFE2D6E41A4B44EA
:1084F00092D54D06CFF08044F64AE1C7022DB5442F
:10850000B49DD9794378EA44E87801000500000079
:10851000E8780100030000000000002000000000D7
:1085200006000100020000002C8501000000000090
:10853000C99F010002000000E04F1600000000206B
:10854000D19F010021000000E0EF02200949000056
:10855000F949000000000000954B0000B94A0000F6
:10856000F7420100FD4201001000000001FF000081
:10857000650100000010000000A0105000820D50A6
:10858000000405507F000000FFFF0100FF0700000E
:108590001F00000000A010500000000000000000BC
:1085A00000C0105001000000FFFF000000820D50CD
:1085B000000000000100000000A00D5000000000BD
:1085C000FF0700000004055000000000020000004A
:1085D000000000000000000000A0105000820D50BC
:1085E000000405507F000000FFFF0100FF070000AE
:1085F00000000080FFFFFF7F00000080000000807F
:10860000FFFFFF7F0000008000000000000000006E
:1086100039A3010000FF0800C47801000F0000002A
:1086200000000080FFFFFF7F00000080000000804E
:10863000FFFFFF7F0000008000000000000000003E
:1086400039A3010000FF0800E878010003000000E2
:1086500000000080FFFFFF7F00000080000000801E
:10866000FFFFFF7F0000008000000000000000000E
:1086700039A3010000FF0800E878010005000000B0
:1086800000000080FFFFFF7F0000008000000080EE
:10869000FFFFFF7F00000080881300000000000043
:1086A00039A3010000FF0A00A078010001000000CA
:1086B00000700C500000000000000000DC8601008B
:1086C00000C201000000D6010000000000000040D0
:1086D00000000000775801207658012000700C50EF
:1086E000E88601000200000000870100020000008F
:1086F000F886010002010000488000004780000168
:10870000480000004706000100600C500000000017
:10871000000000003487010000C201000000D60103
:1087200000000000000000400000000099580120F7
:108730009858012000600C504087010002000000A2
:10874000588701000200000050870100020100006C
:10875000298000002880000129000000280600016F
:1087600000A0105000820D50000405507F00000052
:10877000FFFF0100FF07000000A004500000000000
:108780000048E801000000000000000000000000B8
:10879000FFFFFFFF000000000000000000000000DD
:1087A000FFFFFFFF010000010100000093490100ED
:1087B000FFFF0000C4870100FFFFFFFF0000000073
:1087C0000000000000A00450D0870100020000005B
:1087D000EC87010003000000E087010003010000B6
:1087E00041800004428000054480000641000004EE
:1087F0004200000544000006C478010007000100A3
:1088000000A0105000820D50000405507F000000B1
:10881000FFFF0100FF070000E7000000AC0D0000B3
:10882000A700000068100000DF000000CC1000006E
:10883000670000009411000027000000C012000033
:108840009F000000501400005F000000E0150000D1
:10885000D7000000A81600001F00000070170000DD
:10886000E6000000F41A000057000000E81C0000B9
:1088700017000000401F0000A60000006C20000050
:10888000DE000000FC21000066000000C4220000A1
:1088900026000000802500009E0000001027000038
:1088A0005E000000F82A00001E000000E02E00001C
:1088B000E5000000C832000056000000B03600009D
:1088C000A5000000803E0000650000006842000036
:1088D00025000000384A00009D000000204E0000E6
:1088E0005D000000F0550000D5000000D8590000E0
:1088F0001D000000C05D0000E40000007869000079
:10890000550000004871000015000000007D0000C7
:10891000A4000000E8800000DC000000D08400001B
:1089200064000000B888000024000000709400007B
:108930009C00000028A000005C000000E0AB0000EC
:10894000D4000000B0B300001C00000080BB000099
:10895000E3000000D8D600005400000078E60000D4
:108960001400000000FA0000A3000000D001010084
:10897000DB000000880D01006300000058150100B5
:1089800023000000E02801009B00000038440100A3
:108990005B000000A85B0100D300000060670100DD
:1089A0001B00000000770100E200000098B1010008
:1089B00053000000D8D001001300000000F40100B3
:1089C000A200000088070200DA000000101B02006D
:1089D00062000000B02A020022000000A855020038
:1089E0009A000000708802005A00000050B7020090
:1089F000D2000000A8D202001A00000000EE02001F
:108A0000E10000003063030052000000B0A1030049
:108A10001200000000E80300A1000000100F040095
:108A2000D9000000083A0400610000004859040021
:108A30002100000038AF040099000000C8140500B0
:108A40005900000088720500D100000050A5050003
:108A50001900000000DC0500E000000060C6060010
:108A600051000000604307001100000000D0070023
:108A7000A000000008220800D8000000F8770800D5
:108A80006000000078B6080020000000586209006D
:108A90009800000090290A005800000010E50A0024
:108AA000D0000000A04A0B0018000000E8BB0B003B
:108AB00090000000C08C0D00C8000000D8F310002A
:108AC0008800000008571400C0000000B0E7210033
:108AD0008000000010AE28004000000028982B0005
:108AE00000000000A0EF2E00127A000024F4000025
:108AF00048E8010090D0030020A1070040420F0089
:108B00000000000000000000C3A200008C4501002E
:108B1000BB8C0100F8180300F0310600E0630C0084
:108B200002B00D60041303004C1010001810100068
:108B30000000000000000000F1C0C34000800800F9
:108B40002A2100008421F80F86B92B210000C340A0
:108B50008000680981D9001841000DB9C340800028
:108B6000F8774079D1C0E07F0C72E078E4C2CB4561
:108B70008000F877001D0110BF58C3411000C018D5
:108B8000CB46800068091AE82B21800F0000900274
:108B900000861470ACF2C341008008002A20400017
:108BA0008420F80F86B82B20400081D90DB9A14050
:108BB0006079001E41109CF00E0B2F858A20070360
:108BC0008A204601C34110004C13E20B6F85001E42
:108BD0000110C34110000C12D20B6F853DD8C34168
:108BE0001000D811C60B6F8535D8C34110009413FF
:108BF000BA0B6F858A208607C3411000B413AE0BF1
:108C00006F858A204608C341100058149E0B6F855B
:108C100048D8C34110003C14920B6F8547D8C3411C
:108C200010002414860B6F8545D8C34110008415AD
:108C30007A0B6F85E0D8C341100058156E0B6F8515
:108C4000DCD8C34110000816620B6F858A2004032C
:108C5000C3411000D015560B6F858A20C402C34152
:108C600010006816460B6F858A20C404C3411000AB
:108C700040163A0B6F858A208404C3411000741398
:108C80002A0B6F858A208601C341100070141E0BC9
:108C90006F8582D8C34110009016120B6F858A2011
:108CA0000405C34110004C18020B6F858A20870011
:108CB000C3411000F017F60A6F858A20C60CC34125
:108CC00010000418E60A6F858A20C60DC341100003
:108CD000AC15DA0A6F85F6D8C3401000001040804A
:108CE0002180C3408000F80F40A021A00A090000A5
:108CF000F60C00000C72C4C6E6C2CB47F4000002BA
:108D0000F0D98DB96079C08708450087AD2601127A
:108D10000D0E7110AD2001020D0895000D0E94107E
:108D200009085100D2080000A140C6C6E6C2FC1CDA
:108D3000C8B6A1C1CB448000680980846847484612
:108D4000284518430FECC3408000F87780800BEC77
:108D50006340A141C142607CE1438C20C38F40C08D
:108D600043F48C23C2B727F28C23C1B229F28C239F
:108D700082B62DF2630B31306340001680708000A4
:108D80000B6014750C7040C02FF20C715B0D341128
:108D900040C0C1403958CB45800050602C714C73A5
:108DA00020A58159001D01109FE84E0800000C729B
:108DB0001AF0A140C141460C2000E14214F0A1404C
:108DC000C141EE092000E1420EF0A140C1414A0A32
:108DD0002000E14208F0CB440000E024A141C14260
:108DE000607CE14340C000C00F78877404141B34DA
:108DF000C6C6E078E2C2C342F2002400C34080004D
:108E00007307008811087100A0820525801FF000FB
:108E1000000027F0C341F4000002008184201C0000
:108E20008C20048005F4C3434400CCCC04F0C3433D
:108E30002C00CCCCCB4480004C0060A444110080BA
:108E4000D370002D00000425801F0FFFFFFF88F75F
:108E500094B87D7996B897B820A403F097B800A28B
:108E600000160070F40044015258C2C6E2C2001657
:108E70008D7080007307C3420000C0FD407A001669
:108E800081708000730730756C0FE2FF0845A140C8
:108E9000C2C6E07817083E000844C3408000680955
:108EA000008802B885784F204C008F78CB440000B2
:108EB000B0FE007CC34180007307208987E9C3426C
:108EC000F20024002082ADB920A2C34101001C1091
:108ED0000079E078F1C0C3400100B0134078C3408E
:108EE000F200240020808DB9D1C0E07F20A00000D6
:108EF000001681708000A1020A693708B50034713C
:108F0000C341F300140C0081502182026C208001C7
:108F10008520010F00A105818420F00785200F0026
:108F200005A100826C20C00180B8E07F00A2E07D36
:108F3000C340F30014082080D2B993B994B995B90D
:108F4000E07F20A0F1C0C34000009C264078A60F1F
:108F5000EFFF0043D1C0E07F6040E078E2C3A1C1F1
:108F600004C4CB4500005027607D40C4860FEFFF4E
:108F700000436040C2C7E078F1C0C3420000B82798
:108F8000407A720FEFFF0043D1C0E07F6040E0788D
:108F9000F1C0C3430000284F407BC342F300240DBF
:108FA0002082DDB9D1C0E07F20A2E078E4C272085F
:108FB000EF8148452185418840A94088218541A904
:108FC000418521903D7922AA24886185C342800091
:108FD000FC773D7923AB24886288058844214C00C6
:108FE000326B04B844210301C1854420010C0523E0
:108FF0000003257804AE40820185412A010425A89A
:10900000412A0102018526A8018547A80C73001D8D
:109010000112C4C6E4C2DE0C2F8048450846018513
:10902000298E20A8288E018521A8218505961D78E6
:1090300002A9069621851D78060D6F8803A9218552
:1090400004A90696259644204200126921854420F1
:109050000001457805A9128E218506A96185C340C6
:1090600080000878001DC1110088458B3368457960
:109070000C7325ABC4C6E078E2C2D20F8F830845DB
:10908000C3400000B88D4078C340F300740B2080CB
:10909000842101040F0911040180BA086F830F783D
:1090A00008ADC2C6E2C2C3430000B88E607B08456B
:1090B000CB44F300500B60847825021018BA0423C7
:1090C000810FFFF8FFFF457920A4C2C6E4C2CB455B
:1090D000F4004401C3400000EC9F6078C085008527
:1090E000C2781178D370A00001000C0DC6FFC4C671
:1090F000E2C2C341000068A940792B08310108454C
:10910000EE0A0F821F081101C342F40044012082BD
:10911000C340800000780018410021A06C2180012C
:1091200000A2A140C2C6E078E2C2C3410000D4AAB6
:1091300040792B0871010845B60A0F821F081101FA
:10914000C342F40044012082C3408000007800182C
:10915000410021A06C21800100A2A140C2C6E0789C
:10916000F1C0C34000005CB14078C3428000007889
:10917000208209E92182001A0100001E4070F400DB
:109180004401D1C0E07EE078F1C0C3400000B0B23D
:109190004078C34280000078208209E92182001AC9
:1091A0000100001E4070F4004401D1C0E07EE07870
:1091B000E2C2C3410000DCB34079360A0F822708BF
:1091C000510100160070F3003C0DCB458000FC7788
:1091D00054B80A0B2F8000A5308000850C794CB95B
:1091E00020A5C2C6C34180000078C34030390000CA
:1091F00000190100E07F01A1E6C2FC1CC8B6A3C1B2
:1092000028455B08B4016F71058D838DC08D648D19
:10921000218D428D6D208F00C0B841C0402C0012BE
:10922000057BC14042C7BE0DAF82001C81300526C0
:109230003E9015F4058DC342F30030082082127869
:1092400018B8B9B9FC1202800420800F0002000097
:109250003860820B2F8600416F726340A3C00414F4
:109260001B34C6C6E6C2760A0F8048108000A308E9
:1092700071004A240072C341B100AA6FC342F300D7
:10928000180CC3404E00AA6F041A5000C343C359C0
:1092900057AE041A100050228102041AD000008236
:1092A000CB447DFFF7D5C3437DFF5D7F0420800F56
:1092B000FF07FCFF0520800F00F8010000A280A13D
:1092C00061A10281C343469F12006C20800185B8D2
:1092D00002A161A2F0120080AD70C3431000B0186B
:1092E0006C20800193BD4520000340230C02A14166
:1092F000412DCF10F01A0080A820C0020114C01424
:109300000113CE04257808BEF961C57806A2C6C649
:10931000F1C0C3400100C01A40784E0FCFFFD1C04A
:10932000E07EE078E6C3A5C108460AC00CC4284325
:109330000EC10BC50DC740C08C24C39F8140CA20FD
:1093400021038BE644C141C5CA240110CB4501006D
:109350007C1EC140614143C7607D42C408458AE626
:10936000060FEFFFCA256110A140C6C7F1C0C34177
:109370008000C9600089001E027080008405FF1112
:109380008180C3408000087820A0760BEF840C73A6
:109390000A0C4F88D1C0E07E494E4902C018100027
:1093A000D0F8FFFF6809800070F9FFFFF8778000B0
:1093B0001400000000000000000000000000000099
:1093C000000000000000000000000000000000009D
:1093D000091CE4F71F20201FE10F0FE1F9FFFFF93F
:1093E0002C7A01000024F40000010000C478010080
:1093F0000700010000000000C47801000600010021
:10940000C47801000500100001000000D809002008
:109410000000000001020000000000000001020046
:1094200007050000FA0E0020A00E0020B40B00205B
:10943000300B0020B80A0020A00A0020880A002073
:10944000700A0020580A0020400A0020280A002044
:10945000100A0020F8090020EC090020000100009B
:1094600000A0105000820D50000405507F00000045
:10947000FFFF0100FF07000000A0105000820D5008
:10948000000405507F000000FFFF0100FF070000FF
:10949000D4770100D4770100247801002C780100F2
:1094A0007C7801007C78010012DC010000010000E2
:1094B00088130000002020202020202020202828A1
:1094C0002828282020202020202020202020202084
:1094D00020202020208810101010101010101010C4
:1094E00010101010100404040404040404040410F4
:1094F0001010101010104141414141410101010182
:10950000010101010101010101010101010101014B
:109510001010101010104242424242420202020257
:10952000020202020202020202020202020202021B
:1095300010101010200000000000000000000000CB
:10954000000000000000000000000000000000001B
:10955000000000000000000000000000000000000B
:1095600000000000000000000000000000000000FB
:1095700000000000000000000000000000000000EB
:1095800000000000000000000000000000000000DB
:1095900000000000000000000000000000000000CB
:1095A00000000000000000000000000000000000BB
:1095B0000000000000000000494E4600696E660091
:1095C0004E414E006E616E003031323334353637E5
:1095D00038396162636465660000000030313233FF
:1095E000343536373839414243444546000000009F
:1095F000286E756C6C29000030000000303030306F
:10960000303030303030303030303030202020209A
:10961000202020202020202020202020496E666944
:109620006E697479000000004E614E0042616C6CFE
:109630006F63207375636365656465640000000093
:109640002F5F5F772F5F74656D702F776F726B730D
:10965000706163652F6275696C642F2E6275696C29
:10966000642F61726D2D7A65706879722D65616203
:10967000692F7372632F6E65776C69622F6E6577E1
:109680006C69622F6C6962632F7374646C69622FFA
:1096900064746F612E6300002F5F5F772F5F7465C6
:1096A0006D702F776F726B73706163652F62756970
:1096B0006C642F2E6275696C642F61726D2D7A65F2
:1096C000706879722D656162692F7372632F6E65A0
:1096D000776C69622F6E65776C69622F6C69626363
:1096E0002F7374646C69622F6D707265632E6300F2
:1096F00005000000190000007D0000002C206675A8
:109700006E6374696F6E3A200000000061737365C8
:109710007274696F6E2022257322206661696C6500
:10972000643A2066696C6520222573222C206C69BE
:109730006E65202564257325730A00004300000030
:10974000504F5349580000002E0000003030303098
:109750003030303030303030303030302020202049
:10976000202020202020202020202020280A20081F
:10977000140510048A020802450104015745535498
:109780005F544F504449522F7A65706879722F693F
:109790006E636C7564652F7A65706879722F647278
:1097A00069766572732F6770696F2E680028666C22
:1097B000616773202620282831203C3C2034292052
:1097C0007C202831203C3C203529292920213D209E
:1097D000282831203C3C203429207C202831203C82
:1097E0003C2035292900415353455254494F4E20BE
:1097F0004641494C205B25735D20402025733A2566
:10980000640A000950756C6C20557020616E6420EC
:1098100050756C6C20446F776E2073686F756C6444
:10982000206E6F7420626520656E61626C656420D5
:1098300073696D756C74616E656F75736C790A0010
:1098400028666C6167732026202831203C3C20313B
:10985000292920213D2030207C7C2028666C6167EE
:10986000732026202831203C3C20322929203D3DF0
:1098700020300028666C6167732026202828315527
:109880004C203C3C202831382929207C2028315587
:109890004C203C3C202831392929292920213D20F0
:1098A000282831554C203C3C202831382929207C5F
:1098B000202831554C203C3C2028313929292900C9
:1098C000094F75747075742063616E6E6F742062D9
:1098D0006520696E697469616C697A6564206C6F72
:1098E0007720616E6420686967680A00286366678C
:1098F0002D3E706F72745F70696E5F6D61736B2067
:109900002620286770696F5F706F72745F70696E70
:10991000735F74292831554C203C3C202870696EB7
:1099200029292920213D2030550009556E73757075
:10993000706F727465642070696E0A007261646988
:109940006F20696E6974206661696C65640062618C
:1099500064206C656E00626164207478206C656EB2
:1099600000000000000000000090563412574553DC
:10997000545F544F504449522F7A65706879722F62
:109980006C69622F686561702F686561702E630075
:109990006368756E6B5F7573656428682C20632936
:1099A0000009756E6578706563746564206865612B
:1099B000702073746174652028646F75626C652D06
:1099C000667265653F2920666F72206D656D6F72E6
:1099D000792061742025700A006C6566745F636885
:1099E000756E6B28682C2072696768745F63687590
:1099F0006E6B28682C20632929203D3D20630009D7
:109A0000636F72727570746564206865617020623E
:109A10006F756E64732028627566666572206F7656
:109A20006572666C6F773F2920666F72206D656D79
:109A30006F72792061742025700A006279746573F1
:109A4000202F203855203C3D2030783766666655FB
:109A50000009686561702073697A652069732074F4
:109A60006F6F206269670A006279746573203E2017
:109A7000686561705F666F6F7465725F6279746547
:109A800073286279746573290009686561702073B1
:109A9000697A6520697320746F6F20736D616C6CD7
:109AA0000A00686561705F737A203E206368756E96
:109AB0006B737A2873697A656F662873747275633D
:109AC00074207A5F686561702929006368756E6B20
:109AD000305F73697A65202B206D696E5F636875EE
:109AE0006E6B5F73697A65286829203C3D20686544
:109AF00061705F737A00286E696C29004661696C39
:109B0000656420746F207265626F6F743A207370A1
:109B1000696E6E696E6720656E646C6573736C79CF
:109B20002E2E2E0A00574553545F544F504449522D
:109B30002F7A65706879722F6C69622F7574696C01
:109B4000732F6F6E6F66662E630073746174652089
:109B50003D3D20305500217379735F736C697374D8
:109B60005F69735F656D70747928266D67722D3E2D
:109B7000636C69656E747329007472616E736974C5
:109B800020213D202828766F6964202A2930290069
:109B90007374617465203D3D202831554C203C3C58
:109BA0002028312929006D67722D3E726566732069
:109BB0003D3D2030007374617465203D3D202831A7
:109BC000554C203C3C202830292900574553545FF0
:109BD000544F504449522F7A65706879722F696EDC
:109BE000636C7564652F7A65706879722F7370691C
:109BF0006E6C6F636B2E68007A5F7370696E5F7551
:109C00006E6C6F636B5F76616C6964286C29000908
:109C10004E6F74206D79207370696E6C6F636B206A
:109C200025700A007A5F7370696E5F6C6F636B5F9B
:109C300076616C6964286C290009496E76616C69EB
:109C400064207370696E6C6F636B2025700A005717
:109C50004553545F544F504449522F7A6570687988
:109C6000722F6C69622F7574696C732F6E6F7469D3
:109C700066792E6300574553545F544F5044495200
:109C80002F7A65706879722F617263682F61726DC7
:109C90002F636F72652F636F727465785F6D2F66C7
:109CA00061756C742E6300212828285343425F5449
:109CB000797065202A2920282830784530303045B1
:109CC000303030554C29202B2030783044303055FE
:109CD0004C2920292D3E4346535220262028315519
:109CE0004C203C3C20283055202B20345529292954
:109CF0000009537461636B696E67206F7220446161
:109D00007461204163636573732056696F6C61747D
:109D1000696F6E206572726F7220776974686F75F3
:109D20007420737461636B2067756172642C207595
:109D30007365722D6D6F6465206F72206E756C6C2B
:109D40002D706F696E7465722064657465637469E3
:109D50006F6E0A0A0065736620213D202828766F01
:109D60006964202A293029000945534620636F750C
:109D70006C64206E6F742062652072657472696510
:109D8000766564207375636365737366756C6C794F
:109D90002E205368616C6C206E65766572206F634F
:109DA0006375722E0A00094661756C7420657363D1
:109DB000616C6174696F6E20776974686F75742067
:109DC00046535220696E666F0A0009486172644604
:109DD00061756C7420776974686F75742048465398
:109DE0005220696E666F205368616C6C206E6576D8
:109DF0006572206F636375720A00574553545F5450
:109E00004F504449522F7A65706879722F6172639E
:109E1000682F61726D2F636F72652F636F72746547
:109E2000785F6D2F6972715F6D616E6167652E631A
:109E3000007072696F203C3D20282831554C203C31
:109E40003C2028332929202D2031290009696E76EC
:109E5000616C6964207072696F726974792025641D
:109E600020666F7220256420697271212076616CF2
:109E7000756573206D757374206265206C657373EE
:109E8000207468616E20256C750A0A00574553548A
:109E90005F544F504449522F7A65706879722F6130
:109EA0007263682F61726D2F636F72652F6D7075AD
:109EB0002F61726D5F6D70752E630009436F6E6662
:109EC00069677572696E672025752073746174699E
:109ED00063204D505520726567696F6E732066610F
:109EE000696C65640A0A00094D61726B696E6720CE
:109EF000257520617265617320666F722064796ECA
:109F0000616D696320726567696F6E732066616950
:109F10006C65640A0A000952657175657374207472
:109F20006F20636F6E6669677572653A20257520CC
:109F3000726567696F6E732028737570706F7274C5
:109F400065643A202575290A0A0021287265676927
:109F50006F6E5B6964785D2E64745F6174747220E7
:109F600026202831554C203C3C2028302929290026
:109F70000952414D5F4E4F43414348452077697434
:109F8000682044545F4D454D5F434143484541423D
:109F90004C45206174747269627574650A0A00091F
:109FA0004661696C656420746F20616C6C6F6361DD
:109FB0007465204D505520726567696F6E73206619
:109FC000726F6D2044540A0A00464C4153485F307A
:109FD000005352414D5F3000574553545F544F502A
:109FE0004449522F7A65706879722F6C69622F6CC0
:109FF0006962632F6E65776C69622F6C6962632D8D
:10A00000686F6F6B732E63002828282873697A6540
:10A010005F7429283138382929203C3C20313029E7
:10A02000202D2028282875696E747074725F742939
:10A030002028265F656E642929202D203078323053
:10A040003030303030302929203E3D20383139320F
:10A0500000096D656D6F72792073706163652061B1
:10A060007661696C61626C6520666F72206E6577DF
:10A070006C69622068656170206973206C65737318
:10A08000207468616E20746865206D696E696D75F5
:10A090006D2072657175697265642073697A6520D7
:10A0A00073706563696669656420627920434F4E09
:10A0B0004649475F4E45574C49425F4C4942435FD2
:10A0C0004D494E5F52455155495245445F484541BF
:10A0D000505F53495A450A002A6C6F636B20213D3B
:10A0E000202828766F6964202A29302900096E6F9C
:10A0F0006E2D726563757273697665206C6F636B24
:10A1000020616C6C6F636174696F6E206661696C4D
:10A1100065640A0009726563757273697665206CFF
:10A120006F636B20616C6C6F636174696F6E206626
:10A1300061696C65640A0061626F727428290A00A3
:10A14000574553545F544F504449522F7A657068B5
:10A1500079722F647269766572732F636C6F636BAB
:10A160005F636F6E74726F6C2F636C6F636B5F6392
:10A170006F6E74726F6C5F6E72662E6300747970AE
:10A1800065203C20434C4F434B5F434F4E54524F4E
:10A190004C5F4E52465F545950455F434F554E54A5
:10A1A00000657272203E3D203000636C6F636B402F
:10A1B00031306530303000726E67007272616D2D23
:10A1C000636F6E74726F6C6C6572403530303462E0
:10A1D00030303000574553545F544F504449522F4C
:10A1E0007A65706879722F696E636C7564652F7A11
:10A1F00065706879722F647269766572732F677003
:10A20000696F2F6770696F5F7574696C732E680072
:10A2100063616C6C6261636B00094E6F2063616CFB
:10A220006C6261636B210A0063616C6C6261636BD9
:10A230002D3E68616E646C657200094E6F2063612B
:10A240006C6C6261636B2068616E646C6572210A7C
:10A2500000574553545F544F504449522F6D6F641B
:10A26000756C65732F68616C2F6E6F726469632FF4
:10A270006E7266782F68616C2F6E72665F677069A8
:10A280006F2E68006E72665F6770696F5F70696ECF
:10A290005F70726573656E745F636865636B282AAF
:10A2A000705F70696E2900574553545F544F504496
:10A2B00049522F7A65706879722F64726976657277
:10A2C000732F6770696F2F6770696F5F6E72667842
:10A2D0002E6300657272203D3D204E5246585F53FA
:10A2E000554343455353006770696F4031306130C7
:10A2F0003030006770696F4064383230300067700A
:10A30000696F403530343030000001040502060822
:10A31000090F766261742D70777200726673772D03
:10A3200070777200726673772D63746C0070646D61
:10A330002D696D752D707772007561727440633789
:10A3400030303000756172744063363030300073E5
:10A35000706940346130303000574553545F544F7A
:10A36000504449522F7A65706879722F6472697609
:10A370006572732F74696D65722F6E72665F677296
:10A3800074635F74696D65722E6300282828283114
:10A39000554C203C3C2028302929207C2028315550
:10A3A0004C203C3C2028312929207C202831554C48
:10A3B000203C3C2028322929207C202831554C2063
:10A3C0003C3C2028332929207C202831554C203C36
:10A3D0003C2028342929207C202831554C203C3C25
:10A3E0002028352929207C202831554C203C3C2030
:10A3F00028362929207C202831554C203C3C202817
:10A40000372929207C202831554C203C3C202838F5
:10A410002929207C202831554C203C3C20283929F2
:10A4200029207C202831554C203C3C2028313029E3
:10A4300029207C202831554C203C3C2028313129D2
:10A4400029292026207E282831554C203C3C2028D4
:10A45000332929207C202831554C203C3C202834AD
:10A460002929207C202831554C203C3C20283729A4
:10A4700029207C202831554C203C3C202838292993
:10A48000207C202831554C203C3C2028392929208B
:10A490007C202831554C203C3C2028313029292073
:10A4A0007C202831554C203C3C2028313129292959
:10A4B000292026202831554C203C3C202863686107
:10A4C0006E2929292026262028286368616E2920E4
:10A4D000213D2073797374656D5F636C6F636B5F8F
:10A4E0006368616E6E656C5F646174612E63686140
:10A4F0006E6E656C290006090C080008090102034C
:10A5000004000000000102030405060708090A0B05
:10A51000012D00027A006C7232307878000200055A
:10A52000040005073C3C3C404042464A3838383A33
:10A530003A3C404433333336383C3C4072616469C2
:10A540006F5F6163636573735F6964206973206F14
:10A550007574206F662072616E6765005B524143BF
:10A560005D205B4552524F525D200052414C20729B
:10A5700065736574206661696C6564210066616C51
:10A5800073650052414C20696E697469616C697A27
:10A590006174696F6E206661696C65642100466153
:10A5A000696C656420746F207365742072616469DE
:10A5B0006F20746F20736C656570206D6F6465210A
:10A5C000004661696C20746F2073757370656E64EA
:10A5D00020726164696F20616363657373207769BA
:10A5E000746820666F6C6C6F77696E672065727235
:10A5F0006F7220636F64653A2025780A00736D746A
:10A60000635F7261635F7375626D69745F726164C9
:10A61000696F5F7472616E73616374696F6E0073EA
:10A620006D74635F7261635F6C6F636B5F726164B3
:10A63000696F5F61636365737300736D74635F72E9
:10A6400061635F61626F72745F726164696F5F738F
:10A6500075626D697400736D74635F7261635F67C7
:10A6600065745F636F6E7465787400736D74635F97
:10A670007261635F696E6974006361645F737461C2
:10A68000747573203D3D2052414C5F5354415455E5
:10A69000535F4F4B0072616C5F7365745F64696FE9
:10A6A0005F6972715F706172616D73282026282066
:10A6B00072702D3E726164696F2D3E72616C20294B
:10A6C0002C2052414C5F4952515F4341445F444FFB
:10A6D0004E45207C2052414C5F4952515F434144DA
:10A6E0005F4F4B2029203D3D2052414C5F53544148
:10A6F0005455535F4F4B0072616C5F7365745F6CB0
:10A700006F72615F636164282026282072702D3E7D
:10A71000726164696F2D3E72616C20292029203D91
:10A720003D2052414C5F5354415455535F4F4B00B1
:10A7300072616C5F7365745F72665F6672657128C3
:10A740002026282072702D3E726164696F2D3E7242
:10A75000616C20292C20726164696F5F7061726185
:10A760006D732D3E74782E6C6F72612E72665F660B
:10A770007265715F696E5F687A2029203D3D2052C5
:10A78000414C5F5354415455535F4F4B0072616CC1
:10A790005F7365745F706B745F74797065282026D1
:10A7A000282072702D3E726164696F2D3E72616C5B
:10A7B00020292C2052414C5F504B545F5459504536
:10A7C0005F5254544F462029203D3D2052414C5F5A
:10A7D0005354415455535F4F4B0072616C5F736526
:10A7E000745F6C6F72615F6D6F645F706172616DD9
:10A7F00073282026282072702D3E726164696F2DA7
:10A800003E72616C20292C2026726164696F5F7032
:10A810006172616D732D3E74782E6C6F72612E6D56
:10A820006F645F706172616D732029203D3D20521D
:10A83000414C5F5354415455535F4F4B0072616C10
:10A840005F7365745F74785F6366672820262820CD
:10A8500072702D3E726164696F2D3E72616C2029A9
:10A860002C20726164696F5F706172616D732D3E3F
:10A8700074782E6C6F72612E6F75747075745F7062
:10A8800077725F696E5F64626D2C20726164696FBC
:10A890005F706172616D732D3E74782E6C6F7261A2
:10A8A0002E72665F667265715F696E5F687A2029D5
:10A8B000203D3D2052414C5F5354415455535F4F0E
:10A8C0004B0072616C5F7365745F6C6F72615F7077
:10A8D0006B745F706172616D73282026282072701E
:10A8E0002D3E726164696F2D3E72616C20292C20AF
:10A8F00026726164696F5F706172616D732D3E7461
:10A90000782E6C6F72612E706B745F706172616D06
:10A91000732029203D3D2052414C5F5354415455F2
:10A92000535F4F4B0072616C5F7365745F6C6F7245
:10A93000615F73796E635F776F72642820262820C9
:10A9400072702D3E726164696F2D3E72616C2029B8
:10A950002C20726164696F5F706172616D732D3E4E
:10A9600074782E6C6F72612E73796E635F776F727D
:10A97000642029203D3D2052414C5F5354415455A1
:10A98000535F4F4B0072616C5F7365745F64696FF6
:10A990005F6972715F706172616D73282026282073
:10A9A00072702D3E726164696F2D3E72616C202958
:10A9B0002C2052414C5F4952515F5254544F465FD4
:10A9C000455843485F56414C4944207C2052414CF5
:10A9D0005F4952515F5254544F465F54494D454F61
:10A9E00055542029203D3D2052414C5F5354415441
:10A9F00055535F4F4B0072616C5F7274746F665F8A
:10AA00007365745F72785F74785F64656C61795F99
:10AA1000696E64696361746F7228202628207270E1
:10AA20002D3E726164696F2D3E72616C20292C206D
:10AA3000726164696F5F706172616D732D3E7274D3
:10AA4000746F662E64656C61795F696E64696361B9
:10AA5000746F722029203D3D2052414C5F53544178
:10AA60005455535F4F4B0072616C5F7274746F6624
:10AA70005F7365745F706172616D65746572732870
:10AA80002026282072702D3E726164696F2D3E72FF
:10AA9000616C20292C20726164696F5F7061726142
:10AAA0006D732D3E7274746F662E726573706F6E67
:10AAB00073655F73796D626F6C735F636F756E74CE
:10AAC0002029203D3D2052414C5F53544154555361
:10AAD0005F4F4B0072616C5F7274746F665F736579
:10AAE000745F726571756573745F616464726573B8
:10AAF00073282026282072702D3E726164696F2DA4
:10AB00003E72616C20292C20726164696F5F7061F4
:10AB100072616D732D3E7274746F662E72657175FD
:10AB20006573745F616464726573732029203D3DB1
:10AB30002052414C5F5354415455535F4F4B007268
:10AB4000616C665F73657475705F6C6F72612820ED
:10AB500072702D3E726164696F2C202672702D3EDA
:10AB6000726164696F5F706172616D735B69645D6E
:10AB70002E74782E6C6F72612029203D3D20524149
:10AB80004C5F5354415455535F4F4B0072616C5F9F
:10AB90007365745F64696F5F6972715F7061726120
:10ABA0006D73282026282072702D3E726164696FB3
:10ABB0002D3E72616C20292C2052414C5F4952512C
:10ABC0005F54585F444F4E452029203D3D2052415F
:10ABD0004C5F5354415455535F4F4B0072616C5F4F
:10ABE0007365745F706B745F7061796C6F616428FA
:10ABF0002026282072702D3E726164696F2D3E728E
:10AC0000616C20292C2072702D3E7061796C6F610F
:10AC1000645B69645D2C2072702D3E7061796C6F8D
:10AC200061645F6275666665725F73697A655B69A8
:10AC3000645D2029203D3D2052414C5F53544154D6
:10AC400055535F4F4B0072616C5F7365745F64694D
:10AC50006F5F6972715F706172616D732820262861
:10AC60002072702D3E726164696F2D3E72616C209E
:10AC7000292C2052414C5F4952515F4341445F4F60
:10AC80004B207C2052414C5F4952515F54585F44E5
:10AC90004F4E45207C2052414C5F4952515F5258E3
:10ACA0005F54494D454F55542029203D3D20524188
:10ACB0004C5F5354415455535F4F4B0072616C5F6E
:10ACC0007365745F74785F696E66696E6974655FD9
:10ACD000707265616D626C65282026282072702D67
:10ACE0003E726164696F2D3E72616C2029202920BB
:10ACF0003D3D2052414C5F5354415455535F4F4B9F
:10AD00000072616C5F7365745F74785F637728208D
:10AD100026282072702D3E726164696F2D3E72612B
:10AD20006C20292029203D3D2052414C5F53544145
:10AD30005455535F4F4B0072616C5F7365745F7263
:10AD4000665F66726571282026282072702D3E721B
:10AD50006164696F2D3E72616C20292C20726164E0
:10AD6000696F5F706172616D732D3E72782E6C6FCA
:10AD700072612E72665F667265715F696E5F687A76
:10AD80002029203D3D2052414C5F5354415455539E
:10AD90005F4F4B0072616C5F73746F705F74696DAD
:10ADA00065725F6F6E5F707265616D626C652820A1
:10ADB00026282072702D3E726164696F2D3E72618B
:10ADC0006C20292C2066616C73652029203D3D2074
:10ADD00052414C5F5354415455535F4F4B00726185
:10ADE0006C5F7365745F6C6F72615F73796D625FC6
:10ADF0006E625F74696D656F7574282026282072F5
:10AE0000702D3E726164696F2D3E72616C20292C39
:10AE100020726164696F5F706172616D732D3E7243
:10AE2000782E6C6F72612E73796D625F6E625F74E3
:10AE3000696D656F75742029203D3D2052414C5F3E
:10AE40005354415455535F4F4B0072616C5F7365AF
:10AE5000745F6C6F72615F6D6F645F706172616D62
:10AE600073282026282072702D3E726164696F2D30
:10AE70003E72616C20292C2026726164696F5F70BC
:10AE80006172616D732D3E72782E6C6F72612E6DE2
:10AE90006F645F706172616D732029203D3D2052A7
:10AEA000414C5F5354415455535F4F4B0072616C9A
:10AEB0005F7365745F6C6F72615F73796E635F77E8
:10AEC0006F7264282026282072702D3E726164699A
:10AED0006F2D3E72616C20292C20726164696F5F56
:10AEE000706172616D732D3E72782E6C6F72612E7F
:10AEF00073796E635F776F72642029203D3D205225
:10AF0000414C5F5354415455535F4F4B0072616C39
:10AF10005F7365745F64696F5F6972715F7061729E
:10AF2000616D73282026282072702D3E726164693D
:10AF30006F2D3E72616C20292C2052414C5F49528A
:10AF4000515F52585F54494D454F5554207C205213
:10AF5000414C5F4952515F5254544F465F524551E4
:10AF60005F444953434152444544207C2052414C64
:10AF70005F4952515F5254544F465F524553505FA0
:10AF8000444F4E452029203D3D2052414C5F5354B3
:10AF9000415455535F4F4B0072616C5F7274746F14
:10AFA000665F7365745F61646472657373282026DD
:10AFB000282072702D3E726164696F2D3E72616C43
:10AFC00020292C20726164696F5F706172616D73FA
:10AFD0002D3E7274746F662E726571756573745F41
:10AFE000616464726573732C205254544F465F4100
:10AFF0004444524553535F4C454E47544820292002
:10B000003D3D2052414C5F5354415455535F4F4B8B
:10B010000072616C5F7365745F64696F5F69727100
:10B020005F706172616D73282026282072702D3E3A
:10B03000726164696F2D3E72616C20292C2052412F
:10B040004C5F4952515F52585F444F4E45207C201F
:10B0500052414C5F4952515F52585F54494D454FE0
:10B060005554207C2052414C5F4952515F52585FE9
:10B070004844525F4552524F52207C2052414C5F0F
:10B080004952515F52585F4352435F4552524F52AB
:10B090002029203D3D2052414C5F5354415455538B
:10B0A0005F4F4B0072616C5F7365745F64696F5FC3
:10B0B0006972715F706172616D7328202628207239
:10B0C000702D3E726164696F2D3E72616C20292C77
:10B0D0002052414C5F4952515F4341445F444F4EBF
:10B0E00045207C2052414C5F4952515F52585F4489
:10B0F0004F4E45207C2052414C5F4952515F52587F
:10B100005F54494D454F5554207C2052414C5F4976
:10B1100052515F52585F4844525F4552524F52203D
:10B120007C2052414C5F4952515F52585F43524319
:10B130005F4552524F522029203D3D2052414C5FE5
:10B140005354415455535F4F4B0072616C5F7365AC
:10B15000745F7278282026282072702D3E726164F8
:10B16000696F2D3E72616C20292C2072702D3E7209
:10B170006164696F5F706172616D735B69645D2E9C
:10B1800072782E74696D656F75745F696E5F6D732B
:10B190002029203D3D2052414C5F5354415455538A
:10B1A0005F4F4B00736D74635F7261635F74785FB0
:10B1B00063616C6C6261636B00736D74635F726179
:10B1C000635F72785F63616C6C6261636B00736D67
:10B1D00074635F7261635F707265706172655F63F3
:10B1E000616400736D74635F7261635F6361645F68
:10B1F0006F6E6C795F63616C6C6261636B0072612E
:10B200006C665F73657475705F666C72632820721C
:10B21000702D3E726164696F2C2026726164696FC3
:10B220005F706172616D732D3E74782E666C72630F
:10B230002029203D3D2052414C5F535441545553E9
:10B240005F4F4B0072616C5F7365745F7478282088
:10B2500026282072702D3E726164696F2D3E7261E6
:10B260006C20292029203D3D2052414C5F53544100
:10B270005455535F4F4B0072616C665F7365747514
:10B28000705F666C7263282072702D3E7261646913
:10B290006F2C2026726164696F5F706172616D73DB
:10B2A0002D3E72782E666C72632029203D3D20521F
:10B2B000414C5F5354415455535F4F4B0072616C86
:10B2C0005F7365745F7278282026282072702D3E87
:10B2D000726164696F2D3E72616C20292C2072614D
:10B2E000635F636F6E6669672D3E726164696F5F4D
:10B2F000706172616D732E666C72632E72785F740A
:10B30000696D656F75745F6D732029203D3D205216
:10B31000414C5F5354415455535F4F4B00736D7410
:10B32000635F7261635F666C72635F74785F6361B1
:10B330006C6C6261636B00736D74635F7261635FF9
:10B34000666C72635F72785F63616C6C6261636B81
:10B350000072616C5F7365745F706B745F706179AC
:10B360006C6F616428202672702D3E726164696F73
:10B370002D3E72616C2C20736D74635F7261635F2C
:10B38000666C72635F74785F667261676D656E7418
:10B3900065645F646174612E74785F6669666F5B73
:10B3A000736D74635F7261635F666C72635F747800
:10B3B0005F667261676D656E7465645F6461746118
:10B3C0002E74785F6669666F5F7074725F696E6411
:10B3D00065785D202E7061796C6F61645F6275665F
:10B3E0006665725B305D202B20736D74635F7261E4
:10B3F000635F666C72635F74785F667261676D65C8
:10B400006E7465645F646174612E74785F666966EA
:10B410006F5B736D74635F7261635F666C72635FB1
:10B4200074785F667261676D656E7465645F646190
:10B4300074612E74785F6669666F5F7074725F699D
:10B440006E6465785D202E7061796C6F61645F69F0
:10B450006E6465782C20636F70795F73697A6520FC
:10B4600029203D3D2052414C5F5354415455535F78
:10B470004F4B005241432D464C52432D425552539F
:10B4800054005B25732D25735D205B253875206D79
:10B49000735D2000494E464F20004C42543A2043F1
:10B4A00068616E6E656C20697320627573792C20FB
:10B4B00061626F7274696E67207472616E736D6918
:10B4C0007373696F6E00252E323138730A004C4257
:10B4D000543A204368616E6E656C20697320667211
:10B4E00065652C20636F6E74696E75696E67207474
:10B4F00072616E736D697373696F6E0072616C66F1
:10B500005F73657475705F666C7263282072702D4E
:10B510003E726164696F2C2026666C72635F62758F
:10B520007273745F72705F726164696F5F70617271
:10B53000616D732E74782E666C72632029203D3DF8
:10B540002052414C5F5354415455535F4F4B00724E
:10B55000616C5F7365745F64696F5F6972715F705E
:10B560006172616D73282026282072702D3E7261F1
:10B5700064696F2D3E72616C20292C2069727120E4
:10B5800029203D3D2052414C5F5354415455535F57
:10B590004F4B0072616C5F7365745F72785F747893
:10B5A0005F66616C6C6261636B5F6D6F64652820C0
:10B5B00026282072702D3E726164696F2D3E726183
:10B5C0006C20292C2052414C5F46414C4C42414357
:10B5D0004B5F46532029203D3D2052414C5F535440
:10B5E000415455535F4F4B0072616C5F6765745FE8
:10B5F000616E645F636C6561725F6972715F7374C1
:10B600006174757328202672702D3E726164696FB3
:10B610002D3E72616C2C2026726164696F5F6972C5
:10B62000712029203D3D2052414C5F5354415455D7
:10B63000535F4F4B0072616C5F6765745F666C723D
:10B64000635F72785F706B745F7374617475732875
:10B65000202672702D3E726164696F2D3E72616C9E
:10B660002C2026666C72635F706B745F73746174F8
:10B6700075732029203D3D2052414C5F5354415465
:10B6800055535F4F4B0072616320666C72633A20C2
:10B690007278207472616E73616374696F6E2028B2
:10B6A000726563657074696F6E29204572726F727E
:10B6B0000A0072616C5F7365745F666C72635F70C1
:10B6C0006B745F706172616D7328202672702D3EFD
:10B6D000726164696F2D3E72616C2C2026666C72FB
:10B6E000635F62757273745F72705F726164696FB9
:10B6F0005F706172616D732E74782E666C72632E4A
:10B70000706B745F706172616D732029203D3D2004
:10B7100052414C5F5354415455535F4F4B0072613B
:10B720006C5F636C6561725F6972715F7374617481
:10B73000757328202672702D3E726164696F2D3EEC
:10B7400072616C2C20726164696F5F697271207C18
:10B750002052414C5F4952515F54585F444F4E450F
:10B760002029203D3D2052414C5F535441545553B4
:10B770005F4F4B0072616320666C72633A2074788D
:10B78000207472616E73616374696F6E20287472C5
:10B79000616E736D697373696F6E29204572726F84
:10B7A000720A0072616C665F73657475705F666CB7
:10B7B0007263282072702D3E726164696F2C20269E
:10B7C000666C72635F62757273745F72705F7261D0
:10B7D00064696F5F706172616D732E72782E666C32
:10B7E00072632029203D3D2052414C5F5354415407
:10B7F00055535F4F4B0072616C5F7365745F727875
:10B80000282026282072702D3E726164696F2D3EBB
:10B8100072616C20292C20307846464646464646C2
:10B82000462029203D3D2052414C5F535441545500
:10B83000535F4F4B004552524F5200464C52432DDE
:10B8400042555253543A20696E76616C69642063A4
:10B850006F6E7465787420666F7220726164696FB0
:10B860002049442025750A00464C52432D4255522A
:10B8700053543A20696E76616C6964206D6F64750B
:10B880006C6174696F6E207479706520666F7220C8
:10B89000726164696F2049442025750A00464C5244
:10B8A000432D42555253543A207478206669666F8E
:10B8B000207061796C6F61642062756666657220C4
:10B8C0002575206973204E554C4C0A00464C524356
:10B8D0002D42555253543A207478206669666F2081
:10B8E0007061796C6F6164206C656E677468202587
:10B8F00075206973204E554C4C0A00736D74635F5C
:10B900007261635F666C72635F74785F63616C6CB5
:10B910006261636B00707573685F7061636B6574FF
:10B920005F746F5F726164696F5F6669666F0073F1
:10B930006D74635F666C72635F74785F776F5F735B
:10B94000657475705F63616C6C6261636B00736DCD
:10B9500074635F7261635F666C72635F706F737450
:10B960005F74785F63616C6C6261636B00736D74AC
:10B97000635F7261635F666C72635F72785F63615D
:10B980006C6C6261636B00736D74635F7261635FA3
:10B99000666C72635F706F73745F72785F63616C03
:10B9A0006C6261636B00736D74635F7261635F6689
:10B9B0006C72635F62757273740072616C665F7340
:10B9C000657475705F6766736B282072702D3E72A8
:10B9D0006164696F2C202672702D3E726164696FFC
:10B9E0005F706172616D735B69645D2E74782E6740
:10B9F00066736B2029203D3D2052414C5F535441DA
:10BA00005455535F4F4B0072616C665F736574757C
:10BA1000705F6766736B282072702D3E7261646977
:10BA20006F2C2026726164696F5F706172616D7343
:10BA30002D3E72782E6766736B2029203D3D205283
:10BA4000414C5F5354415455535F4F4B0072616CEE
:10BA50005F7365745F7278282026282072702D3EEF
:10BA6000726164696F2D3E72616C20292C207261B5
:10BA700064696F5F706172616D732D3E72782E74B0
:10BA8000696D656F75745F696E5F6D732029203D08
:10BA90003D2052414C5F5354415455535F4F4B002E
:10BAA000736D74635F7261635F66736B5F74785FFD
:10BAB00063616C6C6261636B00736D74635F726170
:10BAC000635F66736B5F72785F63616C6C62616306
:10BAD0006B00C194C172616C5F7365745F706B744D
:10BAE0005F74797065282026282072702D3E72615F
:10BAF00064696F2D3E72616C20292C2052414C5F8D
:10BB0000504B545F545950455F4746534B202920B2
:10BB10003D3D2052414C5F5354415455535F4F4B70
:10BB20000072616C5F7365745F72665F66726571E7
:10BB3000282026282072702D3E726164696F2D3E88
:10BB400072616C20292C20726164696F5F70617270
:10BB5000616D732E72782E6766736B2E72665F66E8
:10BB60007265715F696E5F687A2029203D3D2052C1
:10BB7000414C5F5354415455535F4F4B0072616CBD
:10BB80005F7365745F6766736B5F6D6F645F706131
:10BB900072616D73282026282072702D3E726164B8
:10BBA000696F2D3E72616C20292C2026282072613D
:10BBB00064696F5F706172616D732E72782E676653
:10BBC000736B2E6D6F645F706172616D73202920DD
:10BBD00029203D3D2052414C5F5354415455535F01
:10BBE0004F4B0072616C5F7365745F64696F5F696E
:10BBF00072715F706172616D7328202628207270E7
:10BC00002D3E726164696F2D3E72616C20292C207B
:10BC100052414C5F4952515F4E4F4E452029203DC5
:10BC20003D2052414C5F5354415455535F4F4B009C
:10BC300072616C5F7365745F7278282026282072A9
:10BC4000702D3E726164696F2D3E72616C20292CEB
:10BC50002052414C5F52585F54494D454F55545FF7
:10BC6000434F4E54494E554F55535F4D4F44452019
:10BC700029203D3D2052414C5F5354415455535F60
:10BC80004F4B0072616C5F6765745F727373695FBD
:10BC9000696E7374282026282072702D3E726164AC
:10BCA000696F2D3E72616C20292C20267273736996
:10BCB0005F746D702029203D3D2052414C5F5354EC
:10BCC000415455535F4F4B0072616C5F7365745FF5
:10BCD0007374616E646279282026282072702D3E6C
:10BCE000726164696F2D3E72616C20292C20524173
:10BCF0004C5F5354414E4442595F4346475F524361
:10BD00002029203D3D2052414C5F5354415455530E
:10BD10005F4F4B00736D74635F7261635F6C62743D
:10BD20005F6C697374656E5F6368616E6E656C00ED
:10BD300072616C5F6C725F666873735F696E697461
:10BD4000282026282072702D3E726164696F2D3E76
:10BD500072616C20292C202672702D3E72616469FC
:10BD60006F5F706172616D735B69645D2E74782EB4
:10BD70006C725F666873732E72616C5F6C725F6663
:10BD80006873735F706172616D732029203D3D207F
:10BD900052414C5F5354415455535F4F4B007261B5
:10BDA0006C5F7365745F74785F636667282026280C
:10BDB0002072702D3E726164696F2D3E72616C203D
:10BDC000292C2072702D3E726164696F5F70617200
:10BDD000616D735B69645D2E74782E6C725F66684A
:10BDE00073732E6F75747075745F7077725F696EA0
:10BDF0005F64626D2C2072702D3E726164696F5FAA
:10BE0000706172616D735B69645D2E74782E6C7203
:10BE10005F666873732E72616C5F6C725F666873C5
:10BE2000735F706172616D732E63656E7465725FAE
:10BE30006672657175656E63795F696E5F687A2099
:10BE400029203D3D2052414C5F5354415455535F8E
:10BE50004F4B0072616C5F7365745F64696F5F69FB
:10BE600072715F706172616D732820262820727074
:10BE70002D3E726164696F2D3E72616C20292C2009
:10BE800052414C5F4952515F54585F444F4E4520D8
:10BE90007C2052414C5F4952515F4C525F4648539F
:10BEA000535F484F502029203D3D2052414C5F5365
:10BEB00054415455535F4F4B0072616C5F6C725F1D
:10BEC000666873735F6275696C645F6672616D65E5
:10BED000282026282072702D3E726164696F2D3EE5
:10BEE00072616C20292C202672702D3E726164696B
:10BEF0006F5F706172616D735B69645D2E74782E23
:10BF00006C725F666873732E72616C5F6C725F66D1
:10BF10006873735F706172616D732C202820726189
:10BF20006C5F6C725F666873735F6D656D6F72795D
:10BF30005F73746174655F7420292072702D3E7286
:10BF40006164696F5F706172616D735B69645D2EBE
:10BF50006C725F666873735F73746174652C2072B2
:10BF6000702D3E726164696F5F706172616D735BA9
:10BF700069645D2E74782E6C725F666873732E68C8
:10BF80006F705F73657175656E63655F69642C20A2
:10BF900072702D3E7061796C6F61645B69645D2CB9
:10BFA0002072702D3E7061796C6F61645F6275669E
:10BFB0006665725F73697A655B69645D2029203DFF
:10BFC0003D2052414C5F5354415455535F4F4B00F9
:10BFD000736D74635F7261635F6C72666873735FC5
:10BFE00074785F63616C6C6261636B002C0F799590
:10BFF000446566696E656420486F6F6B20494473C1
:10C000003A0A0052505F484F4F4B5F49445F5355C7
:10C010005350454E443A2025640A0052505F484F21
:10C020004F4B5F5241435F564552595F484947481D
:10C030005F5052494F524954593A2025640A0052E0
:10C04000505F484F4F4B5F5241435F484947485FFD
:10C050005052494F524954593A2025640A005250CF
:10C060005F484F4F4B5F5241435F4D454449554DEB
:10C070005F5052494F524954593A2025640A0052A0
:10C08000505F484F4F4B5F5241435F4C4F575F509B
:10C0900052494F524954593A2025640A0052505F80
:10C0A000484F4F4B5F5241435F564552595F4C4F8B
:10C0B000575F5052494F524954593A2025640A005B
:10C0C00052505F484F4F4B5F5241435F464C525076
:10C0D0005F4D41433A2025640A0052505F484F4F5C
:10C0E0004B5F5241435F464C52505F574F525F5433
:10C0F000583A2025640A0052505F484F4F4B5F5218
:10C1000041435F464C52505F574F525F52583A205E
:10C1100025640A0052505F484F4F4B5F49445F4CC3
:10C1200052314D41435F535441434B3A2025640AF9
:10C130000052505F484F4F4B5F49445F4C42543A66
:10C140002025640A0052505F484F4F4B5F49445FBF
:10C15000544553545F4D4F44453A2025640A0052DC
:10C16000505F484F4F4B5F49445F444952454354E9
:10C170005F52505F4143434553533A2025640A00C0
:10C1800052505F484F4F4B5F49445F4D41583A20F2
:10C1900025640A0052503A205357495443482054CA
:10C1A00041534B202325642046524F4D204153419B
:10C1B0005020544F205343484544554C4544202873
:10C1C00073746172745F74696D655F696E69745FC1
:10C1D0006D733A25752C206E6F773A25752C206487
:10C1E0006966663A2564290A0072616C5F7365743A
:10C1F0005F7374616E6462792820544152474554DC
:10C200005F52414C2C2052414C5F5354414E4442AA
:10C21000595F4346475F52432029203D3D2052410C
:10C220004C5F5354415455535F4F4B0072616C5FE8
:10C23000636C6561725F6972715F73746174757349
:10C2400028205441524745545F52414C2C205241C2
:10C250004C5F4952515F414C4C2029203D3D2052BA
:10C26000414C5F5354415455535F4F4B00746173BD
:10C270006B207363686564756C652061626F7274AE
:10C280006564206265636175736520696E207468FA
:10C290006520706173742025640A0072616C5F67A9
:10C2A00065745F706B745F7061796C6F6164282076
:10C2B00026282072702D3E726164696F5F7461720E
:10C2C0006765745F61747461636865645F746F5FF0
:10C2D000746869735F686F6F6B5B69645D2D3E7234
:10C2E000616C20292C2072702D3E7061796C6F6119
:10C2F000645F6275666665725F73697A655B6964BF
:10C300005D2C2072702D3E7061796C6F61645B6989
:10C31000645D2C202672702D3E72785F7061796C9E
:10C320006F61645F73697A655B69645D2029203D94
:10C330003D2052414C5F5354415455535F4F4B0085
:10C3400072616C5F6765745F6C6F72615F72785F5A
:10C35000706B745F73746174757328202628207263
:10C36000702D3E726164696F5F7461726765745F9E
:10C3700061747461636865645F746F5F7468697326
:10C380005F686F6F6B5B69645D2D3E72616C202925
:10C390002C202672702D3E726164696F5F7061722D
:10C3A000616D735B69645D2E72782E6C6F72615F74
:10C3B000706B745F7374617475732029203D3D2028
:10C3C00052414C5F5354415455535F4F4B0072617F
:10C3D0006C5F6765745F6766736B5F72785F706BC5
:10C3E000745F737461747573282026282072702D11
:10C3F0003E726164696F5F7461726765745F6174D6
:10C400007461636865645F746F5F746869735F68A3
:10C410006F6F6B5B69645D2D3E72616C20292C200F
:10C420002672702D3E726164696F5F706172616D1A
:10C43000735B69645D2E72782E6766736B5F706BD9
:10C44000745F7374617475732029203D3D205241DF
:10C450004C5F5354415455535F4F4B0072616C5FB6
:10C460006765745F666C72635F72785F706B745F30
:10C47000737461747573282026282072702D3E72A3
:10C480006164696F5F7461726765745F6174746120
:10C49000636865645F746F5F746869735F686F6F0A
:10C4A0006B5B69645D2D3E72616C20292C202672C5
:10C4B000702D3E726164696F5F706172616D735B54
:10C4C00069645D2E72782E666C72635F706B745F48
:10C4D0007374617475732029203D3D2052414C5F77
:10C4E0005354415455535F4F4B00207461736B207C
:10C4F000696E76616C69640A002052503A2054617A
:10C50000736B20656E717565756520696D706F73ED
:10C510007369626C652E205461736B2069732061AE
:10C520006C72656164792072756E6E696E670A005F
:10C530002052503A205741524E494E472054617381
:10C540006B20697320616C72656164792072756E0D
:10C550006E696E670A0052505F4641494C5341462E
:10C5600045202D202325640A0072616C5F7274746B
:10C570006F665F6765745F7261775F726573756C14
:10C580007428205441524745545F52414C5F464FF6
:10C59000525F484F4F4B5F49442C2072702D3E72C2
:10C5A0006164696F5F706172616D735B686F6F6BFF
:10C5B0005F69645D2E7274746F662E62775F72615C
:10C5C0006E67696E672C20267261775F6469737489
:10C5D000616E63652C2026726573756C74735F6D74
:10C5E000657465722C2026727373695F726573754A
:10C5F0006C742029203D3D2052414C5F53544154DE
:10C6000055535F4F4B0072616C5F6C725F6668736D
:10C61000735F68616E646C655F74785F646F6E658C
:10C6200028205441524745545F52414C5F464F5277
:10C630005F484F4F4B5F49442C202672702D3E724D
:10C640006164696F5F706172616D735B686F6F6B5E
:10C650005F69645D2E74782E6C725F666873732EEA
:10C6600072616C5F6C725F666873735F7061726138
:10C670006D732C204E554C4C2029203D3D205241BD
:10C680004C5F5354415455535F4F4B0072616C5F84
:10C690006C725F666873735F6765745F6269745F0D
:10C6A00064656C61795F696E5F75732820544152CF
:10C6B0004745545F52414C5F464F525F484F4F4B86
:10C6C0005F49442C202672702D3E726164696F5F51
:10C6D000706172616D735B686F6F6B5F69645D2E13
:10C6E00074782E6C725F666873732E72616C5F6C07
:10C6F000725F666873735F706172616D732C207214
:10C70000702D3E7061796C6F61645F6275666665FD
:10C71000725F73697A655B686F6F6B5F69645D2CCC
:10C7200020266269745F64656C61795F7573202986
:10C73000203D3D2052414C5F5354415455535F4F6F
:10C740004B0072616C5F6C725F666873735F6861E7
:10C750006E646C655F686F70282054415247455481
:10C760005F52414C5F464F525F484F4F4B5F4944C9
:10C770002C202672702D3E726164696F5F70617249
:10C78000616D735B686F6F6B5F69645D2E74782E8B
:10C790006C725F666873732E72616C5F6C725F6639
:10C7A0006873735F706172616D732C2028207261F1
:10C7B0006C5F6C725F666873735F6D656D6F7279C5
:10C7C0005F73746174655F7420292072702D3E72EE
:10C7D0006164696F5F706172616D735B686F6F6BCD
:10C7E0005F69645D2E6C725F666873735F737461FA
:10C7F00074652029203D3D2052414C5F53544154E3
:10C8000055535F4F4B0072616C5F7365745F736C5F
:10C8100065657028205441524745545F52414C2C65
:10C8200020747275652029203D3D2052414C5F5394
:10C8300054415455535F4F4B0072616C5F73657484
:10C840005F736C656570282026282072702D3E72FB
:10C850006164696F5F7461726765745F617474614C
:10C86000636865645F746F5F746869735F686F6F36
:10C870006B5B695D2D3E72616C20292C2074727592
:10C88000652029203D3D2052414C5F535441545571
:10C89000535F4F4B0020726164696F20706C616E52
:10C8A0006E657220697420627574206E6F206D6FE2
:10C8B0007265207461736B2061637469766174655D
:10C8C000640A0072705F6765745F706B745F70619B
:10C8D000796C6F61640072705F6972715F67657413
:10C8E0005F7374617475730072705F63616C6C6206
:10C8F00061636B0072705F6765745F7374617475F8
:10C90000730072705F7461736B5F61626F72740049
:10C9100072705F686F6F6B5F63616C6C6261636B99
:10C920000072705F7461736B5F61726269746572CB
:10C930000072705F7461736B5F656E7175657565AC
:10C940000072705F686F6F6B5F696E697400574546
:10C9500053545F544F504449522F6D6F64756C654A
:10C96000732F6C69622F7573705F7A657068797266
:10C970002F6D6F64756C65732F736D74635F6D6F6E
:10C9800064656D5F68616C2F736D74635F6D6F6458
:10C99000656D5F68616C2E63007472616E736365B0
:10C9A0006976657200097472616E73636569766594
:10C9B00072206D7573742062652070726F76696481
:10C9C00065640A0025733A25752000212828666CC5
:10C9D0006167732026202831554C203C3C202831AB
:10C9E00036292929202626202128666C6167732094
:10C9F00026202831554C203C3C2028313729292934
:10CA00002026262028666C61677320262028312086
:10CA10003C3C20312929290009496E707574206336
:10CA2000616E6E6F7420626520656E61626C656414
:10CA300020666F7220274F70656E20447261696EA8
:10CA4000272C20274F70656E20536F757263652702
:10CA5000206D6F64657320776974686F7574204FFB
:10CA600075747075740A0028666C616773202620DF
:10CA7000282831554C203C3C202831382929207C5D
:10CA8000202831554C203C3C20283139292929299E
:10CA9000203D3D2030207C7C2028666C616773201F
:10CAA00026202831554C203C3C2028313729292983
:10CAB00020213D203000094F7574707574206E651B
:10CAC00065647320746F20626520656E61626C65B9
:10CAD0006420746F20626520696E697469616C6995
:10CAE0007A6564206C6F77206F7220686967680AC6
:10CAF000006C6F7261403000574553545F544F5083
:10CB00004449522F6D6F64756C65732F68616C2F8B
:10CB10006E6F726469632F6E7266782F64726976C5
:10CB20006572732F7372632F6E7266785F636C6FBA
:10CB3000636B2E6300574553545F544F5044495222
:10CB40002F6D6F64756C65732F68616C2F6E6F72DB
:10CB50006469632F6E7266782F68616C2F6E7266DF
:10CB60005F636C6F636B2E68006D5F636C6F636BEC
:10CB70005F63622E6D6F64756C655F696E69746961
:10CB8000616C697A656400574553545F544F504453
:10CB900049522F6D6F64756C65732F68616C2F6ED1
:10CBA0006F726469632F6E7266782F64726976653E
:10CBB00072732F7372632F6E7266785F6372616334
:10CBC000656E2E63006D5F63622E696E69746961C4
:10CBD0006C697A656420213D204E5246585F44526C
:10CBE000565F53544154455F554E494E495449414F
:10CBF0004C495A454400574553545F544F5044499B
:10CC0000522F6D6F64756C65732F68616C2F6E6F3A
:10CC1000726469632F6E7266782F68616C2F6E7212
:10CC2000665F6770696F74652E6800696E64657809
:10CC3000203C203800574553545F544F50444952CC
:10CC40002F6D6F64756C65732F68616C2F6E6F72DA
:10CC50006469632F6E7266782F6472697665727389
:10CC60002F7372632F6E7266785F6770696F746579
:10CC70002E63006E7266795F6770696F5F70696EB0
:10CC80005F70726573656E745F636865636B28704F
:10CC9000696E290070696E5F69735F696E70757483
:10CCA00028705F696E7374616E63652C2070696EA5
:10CCB000290070696E5F6861735F74726967676588
:10CCC0007228705F696E7374616E63652C20706981
:10CCD0006E2900705F6368616E6E656C00696E74CA
:10CCE0005F656E61626C65000007182323232323B0
:10CCF0002323232323232323000102574553545F77
:10CD0000544F504449522F6D6F64756C65732F6892
:10CD1000616C2F6E6F726469632F6E7266782F6814
:10CD2000616C2F6E72665F677274632E6800766145
:10CD30006C7565203C3D202828307846464646558F
:10CD40004C203C3C202830554C2929203E3E2028B0
:10CD500030554C29290076616C7565203C3D2028B2
:10CD60002830784646554C203C3C202830554C29EC
:10CD700029203E3E202830554C29290063635F63FB
:10CD800068616E6E656C203C20283132554C29005C
:10CD9000574553545F544F504449522F6D6F64753B
:10CDA0006C65732F68616C2F6E6F726469632F6E90
:10CDB0007266782F647269766572732F7372632F4F
:10CDC0006E7266785F677274632E6300705F63686B
:10CDD000616E5F646174610063635F68203C3D2045
:10CDE0002830784646464646554C203C3C20283064
:10CDF000554C2929006D5F63622E73746174652040
:10CE00003D3D204E5246585F4452565F5354415464
:10CE1000455F494E495449414C495A454400705F69
:10CE2000636F756E74657200705F6D61696E5F63CC
:10CE3000635F6368616E6E656C006D5F63622E6335
:10CE400068616E6E656C5F646174615B305D2E63FA
:10CE500068616E6E656C203D3D2030006D5F6362E1
:10CE60002E737461746520213D204E5246585F44F4
:10CE700052565F53544154455F554E494E495449AB
:10CE8000414C495A4544006D5F63622E6368616E90
:10CE90006E656C5F646174615B695D2E6368616E71
:10CEA0006E656C203D3D2069647800574553545FA2
:10CEB000544F504449522F6D6F64756C65732F68E1
:10CEC000616C2F6E6F726469632F6E7266782F6467
:10CED0007269766572732F7372632F6E7266785FF4
:10CEE000706F7765722E6300705F636F6E6669673F
:10CEF000006D5F706F667761726E5F68616E646C03
:10CF0000657220213D202828766F6964202A293007
:10CF100029006D5F736C6565706576745F68616E1E
:10CF2000646C657220213D202828766F6964202A70
:10CF300029302900574553545F544F504449522FCC
:10CF40006D6F64756C65732F68616C2F6E6F7264A2
:10CF500069632F6E7266782F68616C2F6E72665FE0
:10CF60007370696D2E68007072657363616C6572B1
:10CF7000203E3D20282028705F726567203D3D20BF
:10CF800028284E52465F5350494D5F547970652AA8
:10CF9000292030783530303441303030554C292913
:10CFA000203F20283429203A202830783032554C30
:10CFB0002929007072657363616C6572203C3D20A5
:10CFC000282028705F726567203D3D2028284E523A
:10CFD000465F5350494D5F547970652A2920307857
:10CFE0003530303441303030554C2929203F20280D
:10CFF00031323629203A202830783745554C2929B6
:10D00000002828287072657363616C657229202579
:10D01000203229203D3D20302900574553545F548C
:10D020004F504449522F6D6F64756C65732F686162
:10D030006C2F6E6F726469632F6E7266782F6472E4
:10D0400069766572732F7372632F6E7266785F7381
:10D0500070696D2E6300705F63622D3E737461743E
:10D060006520213D204E5246585F4452565F53542E
:10D070004154455F554E494E495449414C495A45E2
:10D080004400705F786665725F646573632D3E70FF
:10D090005F74785F62756666657220213D2028287E
:10D0A000766F6964202A293029207C7C20705F7883
:10D0B0006665725F646573632D3E74785F6C656E40
:10D0C000677468203D3D203000705F786665725F50
:10D0D000646573632D3E705F72785F627566666526
:10D0E0007220213D202828766F6964202A29302962
:10D0F000207C7C20705F786665725F646573632D49
:10D100003E72785F6C656E677468203D3D2030002C
:10D110002828705F786665725F646573632D3E7260
:10D12000785F6C656E677468203C202831554C2010
:10D130003C3C202865617379646D615F7375707024
:10D140006F72745F626974735B705F696E73746130
:10D150006E63652D3E6472765F696E73745F696499
:10D16000785D2929292026262028705F7866657237
:10D170005F646573632D3E74785F6C656E67746879
:10D18000203C202831554C203C3C20286561737997
:10D19000646D615F737570706F72745F62697473D0
:10D1A0005B705F696E7374616E63652D3E64727649
:10D1B0005F696E73745F6964785D2929292900218C
:10D1C00028666C6167732026202831554C203C3C32
:10D1D00020332929207C7C2028705F63622D3E73D8
:10D1E000735F70696E203D3D203078464646464666
:10D1F0004646462900705F63622D3E68616E646C2E
:10D20000657200574553545F544F504449522F7A2A
:10D2100065706879722F6B65726E656C2F646576C8
:10D220006963652E6300646576203C3D205F64651C
:10D23000766963655F6C6973745F656E6400097518
:10D240006E6578706563746564206C6973742065BD
:10D250006E64206C6F636174696F6E0A005745538A
:10D26000545F544F504449522F7A65706879722F39
:10D270006B65726E656C2F666174616C2E630072F3
:10D280006561736F6E20213D204B5F4552525F4BAD
:10D2900045524E454C5F50414E494300094174741C
:10D2A000656D7074656420746F207265636F766558
:10D2B000722066726F6D2061206B65726E656C20E6
:10D2C00070616E696320636F6E646974696F6E0A62
:10D2D0000009417474656D7074656420746F207208
:10D2E00065636F7665722066726F6D20612066617E
:10D2F00074616C206572726F7220696E204953529E
:10D300000A00574553545F544F504449522F7A6591
:10D31000706879722F6B65726E656C2F696E6974B7
:10D320002E63007468726561645F64617461203C9F
:10D330003D205F5F7374617469635F7468726561D7
:10D34000645F646174615F6C6973745F656E6400CF
:10D3500069646C65006D61696E00574553545F5494
:10D360004F504449522F7A65706879722F6B6572FD
:10D370006E656C2F69646C652E63005F6B65726E01
:10D38000656C2E637075735B305D2E6375727265AC
:10D390006E742D3E626173652E7072696F203E3D22
:10D3A000203000574553545F544F504449522F7A10
:10D3B00065706879722F6B65726E656C2F6D757410
:10D3C00065782E630021617263685F69735F696EBF
:10D3D0005F697372282900096D757465786573201B
:10D3E00063616E6E6F742062652075736564206979
:10D3F0006E7369646520495352730A006D757465D4
:10D40000782D3E6C6F636B5F636F756E74203E208A
:10D41000305500574553545F544F504449522F7A6A
:10D4200065706879722F6B65726E656C2F696E63BB
:10D430006C7564652F6B73636865642E6800216189
:10D440007263685F6972715F756E6C6F636B656440
:10D45000286B65792900090A007468726561642D7A
:10D460003E626173652E70656E6465645F6F6E0009
:10D47000574553545F544F504449522F7A65706852
:10D4800079722F6B65726E656C2F73656D2E6300FC
:10D490002828617263685F69735F696E5F69737280
:10D4A0002829203D3D203029207C7C2028287469B3
:10D4B0006D656F7574292E7469636B73203D3D2013
:10D4C0002828286B5F74696D656F75745F74297B9C
:10D4D000307D29292E7469636B73292900574553C0
:10D4E000545F544F504449522F7A65706879722FB7
:10D4F0006B65726E656C2F776F726B2E6300776F42
:10D50000726B2D3E717565756520213D202828764A
:10D510006F6964202A29302900776F726B20213DC2
:10D52000202828766F6964202A29302900776F72B5
:10D530006B2D3E68616E646C657220213D20282849
:10D54000766F6964202A2930290021666C61675F43
:10D5500074657374282671756575652D3E666C61FA
:10D5600067732C204B5F574F524B5F5155455545C4
:10D570005F535441525445445F42495429007175E8
:10D5800065756500737461636B00574553545F5450
:10D590004F504449522F7A65706879722F6B6572CB
:10D5A0006E656C2F7468726561642E63002828288C
:10D5B000287072696F2929203D3D203135202626AB
:10D5C000207A5F69735F69646C655F746872656116
:10D5D000645F656E7472792828656E747279292982
:10D5E00029207C7C202828283135202D2031292015
:10D5F0003E3D2028282D313629292920262620287D
:10D60000287072696F2929203E3D2028282D313647
:10D6100029292026262028287072696F2929203C74
:10D620003D20283135202D20312929290009696E16
:10D6300076616C6964207072696F726974792028F0
:10D640002564293B20616C6C6F7765642072616E84
:10D6500067653A20256420746F2025640A00095408
:10D66000687265616473206D6179206E6F742062E9
:10D6700065206372656174656420696E2049535248
:10D68000730A00574553545F544F504449522F7A00
:10D6900065706879722F6B65726E656C2F73636845
:10D6A00065642E6300217A5F69735F69646C655FEE
:10D6B0007468726561645F6F626A65637428746818
:10D6C000726561642900574553545F544F50444973
:10D6D000522F7A65706879722F6B65726E656C2F48
:10D6E000696E636C7564652F6B7468726561642E16
:10D6F00068005F6B65726E656C2E637075735B306E
:10D700005D2E63757272656E7420213D2028287627
:10D710006F6964202A2930290073697A656F662849
:10D720005F73636865645F7370696E6C6F636B29A8
:10D73000203D3D2030207C7C206C6F636B20213DA0
:10D7400020265F73636865645F7370696E6C6F63D6
:10D750006B005F6B65726E656C2E637075735B300A
:10D760005D2E63757272656E742D3E626173652EF7
:10D7700073636865645F6C6F636B656420213D2033
:10D780003155005F6B65726E656C2E637075735BEF
:10D79000305D2E63757272656E742D3E62617365C5
:10D7A0002E73636865645F6C6F636B656420213DF5
:10D7B00020305500217465726D696E6174650009D1
:10D7C00061626F72746564205F63757272656E74F6
:10D7D000206261636B2066726F6D20646561640A0C
:10D7E0000021657373656E7469616C000961626F15
:10D7F0007274656420657373656E7469616C2074FE
:10D8000068726561642025700A00574553545F545F
:10D810004F504449522F7A65706879722F6B657248
:10D820006E656C2F74696D65736C6963696E672EC4
:10D830006300282874696D656F7574292026262079
:10D84000282875696E747074725F74292028736C4F
:10D850006963655F74696D656F7574732929203C10
:10D860003D20282875696E747074725F74292028B1
:10D8700074696D656F7574292920262620282875FE
:10D88000696E747074725F7429202874696D656F95
:10D8900075742929203C20282875696E747074726B
:10D8A0005F742920282628736C6963655F74696D2D
:10D8B000656F757473295B282873697A655F7429AD
:10D8C00020282828696E74292073697A656F662874
:10D8D000636861725B31202D2032202A20212821AB
:10D8E0005F5F6275696C74696E5F74797065735F90
:10D8F000636F6D70617469626C655F70285F5F74DF
:10D900007970656F665F5F28736C6963655F7469C2
:10D910006D656F757473292C205F5F747970656F06
:10D92000665F5F282628736C6963655F74696D653F
:10D930006F757473295B305D2929295D29202D209D
:10D940003129202B202873697A656F6628736C69EA
:10D9500063655F74696D656F75747329202F20731B
:10D96000697A656F662828736C6963655F74696D91
:10D97000656F757473295B305D292929295D292913
:10D980002026262028282875696E747074725F74AA
:10D9900029202874696D656F75742929202D202828
:10D9A0002875696E747074725F74292028736C69AD
:10D9B00063655F74696D656F757473292929202506
:10D9C0002073697A656F662828736C6963655F7474
:10D9D000696D656F757473295B305D29203D3D204D
:10D9E000302900574553545F544F504449522F7AC1
:10D9F00065706879722F6B65726E656C2F74696DD6
:10DA0000656F75742E6300217379735F646E6F6444
:10DA1000655F69735F6C696E6B65642826746F2D32
:10DA20003E6E6F64652900574553545F544F504410
:10DA300049522F7A65706879722F6B65726E656CCA
:10DA40002F706F6C6C2E630009696E76616C69646F
:10DA5000206576656E74207479706520283078258D
:10DA600078290A0A006576656E742D3E73656D200F
:10DA7000213D202828766F6964202A293029000951
:10DA8000696E76616C69642073656D6170686F7230
:10DA9000650A0A006576656E742D3E71756575655B
:10DAA00020213D202828766F6964202A293029000A
:10DAB00009696E76616C69642071756575650A0A1D
:10DAC000006576656E742D3E7369676E616C20210A
:10DAD0003D202828766F6964202A293029000969A9
:10DAE0006E76616C696420706F6C6C207369676E10
:10DAF000616C0A0A006576656E742D3E6D73677100
:10DB000020213D202828766F6964202A29302900A9
:10DB100009696E76616C6964206D65737361676510
:10DB20002071756575650A0A006576656E742D3E0F
:10DB30007069706520213D202828766F6964202A4D
:10DB40002930290009696E76616C696420706970FA
:10DB5000650A0A0009696E76616C696420657665FC
:10DB60006E7420747970650A0A002A2A2A20426F8E
:10DB70006F74696E67205A6570687972204F532000
:10DB80006275696C642076342E322E30202A2A2A5F
:10DB90000A00574553545F544F504449522F7A65F9
:10DBA000706879722F6B65726E656C2F6B6865613A
:10DBB000702E630021617263685F69735F696E5FD5
:10DBC0006973722829207C7C20282874696D656F10
:10DBD0007574292E7469636B73203D3D20282828B5
:10DBE0006B5F74696D656F75745F74297B307D2917
:10DBF000292E7469636B73290068656170203C3D50
:10DC0000205F6B5F686561705F6C6973745F656EE0
:0CDC10006400737973776F726B71000011
:10DC1C0015CD5B070000000000000000670000004D
:10DC2C0000000000000000000000000000000000E8
:10DC3C0000000000000000000000000000000000D8
:10DC4C0000000000000000000000000000000000C8
:10DC5C0000000000000000000000000000000000B8
:10DC6C0000000000000000000000000000000000A8
:10DC7C000000000000000000000000000000000098
:10DC8C000000000000000000000000000000000088
:10DC9C000000000000000000000000000000000078
:10DCAC000000000000000000000000000000000068
:10DCBC009800002098000020A0000020A000002068
:10DCCC00A8000020A8000020B0000020B000002018
:10DCDC00B8000020B8000020C0000020C0000020C8
:10DCEC00C8000020C8000020D0000020D000002078
:10DCFC00D8000020D8000020E0000020E000002028
:10DD0C00E8000020E8000020F0000020F0000020D7
:10DD1C00F8000020F8000020000100200001002085
:10DD2C000801002008010020100100201001002033
:10DD3C0018010020180100202001002020010020E3
:10DD4C002801002028010020300100203001002093
:10DD5C003801002038010020400100204001002043
:10DD6C0048010020480100205001002050010020F3
:10DD7C0058010020580100206001002060010020A3
:10DD8C006801002068010020700100207001002053
:10DD9C007801002078010020800100208001002003
:10DDAC0088010020880100209001002090010020B3
:10DDBC009801002098010020A0010020A001002063
:10DDCC00A8010020A8010020B0010020B001002013
:10DDDC00B8010020B8010020C0010020C0010020C3
:10DDEC00C8010020C8010020D0010020D001002073
:10DDFC00D8010020D8010020E0010020E001002023
:10DE0C00E8010020E8010020F0010020F0010020D2
:10DE1C00F8010020F8010020000200200002002080
:10DE2C00080200200802002010020020100200202E
:10DE3C0018020020180200202002002020020020DE
:10DE4C00280200202802002030020020300200208E
:10DE5C00380200203802002040020020400200203E
:10DE6C0048020020480200205002002050020020EE
:10DE7C00580200205802002060020020600200209E
:10DE8C00680200206802002070020020700200204E
:10DE9C0078020020780200208002002080020020FE
:10DEAC0088020020880200209002002090020020AE
:10DEBC009802002098020020A0020020A00200205E
:10DECC00A8020020A8020020B0020020B00200200E
:10DEDC00B8020020B8020020C0020020C0020020BE
:10DEEC00C8020020C8020020D0020020D00200206E
:10DEFC00D8020020D8020020E0020020E00200201E
:10DF0C00E8020020E8020020F0020020F0020020CD
:10DF1C00F8020020F802002000030020000300207B
:10DF2C000803002008030020100300201003002029
:10DF3C0018030020180300202003002020030020D9
:10DF4C002803002028030020300300203003002089
:10DF5C003803002038030020400300204003002039
:10DF6C0048030020480300205003002050030020E9
:10DF7C005803002058030020600300206003002099
:10DF8C006803002068030020700300207003002049
:10DF9C0078030020780300208003002080030020F9
:10DFAC0088030020880300209003002090030020A9
:10DFBC009803002098030020A0030020A003002059
:10DFCC00A8030020A8030020B0030020B003002009
:10DFDC00B8030020B8030020C0030020C0030020B9
:10DFEC00C8030020C8030020D0030020D003002069
:10DFFC00D8030020D8030020E0030020E003002019
:10E00C00E8030020E8030020F0030020F0030020C8
:10E01C00F8030020F8030020000400200004002076
:10E02C000804002008040020100400201004002024
:10E03C0018040020180400202004002020040020D4
:10E04C002804002028040020300400203004002084
:10E05C003804002038040020400400204004002034
:10E06C0048040020480400205004002050040020E4
:10E07C005804002058040020600400206004002094
:10E08C006804002068040020700400207004002044
:10E09C0078040020780400208004002080040020F4
:10E0AC0088040020880400209004002090040020A4
:10E0BC0000000000F805002060060020C8060020C3
:10E0CC000000000000000000000000000000000044
:10E0DC000000000000000000000000000000000034
:10E0EC000000000000000000000000000000000024
:10E0FC000000000000000000000000000000000014
:10E10C000000000000000000000000000000000003
:10E11C0000000000000000000000000000000000F3
:10E12C0000000000000000000000000000000000E3
:10E13C0000000000000000000000000000000000D3
:10E14C0000000000000000000000000000000000C3
:10E15C0000000000000000000100000000000000B2
:10E16C000E33CDAB34126DE6ECDE05000B00000077
:10E17C000000000000000000000000000000000093
:10E18C000000000000000000000000000000000083
:10E19C000000000000000000000000000000000073
:10E1AC000000000000000000000000000000000063
:10E1BC000000000000000000000000000000000053
:10E1CC000000000000000000000000000000000043
:10E1DC000000000000000000000000000000000033
:10E1EC000000000000000000000000000000000023
:10E1FC000000000000000000000000000000000013
:10E20C000000000000000000000000000000000002
:10E21C0000000000000000000000000000000000F2
:10E22C0000000000000000000000000000000000E2
:10E23C0000000000000000000000000000000000D2
:10E24C0000000000000000000000000000000000C2
:10E25C0000000000000000000000000000000000B2
:10E26C0000000000000000000000000000000000A2
:10E27C000000000000000000000000000000000092
:10E28C000000000000000000000000000000000082
:10E29C000000000000000000000000000000000072
:10E2AC000000000000000000000000000000000062
:10E2BC000000000000000000000000000000000052
:10E2CC000000000000000000000000000000000042
:10E2DC000000000000000000000000000000000032
:10E2EC000000000000000000000000000000000022
:10E2FC000000000000000000000000000000000012
:10E30C000000000000000000000000000000000001
:10E31C0000000000000000000000000000000000F1
:10E32C0000000000000000000000000000000000E1
:10E33C0000000000000000000000000000000000D1
:10E34C0060E5AE330100000090563412C13F01006D
:10E35C00494201004D420100000000000000000095
:10E36C007F430100000000000000000000000000DE
:10E37C007F430100000000000000000000000000CE
:10E38C007F430100000000000000000000000000BE
:10E39C002D48010000000000940700200000000040
:10E3AC000000000000000000000000007858012070
:10E3BC002000000000000000000000000000000031
:10E3CC00000000002D48010000000000C8070020DC
:10E3DC000000000000000000000000000000000031
:10E3EC009A580120200000000000000000000000EE
:10E3FC000000000000000000E149010000000000E6
:10E40C000000000000000000F8870100010000007F
:10E41C00000800200008002000000000010000009F
:10E42C0010080020100800201808002018080020F0
:10E43C00000000000100000028080020280800202F
:10E44C0000000000000000000000000000000000C0
:10E45C0000000000000000000000000000000000B0
:10E46C00000000002C7A01000000000000000000F9
:10E47C00C2580120BA580120495F0000000000007A
:10E48C00FF0000000000000059650000E95E01007B
:10E49C00F15E0100ED5E01006B6001008360010024
:10E4AC0091600100956001009B600100CD6001004E
:10E4BC00D1600100E1600100E5600100EB6001004A
:10E4CC00EF600100F560010061130000FB600100CA
:10E4DC00296101002D610100636101006D61010082
:10E4EC007B6101007F610100836101008761010094
:10E4FC008B610100C7610100F76101001962010025
:10E50C00496201006B62010081620100A36201009B
:10E51C0027630100716500005D6301008D630100DC
:10E52C00B5630100DB630100DF630100F7630100E9
:10E53C001764010079640100856500007D640100A9
:10E54C009F640100C5640100EF6401002B650100AC
:10E55C003165010051650100C16500007565010060
:10E56C00AD650100B1650100C3650100CD65010019
:10E57C00DF650100E7650100FD6501000166010032
:10E58C0055660100596601002B67010055670100B3
:10E59C004F6701008B660100B1660100E366010064
:10E5AC00036701005D660100836601008766010058
:10E5BC0001660000776701008F6701009367010017
:10E5CC00976701009B670100FB67010087680100EA
:10E5DC00EB6801007B6901000000000000000000F6
:10E5EC00936E01000000000008010000FF07FFFF10
:10E5FC00C478010004002000000000008025DB33FB
:10E60C000016D63640B47E91922C0000322D0000BC
:10E61C002E310000F82F0000983500007C330000EC
:10E62C00962D0000BE2D000050320000103100006D
:10E63C000A370000BC340000082A00008A2A0000B7
:10E64C005E2E0000782D00004A330000D43000000C
:10E65C00CC2400006C250000542900000028000088
:10E66C00FA2D00007A2B0000541A0000C21A000088
:10E67C00DA1B00000C1C00004A1F00000A1E0000E0
:10E68C00081B00004E1B00006A1D0000CA1C000085
:10E69C00E01F00008C1E0000001900006E19000025
:10E6AC00801B0000CC1A0000E01A0000B61C000011
:10E6BC00441600009E160000B0180000FC17000065
:10E6CC00B81A0000C8190000B12100004F22000048
:10E6DC00AA22000026230000B923000049240000D0
:10E6EC0009250000AE250000702600005927000007
:10E6FC0028280000652900000F290000C02B00000D
:10E70C007F2C00006E2D0000602C0000732D00008B
:10E71C00D22E00007E310000EC33000023360000C6
:10E72C0075350000253900001C3C0000BC3D000084
:10E73C0076430000FF49000031520000FC570000F6
:10E74C00E8030000E8030000E8030000E803000011
:10E75C00E8030000E8030000E8030000E803000001
:10E76C00E8030000E8030000E8030000E8030000F1
:10E77C00E8030000E8030000E8030000E8030000E1
:10E78C00E8030000E8030000E8030000E8030000D1
:10E79C00E8030000E8030000E8030000E8030000C1
:10E7AC00E8030000E8030000E8030000E8030000B1
:10E7BC00E8030000E8030000E8030000E8030000A1
:10E7CC00E8030000A02800007427000028230000A4
:10E7DC0028230000D0200000FC210000742700003A
:10E7EC00F02300006829000010270000102700000B
:10E7FC00442F0000942A0000E02E00002C3300006F
:10E80C00F43300005834000008390000C43B000009
:10E81C00A0410000B4460000E84E00008C550000FA
:10E82C00006400008C6E0000C87D0000E0920000C7
:10E83C00B0B3000058CA000074EF0000742101004E
:10E84C00385D0100A8A60100507A01000090D003A9
:10E85C0000000000000000000000000000000000AC
:10E86C00000000000000000000000000000000009C
:10E87C00000000000000000000000000000000008C
:10E88C00000000000000000000000000000000007C
:10E89C00000000000000000000000000000000006C
:10E8AC00000000000000000008000000FF00000055
:10E8BC00000000000200000000000000000000004A
:10E8CC00000000000000000000000000000000003C
:10E8DC00000000000000000000000000000000002C
:10E8EC00000000000000000000000000000000001C
:10E8FC00000000000000000000000000000000000C
:10E90C0000000000000000000000000000000000FB
:10E91C0000000000040000000F00000000000000D8
:10E92C000100000000000000710200001C0D00201E
:10E93C001C0D0020FFFFFFFF00000200A0040020C0
:10E94C004300000000000000000000000000000078
:10E95C0000000000000000000000000000000000AB
:10E96C004300000000000000000000000000000058
:10E97C00000000000000000000000000000000008B
:10E98C004300000000000000000000000000000038
:10E99C00000000000000000000000000000000006B
:10E9AC004300000000000000000000000000000018
:10E9BC00000000000000000000000000000000004B
:10E9CC0043000000000000000000000000000000F8
:10E9DC00000000000000000000000000000000002B
:10E9EC0043000000000000000000000000000000D8
:10E9FC00000000000000000000000000000000000B
:10EA0C0043000000000000000000000000000000B7
:10EA1C0000000000000000000000000000000000EA
:10EA2C00113601004923010000000000B4940100DC
:10EA3C00489701000897010008970100089701000A
:10EA4C00089701000897010008970100089701003A
:10EA5C000897010008970100FFFFFFFFFFFFFFFF72
:10EA6C00FFFFFFFFFFFF0000010041534349490036
:10EA7C00000000000000000000000000000000008A
:10EA8C000000000000000000000041534349490011
:10EA9C00000000000000000000000000000000006A
:10EAAC00000000000000000000000000FFFFFF015C
:10EABC00D91D07D91007DD1307E01307E31307E58A
:10EACC001007E81107EA1007ED1207EF1007F2150F
:10EADC0007F41207F91E07F81007FB1807FE1B07AF
:10EAEC00011D07041E07061E07071C070819070A45
:10EAFC0019070F1F07101E07121E07151F07161EDA
:10EB0C0007181E07181A07181007EE0306F302055C
:10EB1C00F30601FA06000401000402000201030ED0
:10EB2C0000000900030B03001001000B0700120288
:10EB3C000010050011070015010219030020000147
:10EB4C002002001B03012002011C05011E050122ED
:10EB5C0004011F05042204042205062703052506CB
:0DEB6C00062805052907042B07042C0707C0
:10EB7900000000000000000000000000000000008C
:0FEB89000000000000000000000000000000007D
:10EB9C000000000000000000E5ED00000000000097
:10EBAC000000000000000000980F0020980F0020CB
:10EBBC00799A000000000000000000000000000036
:08EBCC00000000000000000041
:10EBD400000000001072012000400000000000004E
:08EBE400000000000000000029
:10EBEC00D00F0020D00F002000000000000000001B
:10EBFC000E000000E40F0020E40F002000000000D5
:08EC0C00000000000E000000F2
:10EC1400F80F0020F80F00200000000001000000A1
:08EC2400081000200810002078
:04EC2C0015E015E0FA
:0400000300003DF1CB
:00000001FF
