:10000000D0F301208D39000015340000793900004B
:100010007939000079390000793900007939000018
:10002000000000000000000000000000553A000041
:100030007939000000000000F9390000793900002A
:100040009D3C00009D3C00009D3C00009D3C00004C
:100050009D3C00009D3C00009D3C00009D3C00003C
:100060009D3C00009D3C00009D3C00009D3C00002C
:100070009D3C00009D3C00009D3C00009D3C00001C
:100080009D3C00009D3C00009D3C00009D3C00000C
:100090009D3C00009D3C00009D3C00009D3C0000FC
:1000A0009D3C00009D3C00009D3C00009D3C0000EC
:1000B0009D3C00009D3C00009D3C00009D3C0000DC
:1000C0009D3C00009D3C00009D3C00009D3C0000CC
:1000D0009D3C00009D3C00009D3C00009D3C0000BC
:1000E0009D3C00009D3C00009D3C00009D3C0000AC
:1000F0009D3C00009D3C00009D3C00009D3C00009C
:100100009D3C00009D3C00009D3C00009D3C00008B
:100110009D3C00009D3C00009D3C00009D3C00007B
:100120009D3C00009D3C00009D3C00009D3C00006B
:100130009D3C00009D3C00009D3C00009D3C00005B
:100140009D3C00009D3C00009D3C00009D3C00004B
:100150009D3C00009D3C00009D3C00009D3C00003B
:100160009D3C00009D3C00009D3C00009D3C00002B
:100170009D3C00009D3C00009D3C00009D3C00001B
:100180009D3C00009D3C00009D3C00009D3C00000B
:100190009D3C00009D3C00009D3C00009D3C0000FB
:1001A0009D3C00009D3C00009D3C00009D3C0000EB
:1001B0009D3C00009D3C00009D3C00009D3C0000DB
:1001C0009D3C00009D3C00009D3C00009D3C0000CB
:1001D0009D3C00009D3C00009D3C00009D3C0000BB
:1001E0009D3C00009D3C00009D3C00009D3C0000AB
:1001F0009D3C00009D3C00009D3C00009D3C00009B
:100200009D3C00009D3C00009D3C00009D3C00008A
:100210009D3C00009D3C00009D3C00009D3C00007A
:100220009D3C00009D3C00009D3C00009D3C00006A
:100230009D3C00009D3C00009D3C00009D3C00005A
:100240009D3C00009D3C00009D3C00009D3C00004A
:100250009D3C00009D3C00009D3C00009D3C00003A
:100260009D3C00009D3C00009D3C00009D3C00002A
:100270009D3C00009D3C00009D3C00009D3C00001A
:100280009D3C00009D3C00009D3C00009D3C00000A
:100290009D3C00009D3C00009D3C00009D3C0000FA
:1002A0009D3C00009D3C00009D3C00009D3C0000EA
:1002B0009D3C00009D3C00009D3C00009D3C0000DA
:1002C0009D3C00009D3C00009D3C00009D3C0000CA
:1002D0009D3C00009D3C00009D3C00009D3C0000BA
:1002E0009D3C00009D3C00009D3C00009D3C0000AA
:1002F0009D3C00009D3C00009D3C00009D3C00009A
:100300009D3C00009D3C00009D3C00009D3C000089
:100310009D3C00009D3C00009D3C00009D3C000079
:100320009D3C00009D3C00009D3C00009D3C000069
:100330009D3C00009D3C00009D3C00009D3C000059
:100340009D3C00009D3C00009D3C00009D3C000049
:100350009D3C00009D3C00009D3C00009D3C000039
:100360009D3C00009D3C00009D3C00009D3C000029
:100370009D3C00009D3C00009D3C00009D3C000019
:100380009D3C00009D3C00009D3C00009D3C000009
:100390009D3C00009D3C00009D3C00009D3C0000F9
:1003A0009D3C00009D3C00009D3C00009D3C0000E9
:1003B0009D3C00009D3C00009D3C00009D3C0000D9
:1003C0009D3C00009D3C00009D3C00009D3C0000C9
:1003D0009D3C00009D3C00009D3C00009D3C0000B9
:1003E0009D3C00009D3C00009D3C00009D3C0000A9
:1003F0009D3C00009D3C00009D3C00009D3C000099
:100400009D3C00009D3C00009D3C00009D3C000088
:100410009D3C00009D3C00009D3C00009D3C000078
:100420009D3C00009D3C00009D3C00009D3C000068
:100430009D3C00009D3C00009D3C00009D3C000058
:100440009D3C00009D3C00009D3C00009D3C000048
:100450009D3C00009D3C00009D3C00009D3C000038
:100460009D3C00009D3C00009D3C00009D3C000028
:0C0470009D3C00009D3C00009D3C0000F5
:1004800081F0004102E000BF83F0004330B54FEA45
:1004900041044FEA430594EA050F08BF90EA020FB2
:1004A0001FBF54EA000C55EA020C7FEA645C7FEA45
:1004B000655C00F0E2804FEA5454D4EB5555B8BF68
:1004C0006D420CDD2C4480EA020281EA030382EAD9
:1004D000000083EA010180EA020281EA0303362D6B
:1004E00088BF30BD11F0004F4FEA01314FF4801C3E
:1004F0004CEA113102D0404261EB410113F0004F50
:100500004FEA03334CEA133302D0524263EB430306
:1005100094EA050F00F0A780A4F10104D5F1200EA4
:100520000DDB02FA0EFC22FA05F2801841F10001FF
:1005300003FA0EF2801843FA05F359410EE0A5F1D3
:1005400020050EF1200E012A03FA0EFC28BF4CF004
:10055000020C43FA05F3C01851EBE37101F00045BA
:1005600007D54FF0000EDCF1000C7EEB00006EEBC7
:100570000101B1F5801F1BD3B1F5001F0CD3490851
:100580005FEA30004FEA3C0C04F101044FEA4452A8
:1005900012F5800F80F09A80BCF1004F08BF5FEA2F
:1005A000500C50F1000041EB045141EA050130BD0F
:1005B0005FEA4C0C404141EB0101013C28BFB1F521
:1005C000801FE9D291F0000F04BF01460020B1FA6C
:1005D00081F308BF2033A3F10B03B3F120020CDA3F
:1005E0000C3208DD02F1140CC2F10C0201FA0CF01D
:1005F00021FA02F10CE002F11402D8BFC2F1200C82
:1006000001FA02F120FA0CFCDCBF41EA0C01904037
:10061000E41AA2BF01EB0451294330BD6FEA040480
:100620001F3C1CDA0C340EDC04F11404C4F120026B
:1006300020FA04F001FA02F340EA030021FA04F37D
:1006400045EA030130BDC4F10C04C4F1200220FAD4
:1006500002F001FA04F340EA0300294630BD21FA12
:1006600004F0294630BD94F0000F83F4801306BFD8
:1006700081F480110134013D4EE77FEA645C18BFCC
:100680007FEA655C29D094EA050F08BF90EA020F63
:1006900005D054EA000C04BF1946104630BD91EA5B
:1006A000030F1EBF0021002030BD5FEA545C05D15E
:1006B0004000494128BF41F0004130BD14F580049D
:1006C0003CBF01F5801130BD01F0004545F0FE4111
:1006D00041F470014FF0000030BD7FEA645C1ABF46
:1006E000194610467FEA655C1CBF0B46024650EA7D
:1006F000013406BF52EA033591EA030F41F40021A9
:1007000030BD00BF90F0000F04BF0021704730B52E
:100710004FF4806404F132044FF000054FF0000103
:1007200050E700BF90F0000F04BF0021704730B5C4
:100730004FF4806404F1320410F0004548BF404299
:100740004FF000013EE700BF42004FEAE2014FEAEE
:1007500031014FEA02701FBF12F07F4393F07F4FC9
:1007600081F06051704732F07F4208BF704793F0CC
:100770007F4F04BF41F40021704730B54FF46074DF
:1007800001F0004521F000411CE700BF50EA0102E2
:1007900008BF704730B54FF000050AE050EA01028B
:1007A00008BF704730B511F0004502D5404261EBFB
:1007B00041014FF4806404F132045FEA915C3FF43C
:1007C000D8AE4FF003025FEADC0C18BF03325FEAD9
:1007D000DC0C18BF033202EBDC02C2F1200300FA8A
:1007E00003FC20FA02F001FA03FE40EA0E0021FAAF
:1007F00002F11444BDE600BF70B54FF0FF0C4CF49D
:10080000E06C1CEA11541DBF1CEA135594EA0C0F4E
:1008100095EA0C0F00F0DEF82C4481EA030621EA89
:100820004C5123EA4C5350EA013518BF52EA0335C4
:1008300041F4801143F4801338D0A0FB02CE4FF076
:100840000005E1FB02E506F00042E0FB03E54FF0A6
:100850000006E1FB03569CF0000F18BF4EF0010E9E
:10086000A4F1FF04B6F5007F64F5407404D25FEA9A
:100870004E0E6D4146EB060642EAC62141EA55514D
:100880004FEAC52040EA5E504FEACE2EB4F1FD0C8F
:1008900088BFBCF5E06F1ED8BEF1004F08BF5FEA0D
:1008A000500E50F1000041EB045170BD06F00046BF
:1008B00046EA010140EA020081EA0301B4EB5C046C
:1008C000C2BFD4EB0C0541EA045170BD41F4801164
:1008D0004FF0000E013C00F3AB8014F1360FDEBF89
:1008E000002001F0004170BDC4F10004203C35DA65
:1008F0000C341BDC04F11404C4F1200500FA05F3E8
:1009000020FA04F001FA05F240EA020001F0004288
:1009100021F0004110EBD37021FA04F642EB0601FE
:100920005EEA430E08BF20EAD37070BDC4F10C0428
:10093000C4F1200500FA04F320FA05F001FA04F2EC
:1009400040EA020001F0004110EBD37041F10001D8
:100950005EEA430E08BF20EAD37070BDC4F12005E3
:1009600000FA05F24EEA020E20FA04F301FA05F24B
:1009700043EA020321FA04F001F0004121FA04F2F3
:1009800020EA020000EBD3705EEA430E08BF20EAC3
:10099000D37070BD94F0000F0FD101F000464000FD
:1009A00041EB010111F4801F08BF013CF7D041EA7F
:1009B000060195F0000F18BF704703F00046520083
:1009C00043EB030313F4801F08BF013DF7D043EA54
:1009D0000603704794EA0C0F0CEA135518BF95EA0A
:1009E0000C0F0CD050EA410618BF52EA4306D1D191
:1009F00081EA030101F000414FF0000070BD50EAB0
:100A0000410606BF1046194652EA430619D094EA39
:100A10000C0F02D150EA013613D195EA0C0F05D123
:100A200052EA03361CBF104619460AD181EA030177
:100A300001F0004141F0FE4141F470014FF000002F
:100A400070BD41F0FE4141F4780170BD70B54FF0CA
:100A5000FF0C4CF4E06C1CEA11541DBF1CEA13554A
:100A600094EA0C0F95EA0C0F00F0A7F8A4EB05042C
:100A700081EA030E52EA03354FEA013100F0888023
:100A80004FEA03334FF0805545EA131343EA1263EC
:100A90004FEA022245EA111545EA10654FEA0026A1
:100AA0000EF000419D4208BF964244F1FD0404F55A
:100AB000407402D25B084FEA3202B61A65EB0305B6
:100AC0005B084FEA32024FF480104FF4002CB6EB73
:100AD000020E75EB030E22BFB61A754640EA0C00F3
:100AE0005B084FEA3202B6EB020E75EB030E22BF33
:100AF000B61A754640EA5C005B084FEA3202B6EB74
:100B0000020E75EB030E22BFB61A754640EA9C0032
:100B10005B084FEA3202B6EB020E75EB030E22BF02
:100B2000B61A754640EADC0055EA060E18D04FEAC0
:100B3000051545EA16754FEA06164FEAC30343EA60
:100B400052734FEAC2025FEA1C1CC0D111F4801F2D
:100B50000BD141EA00014FF000004FF0004CB6E726
:100B600011F4801F04BF01430020B4F1FD0C88BFC5
:100B7000BCF5E06F3FF6AFAEB5EB030C04BFB6EBD0
:100B8000020C5FEA500C50F1000041EB045170BDC3
:100B90000EF0004E4EEA113114EB5C04C2BFD4EBF0
:100BA0000C0541EA045170BD41F480114FF0000E74
:100BB000013C90E645EA060E8DE60CEA135594EAF0
:100BC0000C0F08BF95EA0C0F3FF43BAF94EA0C0FF3
:100BD0000AD150EA01347FF434AF95EA0C0F7FF468
:100BE00025AF104619462CE795EA0C0F06D152EABC
:100BF00003353FF4FDAE1046194622E750EA4106A0
:100C000018BF52EA43067FF4C5AE50EA41047FF4B0
:100C10000DAF52EA43057FF4EBAE12E74A0011D262
:100C200012F5001211D20DD56FF47873B3EB625246
:100C30000ED44FEAC12343F0004343EA505323FA52
:100C400002F070474FF00000704750EA013002D1C7
:100C50004FF0FF3070474FF00000704753B94AB96A
:100C6000002908BF00281CBF4FF0FF314FF0FF30B4
:100C700000F00CB8ADF1080C6DE904CE00F01AF8E4
:100C8000DDF804E0DDE9022304B07047704700BFDF
:100C900010F8012B11F8013B012A28BF9A42F7D026
:100CA000D01A7047034613F8012B002AFBD1181AFB
:100CB000013870472DE9F04786468C460846089E65
:100CC000154674461946002B40F0C1808542B2FAA1
:100CD00082F245D94AB1C2F1200300FA02FC9540E4
:100CE00094402EFA03F343EA0C0C4FEA154EA8B2D7
:100CF000230CBCFBFEF80EFB18CC08FB00F943EA02
:100D00000C43994528D9EB1808F1FF3704D29945CF
:100D100002D9A8F102072B44A3EB0903A4B2B3FB49
:100D2000FEFC0EFB1C330CFB00F044EA0344A04223
:100D300014D92C190CF1FF3304D2A04202D9ACF122
:100D400002032C44241A43EA07401EB1D440002376
:100D500034607360BDE8F0874746DDE76346F1E73E
:100D600092BB431B01214FEA154EAFB2200CB3FBDF
:100D7000FEFC0EFB1C330CFB07F840EA03439845CE
:100D800061D9EB180CF1FF3004D2984502D9ACF1CF
:100D900002002B44A3EB0803A4B2B3FBFEFC0EFB42
:100DA0001C330CFB07F744EA0344A7424DD92C1926
:100DB0000CF1FF3304D2A74202D9ACF102032C4458
:100DC000E41B43EA0040C0E7C2F120039540944091
:100DD00020FA03F12EFA03F34FEA154E9040AFB21A
:100DE0000343B1FBFEFC0EFB1C10190C0CFB07F8B7
:100DF00041EA0041884522D969180CF1FF3004D23C
:100E0000884502D9ACF102002944A1EB08019BB24C
:100E1000B1FBFEFC0EFB1C110CFB07F743EA014380
:100E20009F420ED9EB180CF1FF3104D29F4202D938
:100E3000ACF102012B44DB1B41EA004193E7604621
:100E4000E3E76146F7E76046A4E76346B8E7834215
:100E500006D916B9002108467CE7C6E900E0F9E7A3
:100E6000B3FA83F78FB9834201D3724508D8BEEB3A
:100E7000020460EB030301209C461EB9002169E7D0
:100E80003846FAE7C6E9004CF8E7C7F1200CBB404A
:100E90000EFA07F522FA0CF42EFA0CF1BA401C43B4
:100EA00020FA0CF3B8404FEA144901431FFA84FEBC
:100EB000B3FBF9F809FB18300B0C08FB0EFA43EAF8
:100EC00000439A4540D9E31808F1FF3004D29A450F
:100ED00002D9A8F102002344A3EB0A0389B2B3FBB1
:100EE000F9F809FB183308FB0EFE41EA03418E4571
:100EF0002CD9611808F1FF3304D28E4502D9A8F12C
:100F00000203214443EA0040A1EB0E01A0FB02983A
:100F10004145CE46434602D306D14D4504D2013861
:100F2000B9EB020E68EB0403002EA7D0B5EB0E025E
:100F300061EB030101FA0CFC22FA07F3F9404CEAD9
:100F40000303C6E9003199E74046C5E74346D9E7C0
:100F500070B5002684B00446084615468DF800603A
:100F6000FFF7E0FB0EA3D3E90023FFF745FCFFF7F3
:100F700055FE0346284601938DF80860FFF7D2FB23
:100F800007A3D3E90023FFF737FCFFF747FE03462B
:100F9000022220466946039305F06EFF04B070BD3F
:100FA0000000000080842E41704700BF6E4B19681E
:100FB00019B901226D4B1A7070472DE9F04F6C483A
:100FC00085B0019100F052FF01996A4B01F1EB08E5
:100FD000A3FB0838C8F34F13674AC3EB83139B0086
:100FE000C8F34F1813600246B8F1000F41D0002635
:100FF00044F2426B0D466148CDE90121B0F8009002
:101000005F48604C0088039389EA000958481FFA3A
:1010100089F900EB010AEC2D2F4628BFEC27029B33
:10102000AAEB050144F8083C019B24F80C6C20460F
:101030003A4624F810BC24F80E9C24F80A8C44F894
:10104000043C13F09FFEA4F1100007F11001EC2FF7
:1010500006F10106A5F1EC05084404F1FC04C7F112
:10106000EC0202D0002113F09AFEB2B29045D2D821
:10107000039B4FF4967747F25B5C4FF0FC124FF006
:10108000FF3EFC2101204FF0040A4FF481794FF418
:1010900000783D4E3D4D34688B4267652F686D7911
:1010A000C4E912EC84F83050394DDFF8E8C0C4F8D8
:1010B0003150394D6262E563384D394A2564394D06
:1010C000A7626564384F394D84F800A0A360A4F886
:1010D0003590A4F83880207184F83700218211807F
:1010E000E26165613960ACF800000ADD22F8021F98
:1010F0004FF4FC7322620222FC35A561ACF800209B
:101100003B60012584F870500CF02EFB00273368FB
:1011100084464FF6B07105264FF00208244A254850
:10112000DFF894E0C4F868C0A3F8A410C3F8A820BE
:10113000C3E91D7083F89C50C3F8A0608EF800804E
:101140000CF012FB03461D491D480A681D4C2A4439
:1011500000780A60236008F0E1FC08B1034B1D70C1
:1011600005B0BDE8F08F00BFA03E01207CDA012071
:10117000A43E0120BF3CB622C0B5002074DA012095
:1011800072DA0120D4B50020A8BE01209000002012
:101190000702010770DA0120D05E0100CC5E010079
:1011A000B8B50020C85E0100BCB50020C4B5002061
:1011B000804F1200A11500007DDA0120A4B40020A8
:1011C0007FDA0120A4BE01202DE9F84FFC23002581
:1011D0004EF660214FF4967201264FF0FF3E47F223
:1011E0005B5C4FF400404FF0040A4FF481794FF4F8
:1011F00000781C4F1C4CD4F800B03C682382A4F843
:1012000064301A4BC4E91412C4F83130184BC4E9E5
:1012100012ECE363174BC4F828B02364164B84F830
:1012200000A06364154BA4F835902366A4F83880B9
:10123000E0602571E56284F8376084F870600CF036
:1012400093FA01463B680E4A0E480F4FA16600789C
:10125000C3E91D523D7008F061FC08B10B4B1E70D4
:10126000BDE8F88FA8BE012090000020070201070A
:10127000D05E0100CC5E0100C85E0100BCB400205D
:10128000A11500007FDA01207DDA01207CDA01203F
:101290002DE9F843214EDFF888C035789CF800E04E
:1012A000013505F00305754514469846BDF82070D4
:1012B0000AD19CF800301B4A013303F003038CF879
:1012C00000305369013353613378174AB0F800E0B6
:1012D00080784FEAC32C02EBC32922F80CE089F88E
:1012E000020044B903247FB93278104B357023F8DB
:1012F0001240BDE8F883224609F10300033413F0DD
:1013000041FDA4B2002FEFD009EB040041463A465C
:101310003C4413F037FDA4B2E6E700BF78DA0120C1
:1013200079DA0120A4B40020A49400209C94002029
:1013300030B5054685B008460C46FFF7B3FC0023E0
:1013400002464FF0450CD2B2214603A800938DF817
:101350000D508DF80CC08DF80E20FFF799FF05B0E9
:1013600030BD00BF30B51D481D4C1E4B05781B68B5
:10137000A0681D498FB062680690ADF80C300878FF
:10138000190C1A4B05921B78194A8DF80E10127819
:1013900021688DF82B30636904918DF828508DF801
:1013A00029008DF82A20D4E90302CDE9082307900B
:1013B0000CF0DAF90F4B1B68C01A0B900CF0D4F943
:1013C00000230546E06828220D9004A903A8009395
:1013D0000C95FFF75DFF0FB030BD00BF7DDA012037
:1013E000A4B40020C85C01007ADA01207CDA012074
:1013F0007BDA01209C3E0120F9B12DE9F0410F4F2D
:101400000E460024D7F80880451E03E00134A4B23C
:10141000B44210D015F8011FD8F804303846984768
:1014200004F07F037F2BF1D101346420A4B20FF0CC
:1014300021FEB442EED1BDE8F081704718520100A0
:1014400070B51A4302F03003302B0469D0E901650E
:1014500032D002F00603042B22D002F44023B3F56D
:10146000402F47D00123366803FA01FCD3070CEA6A
:1014700006060ED582F4402323F480125EB3DB0708
:101480000AD523684CEA030323602B68BDE870404B
:10149000184722F48012F6B1236823EA0C03F3E71D
:1014A0001C491D4840F2FE331C4A01F095FB40F2F6
:1014B000FE311A4801F086FB194940F2F733174A0A
:1014C000154801F089FB174801F086FB40F2F7311F
:1014D000124801F077FB144940F211430F4A0E48BD
:1014E00001F07AFB114801F077FB40F211410B4803
:1014F00001F068FB0E4940F20543084A064801F036
:101500006BFB0C4801F068FB40F20541034801F019
:1015100059FB00BF9C5D01003C5D0100CC5C0100FB
:10152000005D01005C5D01004C5E01008C5E01000D
:10153000D05D0100205E010010B51449144A0B78FB
:101540001078013303F00303834208D11078114C63
:10155000013000F0030010706269013262614FF6E1
:10156000474E0A780C484FEAC22C20F80CE04FF0A6
:10157000000E4FF0030C00EBC22208780B70074BF3
:1015800082F802E023F810C010BD00BF78DA012015
:1015900079DA0120A4B40020A49400209C940020B7
:1015A0002DE9F04F87B0132826D8DFE810F0490066
:1015B00025002500250050002500250014002500E9
:1015C0002500D50025002500250025002500250043
:1015D0002500E5002800AA4B1C780134E4B20A2C4F
:1015E0001C7040F2EA800022A648A74902700A60F7
:1015F0001A700022A54B1A7007B0BDE8F08FA449FD
:10160000A448A54C8B68026824680133A2428B6011
:10161000F2D2FC26A14CFC320260A14A2388126857
:10162000A04D03F00100A04902EB800225F81060F4
:10163000C3EB831001EB8001013351612380DBE7B1
:10164000934A13690133136107B0BDE8F08F944BDF
:101650008F4D1B68EA68B3F87C1001320F29B3F98B
:101660007E601C6EEA60C7D944F242622188B4F8F9
:1016700002809142B4F804A0E788D4F80890E368A7
:10168000BAD17A1E7F2AB7D8B9F5004FB4D80393E0
:101690000CF06AF88549039B0A780290002A40F012
:1016A000AB8093464FF0000C81490298D1F894101A
:1016B000E646411A41F28830002A6CD1BCF1000F95
:1016C00001D07A490A70BBF1000F00F09D80029BA7
:1016D0000BF50048BA45C8F89430A8F892608BD250
:1016E0000BEB0A039A7C002A86D1EC2204F110014C
:1016F000012402FB0AFA9C74BBF81030A9EB0A0221
:10170000EC2A23440AF1920A28BFEC22ABF81030ED
:101710000BEB0A0013F036FBBBF80420BBF81030CB
:1017200093427FF469AF9BF81220002A3FF464AF24
:101730005B445B7C002B3FF45FAF0BF192042046CF
:10174000DBF8081000F092FBDBF80C3083426ED01F
:1017500000238BF800304FE74C4C4A4A2378012B8A
:1017600027D0002301254849524823701370057083
:101770000B6007B0BDE8F08F444C2378012B0FD0ED
:101780002378022B2AD02378002B7FF435AF012257
:10179000484B1A7030E7814290D9944672468DE7E3
:1017A000384B1B78002BEBD007B0BDE8F04FFFF7AC
:1017B000FDBB1378002BD4D0F6E70BF0D5FF062C39
:1017C00028BF06244FF0FF33A34020EA03040BF0A8
:1017D000CBFF394A431C234413600AE7FFF7ACFEF2
:1017E00000230121264A274D13702748314A2370D0
:1017F0002B7003601170FFE64988DFF8B0B04145F7
:1018000018BF4FF0000B4DE7594648F298022748A1
:10181000039313F0C4FA254A039B9346D360012334
:10182000A2F802809780C2F8089013704FE76B68A7
:10183000B8F8922001336B60DBF80830ADF8102067
:101840008DF815309AB2C3F307238DF81630522362
:10185000511D89B2B1F5006F8DF814300BD80225F7
:10186000214604AB05A80095FFF712FD134B18782D
:1018700009F068FE6CE76B6901336B61F6E700BF46
:101880007ADA01207BDA0120A03E01207DDA0120F6
:10189000A4B40020BCB50020C0B5002070DA01203F
:1018A000A8BE0120B8B50020C4B5002070080020F3
:1018B000708800207CDA01209C3E01207FDA012024
:1018C0002DE9F04F87B012F00FFA0B4645015A018F
:1018D0002D1A42EAD06262EB0302A90092000C18B2
:1018E00042EA957243EB0203D90047F61222002325
:1018F000E00041EA5471FFF7B1F984B212F0F4F953
:101900000B4645015A012D1A42EAD06262EB0302EE
:10191000A9009200081842EA957243EB0203D9002D
:1019200047F61222002341EA5071C000FFF796F9F2
:10193000B4EB104F0EBF0124030C5C40B24B1C8073
:10194000B2480FF0C9FB002800F09F80002147F645
:10195000122011F0ADFAAE480FF0BEFB002840F0A7
:101960003B82AB480FF0B8FB002840F02D82A94B1A
:1019700018680BF0CFFE07F007FF032007F0EAFF1F
:10198000A54AFF28107000F0128207F0CFFFA34A8B
:101990001060002800F00B82A14BA2491A7B009333
:1019A000012A816701D0FFF70FFC01239E4ADFF86F
:1019B0007CB2019213700BF0D7FECBF80000FFF75A
:1019C000BBFD9B4D9B4E9C4F904CDFF870A2DFF807
:1019D0007082DFF87092CDF808B012F085F92B789C
:1019E000EBB14A0143011B1A42EAD06262EB0102E9
:1019F000920042EA93729B00181841EB0201C90061
:101A0000002341EA507147F61222C000FFF726F981
:101A10003368C01A642802D900232B703B80A36866
:101A20001B68002B46D020460DF116019847002870
:101A300040D112F059F94FEA401B4FEA411CBBEB71
:101A4000000B4CEAD06C6CEB010C4FEA8B0E4FEAAA
:101A50008C0C1EEB00004CEA9B7C41EB0C01C90096
:101A6000002341EA507147F61222C000FFF7F6F852
:101A70002B783060062B17D8DFE813F0FE00380112
:101A8000BF00A7008D0070000A0007B0BDE8F08F0E
:101A90003B889DF816206C49CA5401339BB2072B32
:101AA0003B80BCD9FFF748FD00232B70A3681B685F
:101AB000002BB8D1019B1B78002B4CD0634B1B78BB
:101AC00033B1634B1B7803F0FF02002B00F05A8107
:101AD000009B1B7B022B07D05E4B1B7823B15C4B1A
:101AE0001B78002B00F0538107F00AFF584B1B783E
:101AF000022B00F02B810BF037FE42F20F72029B9B
:101B00001B68C31A934200F21C81DFF84CB1534B9F
:101B10009BF800201B789A421DD09BF80030504A59
:101B20009BF8001032F813204E4B4F4803EBC121B5
:101B3000039213F027F99BF80030013303F00303FD
:101B40008BF8003020460FF0C7FA20B1039A4648C0
:101B50001146FFF751FC11F053F83EE73B889DF822
:101B6000162009F8032001339BB20E2B3B807FF631
:101B700056AF4FF00102354B1A70009AD9F8003079
:101B80001360B9F808309380D9F80A30936099F857
:101B90000E30137386E73B889DF816203349CA54EC
:101BA000B8F8002001339BB293423B80FFF437AF7B
:101BB0002F4B1A604FF00102264B1A7000232D4A5A
:101BC0002B7013880133138029E74FF0000BB8F80E
:101BD00000309DF81620A7F800B043EA02239AF8D7
:101BE0000020A8F80030432A00F09280013B1B043B
:101BF00000F1A08004232B7011E703232B709DF8C4
:101C00001630A8F800300AE772DA012018520100F5
:101C1000AC510100800600207FDA0120A8BE01201F
:101C200090000020A11500007EDA0120983E0120DE
:101C300077DA0120808C00206CDA012076DA01202E
:101C40006EDA01208C8C0020848C00207CDA01204C
:101C50007DDA01207BDA012079DA012078DA0120AF
:101C60009C940020A49400209C8C0020A43E012081
:101C7000A03E012074DA01209DF81630542B8AF81A
:101C800000304ED0433B152B3FF6C9AE01A252F8AF
:101C900023F000BFF71C00001F1A00001F1A0000ED
:101CA0001F1A00001F1A00001F1A00001F1A000050
:101CB0001F1A00001F1A00001F1A00001F1A000040
:101CC0001F1A00001F1A00001F1A00001F1A000030
:101CD0001F1A00000B1D00001F1A00001F1A000031
:101CE0001F1A0000011D0000E91D00009DF81630BC
:101CF000582B7FF4D9AE02232B7000233B808EE655
:101D000006232B7000233B8089E6FFF72BFB86E63A
:101D10000F2B0CD003204349FFF70AFB85F800B0D6
:101D20007DE64FF001032B7000233B8077E605230F
:101D30002B7074E602203C49FFF7FAFA85F800B0F0
:101D40006DE6029B1860FFF70DFBDEE60BF00CFD65
:101D500041F28832354B1B68C31A93427FF6CBAEF3
:101D60000023334A1078334A1370334A1370334ACE
:101D70001360334A13704FF00102324B1A7007F0B0
:101D800013FEB8E62F4B1A70FFF71EFAA0E60BF011
:101D9000EBFC2D4B1B689842FFF4A6AE4FF00102FE
:101DA000244B1A70224B187807F0FEFD9CE60023A6
:101DB000264A274C01202749DFF89CB00192009465
:101DC0001370FFF7B5FAFCE54FF4B01301220521BB
:101DD0002248FFF735FBCAE54FF4D0130022032158
:101DE0001E48FFF72DFBBCE547238DF817301C4834
:101DF0000FF072F920B101210DF11700FFF7FCFA85
:101E000042F210700FF036F9BFF34F8F1549164BA1
:101E1000CA6802F4E0621343CB60BFF34F8F00BF88
:101E2000FDE700BFB45E0100BC5E0100A4BE01205E
:101E30007FDA01207DDA01207BDA0120A03E01203B
:101E40007ADA01207CDA01209C3E01207EDA012032
:101E500090000020A05E0100983E0120AC510100DE
:101E60001852010000ED00E00400FA05C0B1C1B154
:101E70004FF0FF3310B419440B4C00EB030C084433
:101E800008221CF8011F4B4003F001015B0801B15F
:101E90006340013AF8D16045F2D1D84310BC704795
:101EA00070470846704700BF2083B8ED30B500EB9F
:101EB000C10463884FEAC10C5B08B3FA83F3C3F132
:101EC0001F0300EB83052A690CF1040C1FFA81FE45
:101ED00062B901249C40C3686EF30F022343C360C0
:101EE0006EF31F42296140F80C2030BDD30004334B
:101EF000C15A20F80C1000EBC101E280A1F806E005
:101F000020F803E030BD00BFB2F5802F2DE9F0418D
:101F10003CD2042A67D9043ACE1D8C1826F0070655
:101F200024F00704A41B172C4FEAD4074CD9B7FAA6
:101F300087F24FF00008C2F12405AD000735ED0827
:101F40006B1CBB420660C2F12002C6E902782CD8A5
:101F50004146920006F1100012F021FF6A0042F0A3
:101F60000102728001227B1B06EBC50103FA02F01D
:101F7000A6F80080488026F83550335334446280F8
:101F800029463046BDE8F041FFF790BF1D4940F2B9
:101F900013231D4A1D4800F01FFE1D4800F01CFEC3
:101FA00040F21321184800F00DFE1A494FF40E7349
:101FB000154A164800F010FE174800F00DFE4FF4C9
:101FC0000E71114800F0FEFD144940F223230E4A21
:101FD0000E4800F001FE104800F0FEFD40F2232103
:101FE000094800F0EFFD0E4940F21A23064A07485F
:101FF00000F0F2FD084800F0EFFD40F21A2102481F
:1020000000F0E0FDA85F0100D45E01003C5D01002E
:10201000C05F010044600100FC5F01001860010026
:10202000D85F010000207047014B1B68184700BFB4
:10203000A0000020014B1860704700BFA0000020E6
:102040000B46002100B583B002460091024800F023
:10205000A5F803B05DF804FB292000000FB40021AF
:1020600000B585B006AB53F8042B054800910393E7
:1020700000F094F805B05DF804EB04B0704700BFC1
:1020800029200000044608B5084611461A46A04714
:102090000A4B1B781BB110F0A3FF01F093FC084919
:1020A0004FF43873074A084800F096FD074800F0DF
:1020B00093FD4FF43871034800F084FD88DA012065
:1020C0009C600100706001003C5D0100B060010097
:1020D0002DE9F84F9846304FD378924617F8039081
:1020E0006F2B06460C460A9D09F003093FD039D9EB
:1020F00003F0F703702B37D00A27BB4609E0BE4236
:10210000DBB274F100042B701FD345451DD9064680
:102110000C46304621463A460023FEF79FFD5FFA03
:1021200082FC092A05F1FF350CF13003E7D9B9F13A
:10213000010F0CBF0CF1370C0CF1570CBE425FFACB
:102140008CF374F100042B70DFD29AF800309B06F8
:1021500005D5BBF1080F0DD0BBF1100F13D02846E9
:10216000BDE8F88F582BC7D11027BB46D1E7082709
:10217000BB46CEE79AF80230284643F008038AF8B7
:102180000230BDE8F88F9AF80230284643F0100379
:102190008AF80230BDE8F88F3FBD01002DE9F04F0D
:1021A0000446107895B088B193460D461F46002628
:1021B00025280ED02946A047002807DB01360BF161
:1021C000010B9BF800000028F2D1304615B0BDE8A5
:1021D000F08F00219BF80130CDE90E11252BCDE9C0
:1021E0001011CDE9121100F0ED808E4688468A4626
:1021F00089460BF1010CA3F12002102A0AD8DFE86E
:1022000002F0D80909D509090909090909DE09DB1C
:102210000909D10029B19DF8402042F040028DF813
:102220004020BEF1000F05D09DF8402042F0200272
:102230008DF84020B8F1000F05D09DF8402042F005
:1022400010028DF84020BAF1000F05D09DF8402013
:1022500042F008028DF84020B9F1000F05D09DF83A
:10226000402042F004028DF840209DF8402002F00A
:102270004401442900F076829DF840202A2B42F048
:1022800080028DF8402000F04F82DFF878E2194696
:102290001EF803206046520748BF002216D510F8EA
:1022A000013F30391EF8038002EB820218F0040F60
:1022B00001EB42021946F2D1844507D09DF8401047
:1022C0001192D20F62F341018DF840102E2B0CBFFA
:1022D000012100219DF8412061F341028DF8412048
:1022E00028D143782A2B00F04282DFF818E2194601
:1022F0001EF80320013012F0040208BF11460ED070
:10230000002210F8013F30391EF803C002EB8202B0
:102310001CF0040F01EB42021946F2D1D10F1292C8
:102320009DF840209446C2F34002114361F3410CF2
:102330008DF840C0A3F14C0200F101082E2A00F2F2
:102340002B82DFE812F0CE0229022902290229029B
:102350002902290229022902290229022902290225
:102360002902290229022902290229022902290215
:102370002902290229022902290229022902BE0270
:102380002902FD022902ED0229022902290229025D
:10239000290229022902EB02290229022902290223
:1023A0002902DE0201211CF8013F24E74FF0010E53
:1023B000F9E74FF00108F6E74FF00109F3E74FF0B6
:1023C000010AF0E78DF843000A460B4608468E46A0
:1023D0008C460BF102089DF940909DF84010B9F130
:1023E000000FACBF4FF0FF3ADDF844A0BEF1000F84
:1023F00000F0F68057F8049BB9F1000F039707DA55
:102400004FF0FF399DF841C06FF3410C8DF841C08A
:102410004FF0000C01F00307012B0497CDF844C0E6
:10242000CDF848C000F01681022B00F08881042B03
:1024300000F0A681032B00F03C8301F00303002B86
:1024400040F026819DF84330253B532B56D8DFE8DA
:1024500013F0BA02550055005500550055005500BF
:1024600055005500550055005500550055005500C4
:1024700055005500550055005500550055005500B4
:1024800055005500550055005500550055005500A4
:102490005500550055005500550055005500550094
:1024A0005500550055005500550055005500550084
:1024B00055005500550055006D005500550055005C
:1024C0005500550055005500550055005500AF0208
:1024D0005B0055005500550055005B005500550048
:1024E0005500550093026D00880255005500790291
:1024F00055006D00550055006D001E60C346039FDA
:102500005FE600BF3FBD01000A074EBF2B23C1F3AA
:1025100000114B010493DDE90E23002B06DA524231
:1025200063EB43030F932D230E9204930DF1360BAF
:10253000CDF800B008AB10AADDE90E01FFF7C8FD29
:10254000B9F1000F07460ADB9DF840206FF38612B1
:102550008DF84020ABEB0702914500F29F81002FE0
:10256000CCD0119BD94618460593049BABEB0702D0
:1025700003B101329DF8421011F01003069300F0F0
:102580009E8002320244480644BF12981218BAF1E3
:10259000000F33DD9DF84000AAEB020A4307C0F3A9
:1025A000800B2BD4400640F18982049B002B40F025
:1025B00062810AF1FF3CBAF1000FD8BFE2462ADD82
:1025C0004FF0300A0796E346664601E08EB11646A4
:1025D00029465046A047002806F1FF32F6DAF5E515
:1025E0001CF0020F0CBF4FF0FF39DDF84890039745
:1025F0000EE74FF0FF3A079E01365E44049B002B26
:1026000000F08F8029460498A0470028FFF6DEAD31
:102610009DF842100136CA067AD40B0778D4069B7F
:102620003BB129469DF84300A0470028FFF6CEADF8
:102630000136059B002B46DDDDF814B0B34401E004
:102640005E4541D029463020A047002806F101060A
:10265000F6DABBE5C31E039F042B00F28D82DFE890
:1026600013F0030106000600E300E300039F0737B1
:1026700027F007031F46F7E80223CDE90E2303974F
:10268000DBE600230F93049B0392002B00F0908164
:10269000C345BFF433AF4FF0000929461BF8010BC7
:1026A000A047002809F10109FFF690ADC345F4D118
:1026B000B9F1000F4846FFF689AD4E441EE70B07FF
:1026C00048BF01325EE7B346002608E0294617F806
:1026D000010BA047002806F10106FFF677AD4F4534
:1026E000F4D3002E3046FFF671ADBAF1000FB344BB
:1026F00040F327820AEB0B0602E05E453FF4FEAE94
:1027000029462020A04700280BF1010BF5DA5DE5F2
:1027100029463020A0470028FFF658AD01367EE755
:10272000E2469DF8421076E79DF841300CF1010039
:1027300043F001038DF841309CF80130C6E5C31E1B
:10274000042B00F22C820FF2080C5CF823F000BF7F
:10275000A52800006D2600006D2600004B28000013
:102760004B2800006FF386128DF8402084E59DF819
:102770004130023043F004038DF841300378D9E54D
:10278000039F073727F00707D7E90023CDE90E237A
:1027900007F10803039350E680469DF840E0CEF32E
:1027A000400E9DF84110782B8C468DF8433008F18F
:1027B00001081BD86D2B00F22581692B16D8572BE9
:1027C00040F210810120A3F15802D2B200FA02F2C5
:1027D00012F4624F40F00C8140F6010912EA090F31
:1027E00040F0B18112F4043F40F031819DF8403057
:1027F00043F001038DF8403000239DF84020C1F3E1
:10280000C3006EF3410201F0040EC9078DF84020A9
:1028100002467FF5E0AD57F804ABBAF1000FC0F205
:102820000D819DF84010E1E557F804CB012A63467D
:102830004FEAEC7CCDE90E3C03977FF4FEAD5AB233
:1028400043F3C0130E920F93F7E54FF0000C039F74
:1028500057F8043B022ACDE90E3C01BF9BB20E9310
:1028600000230F930397E8E557F8043B0E93DB171B
:1028700003970F93E1E518462946A0470028FFF685
:10288000A5ACBAF1000F06F101060AF1FF3C7FF793
:1028900047AF4FF0300ACDF810B093E6A9EB020233
:1028A00011925CE69DF84330039A632B039B02F17F
:1028B00004021B680E933FF4E4AE002303920F93CF
:1028C000BBE543789DF840E0682BCEF3400E00F066
:1028D0000A8102219DF8412061F3C6028DF8412052
:1028E0005FE7BDF840204FF0010E22F4F04222F0E5
:1028F000020242F4804242F002024378ADF84020E6
:102900004FE706229DF841309DF840E062F3C60390
:102910008DF841304378CEF3400E42E70722F1E7CD
:1029200043789DF840E06C2BCEF3400E00F0E6803B
:1029300003219DF8412061F3C6028DF8412030E764
:102940000522DFE7B9F1000F0E9F80F2C280384602
:10295000FEF7A8F907EB00090020A9EB0702059094
:1029600008E60E98002840F0CB80DFF8549205224C
:10297000A9F105070590FDE50E9B07283FF6BEADC2
:1029800001A252F820F000BFFB240000E129000062
:10299000DD290000FB240000A9290000A92900006E
:1029A000FB240000FB240000F2171E605A60A5E51E
:1029B00000200E9B0122CDE904008DF820300DF19E
:1029C000210908AFD6E529462520A0470028FFF6B3
:1029D000FDABC346039F0136FFF7F3BB1E808DE5B9
:1029E0001E708BE5412B03D0453B022B3FF6FEAE1C
:1029F00004239DF842204FF0010E63F302028DF88C
:102A00004220FAE66E3BDAB20123934040F2824262
:102A100013423BD113F0240F2BD1D8077FF5E6AE3C
:102A200003239DF8422001F0780063F3020240285E
:102A300008BF4EF0010E8DF84220DEE69DF84010F2
:102A4000CAF1000A41F004018DF84010CEE49DF86F
:102A5000423060F302038DF8423001F07803402BDE
:102A600003467FF4CAAE9DF8402002438DF8402013
:102A7000C3E603239DF8422011F0780F63F30202AE
:102A800018BF4EF0010E8DF84220B6E602229DF8E6
:102A9000423062F302038DF8423001F07803402B9C
:102AA00005D19DF8403043F001038DF840300223FA
:102AB000A3E6039F57F8043B0E93D3E6BAF1000F49
:102AC0000AF1FF3CC8BF4FF0200A3FF77BADE2465A
:102AD00094E54946384612F07DF9002F3FF40EADDB
:102AE00007EB000938E701229DF8413000F10208A8
:102AF00062F3C6038DF84130837852E60422F3E78F
:102B00000DF1360B10AA0021CDF800B008ABFFF78D
:102B1000DFFABDF84220B9F1000F02F0EF0242F4F3
:102B2000F04242F010020746ADF84220BFF60CAD6D
:102B300000283FF4E3AC1198D9460590ABEB0702AF
:102B400018E55E46DAE402209DF8422060F30202B6
:102B50008DF8422001F07802402A05D19DF840000E
:102B600040F001008DF84000632BA0D1002A18BF6F
:102B70004EF0010E022340E657F804CB012A4FEA3B
:102B8000EC730F93CDF838C0634613D0022A01BF0F
:102B90000FFA8CF30E934CF3C0330F9362E6039F4E
:102BA000012A57F8043B07D1DBB20E9300230397A9
:102BB0000F9342E4039742E64FF0000C4AE600BF51
:102BC000D9600100002383F31188BFF36F8F0423C2
:102BD000184602DF704700BF0FB400B583B004A9E8
:102BE00051F8040B0191FFF72BFA03B05DF804EBE9
:102BF00004B0704708B5EFF31183202383F31288E4
:102C0000BFF36F8F01F0DCFB0248FFF727FA01F0FA
:102C100017F8FCE7DC6001002DE9F04F1446828BC9
:102C2000834612F0080C83B040F04E8102F007009A
:102C300002290746CDF804C080B254D0DBF81860F2
:102C4000002EC0F2E080411F012940F205810428D6
:102C500040F08A8122F00702DBF8005092B2ABF814
:102C60001C20002D00F0388142F02002ABF81C201F
:102C70005FB34FF00008DBF808704546C246002FEE
:102C800050D1002D4FD1BAF1000F1ED02F464AE08F
:102C9000BAF1000F02D05846BF49D047EFF3118474
:102CA000202282F31288BFF36F8F484610F090FC09
:102CB000002800F01781484610F0B0FCBBF81C203B
:102CC00022F0080292B2ABF81C20D1064DD50121AA
:102CD00022F0100292B202F0070002290746ABF878
:102CE0001C2080B2AAD100285ED1DBF80010002998
:102CF0007AD0002F40F01481DBF81010D1F800A03A
:102D0000BAF1000F00F024813D464FF006083E4620
:102D100022F0070242F00602ABF81C20DBF8087034
:102D2000002FAED0012742F008020BF114094846EB
:102D3000ABF81C2010F05AFC002800F0E18084F36E
:102D40001188BFF36F8FBFB9002DA1D0284631463F
:102D500050F8047B00F080FA044618B32946334645
:102D600042465846A0473D46EEE793063CD522F042
:102D70002002022192B2AEE7DBF808100029E3D06E
:102D80000C683346424658464F68B847002CDBD0A3
:102D9000214624683346424658464F68B847002CBF
:102DA000F6D1D1E73D46CFE702281AD001281BD142
:102DB000DBF80010C1B1012F40F0BE80DBF810102D
:102DC000D1F808A0BAF1000F00F00981002522F027
:102DD000070242F005024FF005082E46ABF81C2012
:102DE0009CE7BBF81E5015B30BF11405284610F0F4
:102DF000FDFB002800F0EA8084F31188BFF36F8F99
:102E000003B0BDE8F08F4FF00108019B22F00702EC
:102E100042F00102DBF80050CBF80430ABF81C2084
:102E2000CBF80030474529D04FF0000A76E7022F53
:102E300040F0A680DBF81010D1F804A0BAF1000F22
:102E400000F0D98022F0070242F004024FF004089B
:102E50002E46ABF81C2061E7019B0628DBF80050EA
:102E6000CBF80430CBF800300FD04FF0000822F040
:102E7000070292B24745ABF81C20D5D1002D3FF494
:102E800024AF4FF0000A57464DE74DB12846BBF836
:102E90001E10013189B2ABF81E1000680028F8D16D
:102EA00022F00701BBF81E0041F00202ABF81C2023
:102EB00089B210B14FF00208B4E741F022024FF09E
:102EC0000208ABF81C20ADE701290CBF42F010024C
:102ED00042F02002828387E7002F3FF4F6AEA84637
:102EE000AA461BE788232D4A2D482E49FFF774FE7A
:102EF00049462D48FFF770FE88212848FFF762FEFB
:102F00002A494FF49A73254A2548FFF765FE49463A
:102F10002748FFF761FE4FF49A712048FFF752FEF1
:102F200024491F484FF4AB73234AFFF755FE4FF473
:102F3000AB712148FFF746FE204919484FF4B273A0
:102F40001D4AFFF749FE4FF4B2711B48FFF73AFEE6
:102F50001B4913484FF4AD73174AFFF73DFE4FF47A
:102F6000AD711548FFF72EFE16490D4840F21B13B0
:102F7000114AFFF731FE40F21B110F48FFF722FE06
:102F80001149074840F25D130B4AFFF725FE40F256
:102F90005D110948FFF716FE25300000846101002D
:102FA0003C5D0100E4610100FC610100B4610100CD
:102FB000CC61010030610100086101006C61010019
:102FC0003C61010004AD01005461010010494FF45F
:102FD0009A73104A1048FFF7FFFD294698E70F49FA
:102FE0000D484FF4B4730E4AFFF7F6FD4FF4B47179
:102FF0000B48FFF7E7FD0949074840F26113084A0B
:10300000FFF7EAFD40F261110548FFF7DBFD00BF65
:10301000B4610100846101003C5D01003C6101007C
:1030200008610100F8B504460D4600F11406EFF3FF
:103030001187202383F31288BFF36F8F304610F07F
:10304000C7FA50B1304610F0E9FAA5613A46204679
:10305000BDE8F8400121FFF7DFBD8823064A074895
:103060000749FFF7B9FD31460648FFF7B5FD88214E
:103070000148FFF7A7FD00BF846101003C5D01002E
:10308000E4610100FC61010088B138B50C4659B11A
:103090000B684BB14B683BB105462022002111F073
:1030A0007EFE2C61002038BD6FF0150038BD6FF03A
:1030B000150070472DE9F84F002800F081800D467B
:1030C00000297DD001F1040A0446504600F0AEF814
:1030D000061E26D1AB68032B72D804F11409EFF356
:1030E000118B202383F31288BFF36F8F484610F0B3
:1030F0006FFA804600286AD0484610F08FFA4FF6E3
:10310000FF72E38BA78B934207F007073FD0022F94
:1031100039D0062F48D8DFE807F00842474708199A
:103120000800DADA3046BDE8F88F00232B606368C8
:1031300093B31D606560002F45D13E4620465A4638
:103140000221FFF769FD3046BDE8F88F6FF0850674
:103150004FF00008484610F049FA002845D08BF39C
:103160001188BFF36F8FB8F1000FDBD050460021FC
:1031700000F072F880460028D4D03A46294620460E
:103180000023C047CEE701333E46E383E2E76FF01A
:103190000A064FF00008DDE725606560CBE76FF0B9
:1031A00004064FF00008D5E7184919484FF4E473B6
:1031B000184AFFF711FD4FF4E4711648FFF702FDBE
:1031C0006FF01506AEE73E464FF00008C2E78823D1
:1031D000114A0F481149FFF7FFFC49461048FFF715
:1031E000FBFC88210C48FFF7EDFC4FF49A730A4A68
:1031F00007480C49FFF7F0FC49460B48FFF7ECFC89
:103200004FF49A710448FFF7DDFC00BF6C610100C8
:103210003C5D01000861010084610100E46101007E
:10322000FC610100B4610100CC610100034640B1C2
:10323000426802F00302022A06D0032A04D0012ABF
:1032400005D06FF0150070471A68002AF9D00022E7
:1032500010469A60704700BF08B54268034602F006
:103260000302022A81600DD0032A16D0012A11D050
:103270000C490D4845230D4AFFF7AEFC45210B488C
:10328000FFF7A0FC006800225A6008B110F028FF88
:10329000002008BD00224260FAE7006800225A6060
:1032A00008BD00BF04AD01003C5D010014620100D7
:1032B000704700BF0346024A00201A60704700BFF3
:1032C0003C620100036A1BB11B7900200B70704740
:1032D0006FF05700704700BF70B5066A04460D4690
:1032E000B6B103233371036A33B1DB6823B11B6AC0
:1032F0001B790BB1002070BD03212046A847002890
:1033000013DB012120463171A8470023337170BDC2
:103310000321A847002802DA10F1860FEBD12046DE
:103320002B46BDE870400121184710F1860FE8D008
:1033300070BD00BF036A1B7903F0FD03012B14BFAE
:103340006FF00F000020704711F029BD11F01ABD79
:1033500008B50348034A0021121AFFF7F5FF08BD1C
:10336000700800208CDA0120074808B5074A084990
:10337000121AFFF7EBFFBDE808400648064A074966
:10338000121AFFF7E3BF00BF000000206C08002006
:1033900074BE0100000000200000002074BE010087
:1033A00038B505460C4699B1D1E9012312480968A0
:1033B000FEF754FED4E90423E1681048FEF74EFE00
:1033C000E1690F48FEF74AFEA1690E48FEF746FE86
:1033D000012D05D021462846BDE838400DF094BEA9
:1033E000EFF3058108481039FEF738FE21462846DC
:1033F000BDE838400DF088BE3C6201006C620100FF
:103400009C620100AC620100DC62010001460068C0
:10341000FFF7C6BF08B500F005F8BDE8084000F0AA
:1034200005B800BF30BFFFF7FDBF00BF054B5A69AD
:103430009B689A4204D0044A536843F08053536017
:103440000EF0FEBB0CDA012000ED00E008B52E48BE
:10345000FEF704FE2D4B9B6A980120D42B4B1D20B8
:103460009B6AD90123D4294B9B6ADA0227D4274BC4
:103470009B6A1B032BD4254B9B6A59032FD4234BE8
:103480009B6A9A0333D4214B9B6ADB0337D41F4AD0
:10349000936A6FEA03436FEA1343936208BD1C48C3
:1034A000FEF7DCFD194B1E209B6AD901DBD51948BC
:1034B000FEF7D4FD154B1F209B6ADA02D7D51648BC
:1034C000FEF7CCFD114B02209B6A1B03D3D513489A
:1034D000FEF7C4FD0D4B21209B6A5903CFD5104840
:1034E000FEF7BCFD094B22209B6A9A03CBD50D4801
:1034F000FEF7B4FD054B23209B6ADB03C7D50A48C2
:10350000FEF7ACFD2420C2E7F062010000ED00E010
:103510000C630100206301003C630100686301004B
:1035200088630100B0630100CC63010070B50546FB
:1035300028480C46FEF792FD274B9B6AD80439D4E5
:103540001623254A926A11052FD4234EB26A92059A
:1035500022D4214A926A500519D41F4A916AC9059A
:1035600010D4926A920408D4184600211A4A936A29
:1035700043F47F439362217070BD1848FEF76EFDDF
:103580001C20F2E71648FEF769FD1B20EDE7154801
:10359000FEF764FD1A23E0E71348FEF75FFDB16B09
:1035A000B36A1B040BD41923D3E71048FEF756FD6A
:1035B0001823CAE70E48FEF751FD1723C1E70D484F
:1035C000FEF74CFD002DEED0B36A23F40043B36246
:1035D000E9E700BFF863010000ED00E0A46401002A
:1035E000886401006C6401003864010024640100F7
:1035F000106401005464010070B5054639480C465A
:10360000FEF72CFD384B9B6AD9062BD4364B102085
:103610009B6A1A072ED4344EB36A9B0732D4324BBE
:103620009B6ADA0737D4304B9B6A9B063BD42E4B00
:103630009A6AD60602D49B6A9D0703D52A4B9B6AD9
:10364000D9063FD4284B9A6A920603D55A6A22F4C7
:1036500000525A620021244A936A43F0FF039362A6
:10366000217070BD2148FEF7F9FC1F4B11209B6AA9
:103670001A07D0D51C4E1E48FEF7F0FCB36A122084
:103680009B07CCD51B48FEF7E9FC716BB36A1806A3
:103690000ED41320C3E71848FEF7E0FC124B1420A9
:1036A0009B6A9B06C3D51548FEF7D8FC1520BEE7DC
:1036B0001348FEF7D3FC002DEBD0B36A23F0800350
:1036C000B362E6E70F4940F22D130F4A0F48FFF7A8
:1036D00083FA0F48FFF780FA40F22D110A48FFF7EE
:1036E00071FA00BFD464010000ED00E0EC64010059
:1036F000246401002065010054650100A4640100F8
:103700003C650100A8650100746501003C5D010095
:10371000F465010070B57E4B8AB05E680023C6F385
:10372000080C83F31188BFF36F8F02F07F44B4F16C
:103730007F4F40F0AE8002F00C04082C00F0A68011
:1037400014074BBF0C4604461D460125002C00F013
:10375000A0800022ACF103038DF80720092B06D8C6
:10376000DFE803F02E677B73050505050577694BD8
:1037700016F4F87F6849694818BF1946ACF1100281
:10378000FEF76CFC002620686168A268E3680DF112
:10379000080CACE80F0020696169A269E369ACE834
:1037A0000F00002D60D0C3F3080240F2FF110AB9E8
:1037B0000B430993304602A9FFF7F2FD0AB070BD32
:1037C0005748FEF74BFC0023514E8DF80730F36A43
:1037D0009A0750D4F36A002B6ADBF36A5B0078D552
:1037E0005048FEF73BFC7369A26943F48073736130
:1037F000BFF34F8FBFF36F8F736932F8022C23F43E
:1038000080737361BFF34F8FBFF36F8F4DF60273F9
:103810009A4251D0B36ADBB28BBBB36A13F47F4FC9
:1038200050D1B36AB3F5803F62D3FFF70FFE06466F
:1038300005E000200DF10701FFF7DEFE06469DF8CA
:103840000730002B9FD00AB070BDFFF7FFFD064682
:1038500099E73548FEF702FC94E700200DF10701D7
:10386000FFF764FE0646EAE7099B23F4FF7323F0A3
:10387000010309939EE72D48FEF7F0FB82E7012044
:103880000DF10701FFF7B8FE0646D8E72848FEF716
:10389000E5FB284940F21443274A2848FFF79CF9E2
:1038A0002748FFF799F940F214412348FFF78AF9B6
:1038B0002448FEF7D3FB65E721682348FEF7CEFBDB
:1038C0002668BCE701200DF10701FFF72FFE064631
:1038D000B5E71E494FF43C73174A1848FFF77CF9C7
:1038E0001B48FFF779F94FF43C711348FFF76AF969
:1038F000164940F2ED23104A1048FFF76DF91548BC
:10390000FFF76AF940F2ED210B48FFF75BF900BFC2
:1039100000ED00E0706601005866010014680100C7
:103920000C67010058670100EC6701002467010083
:103930008C660100B8660100746501003C5D010001
:10394000CC660100486701007867010004AD010002
:10395000BC67010098670100064B5A6942F01002EB
:103960005A615A6942F480625A615A6922F0080227
:103970005A61704700ED00E0EFF30880EFF3098132
:1039800001B57246FFF7C6FE01BD00BF0B4880F3CC
:1039900008880AF01DFD202080F3118808484FF4A4
:1039A0000061401880F30988EFF314800221084376
:1039B00080F31488BFF36F8F00F0D2F8D0F30120AA
:1039C00090DA01200A4B9B68834201D00FF00EBBB6
:1039D000EFF30583002BF9D0064B5A6842F0805272
:1039E0005A605A6A22F400425A620FF0FFBA00BFCE
:1039F0000CDA012000ED00E014498A684FF0300035
:103A00001044EFF3098C80E8F01F202080F3128827
:103A1000BFF36F8F0E4F4FF000664A698A603E60B9
:103A2000D2F8AC000023C2F8AC3080F3118802F168
:103A3000300090E8F01F8CF3098802F1000004B513
:103A400000F0CAF8BDE80440704700000CDA01201D
:103A500004ED00E01EF0040F0CBFEFF30880EFF35D
:103A60000980816911F8021C0229FFD001B5724654
:103A7000FFF7CCFC01BD00BF00B2002807DB01232B
:103A800000F01F01024A40098B4042F82030704785
:103A900000E100E000B200280CDB012206494309E6
:103AA00000F01F002033824041F82320BFF34F8FE6
:103AB000BFF36F8F704700BF00E100E00123054AAC
:103AC000410952F8212000F01F0003FA00F01040D5
:103AD000704700BF00E100E038B54B1C072B0446DF
:103AE00011D800B25B010028DBB206DB00F16040B8
:103AF00000F5614080F8003338BD0B4A00F00F003C
:103B00000244137638BD0D466B23084A084909481C
:103B1000FFF762F82946084807232246FFF75CF8BA
:103B20006B210248FFF74EF8FCEC00E0286801002A
:103B3000606801003C5D01007C68010000210120FB
:103B4000FFF72EBC044B054A23F07F039360BFF3BD
:103B50004F8FBFF36F8F70470000000000ED00E053
:103B600008B5FFF7EFFF0B4AD2F8883023F4700353
:103B7000C2F88830EFF3148323F0040383F314882E
:103B8000BFF36F8FFFF7E4FBFFF7EEFB00F076F873
:103B90000DF0AEFB00ED00E030B44FF08075002476
:103BA00042F8203C029B0B4942F81C3C039B21F04D
:103BB000010142F8183C049B42F8045C42F8143CB2
:103BC000A2F1200342F8081CC0F8AC40036530BCE9
:103BD000704700BF85200000D0F89C3083F30B882D
:103BE000704700BF6FF08500704700BF00B50C4BF9
:103BF0000E4698601546D0F89C3083F30B882C460F
:103C000086F309880020044B9847204600210022B3
:103C10000023024C20470000253C000085200000C6
:103C20000CDA012061B662B680F31188BFF36F8FA2
:103C3000704700BF1022014B1A61704700ED00E091
:103C400072B6002383F31188BFF36F8FBFF34F8FDA
:103C500030BF62B6BFF36F8F704700BF72B60023EC
:103C600083F31188BFF36F8FBFF34F8F20BF80F3B3
:103C70001188BFF36F8F62B6704700BF00234FF00B
:103C8000200C40F20F100449CA180133834282F815
:103C900000C3F9D1704700BF00E100E008B5EFF3C1
:103CA0000583064A103B02EBC30152F83300496812
:103CB0008847BDE80840FFF7B9BB00BF3853010093
:103CC00040E800F313F4803FD8B208BF6FF015004E
:103CD000704700BF10B50A4C84B023460121094843
:103CE000094A00F0EFF80022084B0121E41A01A86C
:103CF000CDE90134039200F009F904B010BD00BF12
:103D000000F00220BC6801000000002070080020C4
:103D100010B5134C0B89D1F800C0D4F890202CF0CA
:103D20001F0EC2F3072203F01F0C4B68013A013B40
:103D300090424989734410D801F0070123F01F0312
:103D400043EA41034CEA0E0243F00103C4F8980031
:103D5000C4F89C20C4F8A03010BD6FF0150010BD51
:103D600000ED00E02DE9F84F154671B18046074699
:103D70004FF0000901EB41047E68002E76D01F2E23
:103D800001D9F30604D06FF015052846BDE8F88F79
:103D900058F829A01AF01F0FF5D15046FFF790FFF1
:103DA00003460AF1FF3030441E46FFF789FF864282
:103DB000E9D116F1160FE6D0B542E4DD404BC3F869
:103DC0009860D3F89C00C3F8986058F829107A6876
:103DD000D3F8A0A020F01F000A4488424AF01F0A2E
:103DE00002F1FF3B52D0C3F89860D3F8A02001390C
:103DF00021F01F0102F01F020A43DA453946E8B2FA
:103E0000C3F8A0203AD0FFF783FF10F1160FBAD005
:103E10002B49451CC1F898607A6858F82930D1F8C8
:103E20009C60134423F01F00D1F8A030D1F890C05B
:103E30000AF1FF3ACCF3072CEDB20AEB00020CF1C9
:103E4000FF3CA2EB0B02654522F01F029BD803F05A
:103E50000E03134306F01F02024343F00103C1F8AF
:103E60009850C1F89C200135C1F8A03009F1030930
:103E7000A14507F10C077FF47FAF86E7FFF748FF06
:103E800010F1160F3FF47FAF451CEFE7DA4512D073
:103E9000C3F89860D3F89C1022F01F0201F01F01B4
:103EA0000A43E8B23946C3F89C20FFF731FF10F10E
:103EB000160FE9D167E73946F0B2FFF729FFD5E7DA
:103EC00000ED00E038B50C4D0C462A78FFF74AFFAC
:103ED0002870163000D038BD40F28313074A0848D6
:103EE0000849FEF779FE21460748FEF775FE40F2C5
:103EF00083110248FEF766FE80DA0120C8680100DF
:103F00003C5D010004AD0100F868010000295ED0AD
:103F10002DE9F84F884606464FF0000A2C4CDFF892
:103F2000B4B02BE015F1160F44F8045C3DD02A4BD9
:103F30001B78AB4239DDCBF89850CBF89850DBF8C2
:103F40009C20237A62F304032372DBF8A030227AE8
:103F50005B0863F347122272DBF89C3023F01F03E7
:103F60002360DBF8A03023F01F03E3600AF1010AAD
:103F7000C24506F10C0604F1140426DA7768002F16
:103F8000F4D0D6F800904846FFF79AFE054607EBB6
:103F900009000138FFF794FE8542C3D06FF0150287
:103FA0000E4B0AEB8A0A43F82A2040F293130C4A7C
:103FB0000C480D49FEF710FE41460C48FEF70CFE7A
:103FC00040F293110648FEF7FDFDBDE8F88F7047FB
:103FD000B0BE012000ED00E080DA0120ACBE01207F
:103FE000C86801003C5D010004AD010024690100C6
:103FF0002DE9F04F874C884AD4F890301568C3F308
:1040000007239D4283B000F2F080BFF35F8F00264C
:10401000824BC4F89460C4F8C030DDB15168087AAE
:10402000CB680A68470923F01F03C4F8986022F0A0
:104030001F0200F01F0043EA47030136024343F02A
:104040000103AE42C4F89C2001F11001C4F8A03075
:10405000E5D1F5B2724E01A83570FFF72BF90028B3
:1040600000F0B0804FF0000E96F80080F446424613
:10407000019C6C4F674D32E0B3F5001F29D1616898
:10408000A36821F01F01013B0B4419F0010F23F03D
:104090001F0340F099804FF0020A4FF0010BD5F852
:1040A0009090C9F3072909F1FF394A4535D84FF0F7
:1040B000010E43EA4A0341EA0B0143EA0E0302EB15
:1040C0000E09C5F89820C5F89C105FFA89F2C5F86A
:1040D000A0300CF1010C604504F110044DD0D4F86F
:1040E0000C9009EA0703B3F5800F39D028D8B3F54F
:1040F000801FC1D1D4E901134FF0010AD5F8909087
:1041000021F01F01C9F30729013B09F1FF390B44D5
:104110004A45D34623F01F03C9D9BEF1000F00D092
:104120003270414940F22623404A4148FEF754FD8F
:104130004048FEF751FD40F226213C48FEF742FD83
:10414000B3F1006FC5D1D4E9011321F01F01013B88
:104150000B444FF0030A4FF0010B23F01F039EE7BF
:10416000D4E9011321F01F01013B0B444FF0000A79
:104170004FF0020B23F01F0391E7BEF1000F1FD099
:1041800032702449D1F89030C3F307239A420BDAF6
:104190000020C1F89820C1F8A000D1F89030013279
:1041A000C3F307239342F4DC05221A4BC3F894208F
:1041B000BFF34F8FBFF36F8F002003B0BDE8F08FC8
:1041C0004246DEE73278DCE7BEF1000F00D0327005
:1041D00019498323154A1648FEF7FEFC1748FEF7D7
:1041E000FBFC83211148FEF7EDFC4FF4FE730F4AF0
:1041F0000D490F48FEF7F0FCD4F8902029461048EE
:10420000C2F30722FEF7E8FC4FF4FE710748FEF701
:10421000D9FC00BF00ED00E00C6A0100AAFF4400D9
:1042200080DA01200000F0FF04AD0100C868010041
:104230003C5D0100E069010088690100B06901008E
:104240005469010008B50B4BC3F1005303F53C332F
:10425000B3F5006F01D3002008BD07499223074A38
:104260000748FEF7B9FC0748FEF7B6FC9221034861
:10427000FEF7A8FCC4440220746A0100446A0100ED
:104280003C5D0100BC6A01004FF0FF30704700BF89
:10429000014B1860704700BFA400002030B4084CE8
:1042A000084D2368C5F10051C21801F53C318A421E
:1042B0003ABF226058194FF0FF3030BC704700BF42
:1042C000C0BE0120C444022028B14FF0FF324FF09D
:1042D000FF330DF0E3B80649064840F2C71310B5A6
:1042E000054AFEF779FC40F2C7110348FEF76AFC65
:1042F000446B01003C5D0100446A010008B10DF00F
:10430000ABB908B50549064840F2E313054AFEF784
:1043100063FC40F2E3110348FEF754FC446B0100D8
:104320003C5D0100446A0100154B164A10B51A6045
:1043300000F0B2F84FF47A6C134B144CD3F82426E7
:104340004FF4FA20C2F309430CFB03F3C2F3080253
:1043500082F48072883204FB02330D495B00A1FBBA
:1043600003120121D20B00FB1233B3F57A3F094B44
:1043700028BF0132C3F80429C3F80016002010BD7D
:10438000840600200020A10700C0FF001027008045
:10439000D34D62100000125058B1064B06491B68FD
:1043A000064AA1FB03139B0C03FB00F042F0010241
:1043B000104770478406002083DE1B43B05C010079
:1043C000BFF34F8F0549064BCA6802F4E0621343FE
:1043D000CB60BFF34F8F00BFFDE700BF00ED00E0F3
:1043E0000400FA05F0B5064683B00D461746204C8A
:1043F00020460CF071FE00B3AAB2A3681B6853B349
:10440000204631469847002802DB002003B0F0BD6B
:10441000002FFBD1002DF8D03C462F1B042F28BFC6
:10442000042702F06DFC3A46019001A930193C4482
:1044300010F0A8FCA542F0D8E7E714230D4A0E4976
:104440000E48FEF7C9FB21680D48FEF7C5FB142195
:104450000848FEF7B7FB0B495D230B4A0748FEF7F8
:10446000BBFB0A48FEF7B8FB5D210748FEF7AAFB35
:10447000D0510100986B0100D46B01003C5D01003C
:10448000F46B0100486C0100146C0100686C0100C1
:104490000022FFF7A7BF00BF0122024BC3F804248C
:1044A000704700BF002008E00B460069DBB2002126
:1044B00000EB4310104700BF00200AF097B900BF7F
:1044C00010B5EFF31184202383F31288BFF36F8FAD
:1044D000094A136823F00201DB07116004D584F355
:1044E0001188BFF36F8F10BD01200AF00FFA84F31B
:1044F0001188BFF36F8F10BD30BF012000200AF07C
:1045000005BA00BF10460DF0A1B900BF00B587B0D5
:1045100004AB0022CDE904330123CDF800D0CDE96E
:104520000223CDF804D00369C9B2EFF3118C202225
:1045300082F31288BFF36F8F01EB410203EB82031A
:104540009A6C02F0070EBEF1010F0ED002F0C0020D
:10455000802A8CF31188BFF36F8F0CBF6FF0770048
:104560004FF0FF3007B05DF804FB80229A648CF3B3
:104570001188BFF36F8F084AC3F844D01A644368A8
:1045800053F83130984743F60952002368460DF03E
:1045900003FA07B05DF804FB05450000C9B2012924
:1045A00008B508D8036901EB410103EB8103986C5E
:1045B00000F0070008BD054905487F23054AFEF7BE
:1045C0000BFB7F210348FEF7FDFA00BFD06C010012
:1045D0003C5D0100906C0100064C08B50649074897
:1045E00040F2D1132246FEF7F7FA40F2D1112046ED
:1045F000FEF7E8FA906C0100D06C01003C5D010010
:10460000194A70B5831AC3F34713012B2AD80546FC
:104610000E46EFF31181202080F31288BFF36F8FD5
:1046200003EB430002EB800CDCF8482012F080041E
:1046300011D10122CCF8482081F31188BFF36F8F8C
:104640000A4A02EBC3035B68984721462846334673
:10465000BDE87040184781F31188BFF36F8F4FF0AA
:10466000FF31F3E7FFF7B8FFD8BE01201C6D010052
:1046700070B500220121044640F20510FFF72CFA24
:104680000F480AF071F80F4B984215D10AF07EF8E6
:1046900025690D492846FEF7F7FC00280BDB0126AB
:1046A000AE642469084904F12000FEF7EDFC0028FF
:1046B00001DB0020666570BD6FF0040070BD00BFB7
:1046C0001D4700000000AD0B006D010030B4002458
:1046D000104B00EB400203EB8203D3E9105201467A
:1046E0001C64EFF31180202484F31288BFF36F8FD2
:1046F0009C6C04F0C00444F002049C6480F31188B4
:10470000BFF36F8F1DB12B4630BC0348184730BC38
:10471000704700BFD8BE01204051010008B50628EF
:104720001CD8DFE800F009090A0F04090900114B41
:10473000986C10F0070001D008BD0120BDE80840CA
:10474000FFF7C4BF0C490D4840F2FB230C4AFEF7AB
:1047500043FA40F2FB210A48FEF734FA06490748BB
:1047600040F20533064AFEF737FA40F205310448B5
:10477000FEF728FAD8BE012004AD01003C5D01001F
:10478000906C010010B4EFF31180202181F31288A6
:10479000BFF36F8F164A136843F002041460DA0700
:1047A00007D480F31188BFF36F8F012010BC0AF08B
:1047B0001DB8104BD3F80C34DB03F2D5EFF31184A2
:1047C00081F31288BFF36F8F0B4A936C03F0C00321
:1047D00043F00203936484F31188BFF36F8F80F377
:1047E0001188BFF36F8F002010BCFFF76FBF00BFB1
:1047F00030BF012000E01050D8BE012010B5C9B272
:104800000129026922D8EFF3118C202383F3128847
:10481000BFF36F8F01EB410302EB8302936C13F044
:10482000400406D08CF31188BFF36F8F4FF0FF3038
:1048300010BD012393648CF31188BFF36F8F43681D
:1048400003EBC1035B689847204610BDFFF7C4FE29
:1048500038B5C9B20469EFF3118E202585F31288AB
:10486000BFF36F8F01EB410504EB850CDCF848408A
:1048700004F00705012D0CD004F0C004802C8EF349
:104880001188BFF36F8F0CBF6FF077004FF0FF30D0
:1048900038BD8024CCF848408EF31188BFF36F8F69
:1048A000CCE91023436853F831309847002038BDD5
:1048B0001A4B10B5C21A0C46C2F34712EFF3118C13
:1048C000202181F31288BFF36F8F02EB420103EBCB
:1048D0008103996C01F0070EBEF1010F0FD001F0BA
:1048E000C00140298CF31188BFF36F8F2346BDE8C8
:1048F00010400CBF6FF077014FF0FF311847402197
:1049000099648CF31188BFF36F8F054805491864CB
:104910005C6451F83220BDE810401047D8BE012039
:10492000A94400001C6D01002DE9F0410124064658
:10493000444BD3E8EF2FC3E8E14F0029F9D1002A17
:104940004DD0002E49D0731E012B6ED8012E06D1FA
:104950003D4BD3F8503403F00303012B3DD00DF051
:1049600057F9054618B9394B1B78002B4CD1EFF39A
:104970001187202383F31288BFF36F8F0125324CF8
:10498000DFF8CC80D4F84C24D4F84C34D20305D5CD
:1049900003F00303012B1BD0012E19D0002D39D0B9
:1049A0003846FFF75BF9D4F8403413F0FF03E9D140
:1049B000D4F80821002AE5D001222021C4F80831CA
:1049C000D4F80831C4F84024C8F8A0112261D9E70E
:1049D0002DB387F31188BFF36F8FBDE8F0811D49B8
:1049E0001D484A60CA608C60FEF764FB0028A8DAA4
:1049F0001A491B484FF429731A4AFEF7EDF84FF491
:104A000029711848FEF7DEF804220F4B0746C3F859
:104A10000823B4E7002120200EF04AFAC3E704225D
:104A2000094BC3F80423BDE8F0810F490C4840F25C
:104A3000B6230C4AFEF7D0F840F2B6210948FEF73B
:104A4000C1F800BFD4BE012000E0105088DA012078
:104A500000E100E0C4BE0120F8BE0120F46C0100BA
:104A60003C5D0100906C010004AD01000A2838B5DE
:104A7000044607D0074DAB6806485B68E1B298472B
:104A8000204638BD034D0D21AB6828465B6898472A
:104A9000F1E700BF1852010008B507480CF01CFBF5
:104AA00038B10648FFF7F4FB0448FDF7C3FA0020CD
:104AB00008BD6FF0120008BD185201006D4A0000D9
:104AC00038B508461446EFF31185202383F3128886
:104AD000BFF36F8F11460AF0DDF885F31188BFF33D
:104AE0006F8F064B984201D1204638BD044B984247
:104AF00014BF6FF00A006FF0150038BD0000AD0B59
:104B00000400AD0B08B50AF0A5F8034B984214BF9A
:104B10006FF00400002008BD0000AD0B084610B582
:104B20001146EFF31184202383F31288BFF36F8FB4
:104B30000AF0B0F884F31188BFF36F8F064B9842E8
:104B400008BF002000D110BD043398420CBF6FF0A5
:104B500015006FF00A0010BD0000AD0B0023024AE3
:104B60000020C1E90023704700501600004870473C
:104B7000306D01000123024808601360704700BFD8
:104B8000386D010010B5094CA1420BD8C1F5B21C1B
:104B90000CF5805C634510461A4603D810F0F2F815
:104BA000002010BD6FF0150010BD00BFFF4F1600B4
:104BB00008B50122044811460CF034FE034B044AA8
:104BC0000020C3F80C2508BD34BF012000B00450FC
:104BD00080000080214B98420BD8C0F5B21303F53A
:104BE00080539A4270B5064614462ED822B900204A
:104BF00070BD6FF0150070470D464FF0FF324FF05B
:104C0000FF3317480CF0C8FE40F20112154BC3F8F1
:104C100000252246E5B12946304610F0B3F8BFF32F
:104C20005F8F104BD3F81824D10705D4220703D087
:104C300001229A60BFF35F8F4FF48072094BC3F873
:104C4000002507480CF002FED1E76FF0150070BD9B
:104C5000FF21304610F0A3F8E1E700BFFF4F160038
:104C600034BF012000B0045008460021FFF7B2BF56
:104C7000084611461A4609B1FFF7ACBF6FF01500A0
:104C8000704700BF03465B6800205B68DB680B6011
:104C9000704700BF034610B45B6802EA01045B681A
:104CA00021EA02015C609960002010BC704700BFDF
:104CB00003465B6800205B685960704703465B6889
:104CC00000205B6899607047034610B45B68002061
:104CD0005A68136821EA03040B405460936010BCC7
:104CE000704700BF0020704738B5046900293AD0EA
:104CF0004B685BB365684DB18D421DD02B4601E01A
:104D000099420CD018461B68002BF9D1DAB10D601E
:104D1000A36861600BB1002038BDA160FBE70B68A0
:104D20000360A368994205D000230B60002AF2D0EB
:104D30006568ECE7A060F7E7A0680B6881426360F4
:104D4000F2D1A360F0E76FF0150038BD0C49502395
:104D50000C4A0D48FDF740FF0C48FDF73DFF502180
:104D60000848FDF72FFF0A494F23064A0648FDF77A
:104D700033FF0848FDF730FF4F210248FDF722FFBF
:104D8000B46D01005C6D01003C5D0100C86D010067
:104D9000986D0100A46D010070B5456804462B694B
:104DA0002BB1103528460AF065FE064628B120468C
:104DB000BDE870401149FEF78FBA014628460AF057
:104DC0000DFE0F4B984215D1284632460D490AF088
:104DD000BFFD32460121DB20FEF77EFE3246012177
:104DE00040F20D10FEF778FE2046BDE87040034902
:104DF000FEF772BA6FF0040070BD00BFE54C000012
:104E00000000AD0B095000002DE9F043476801F0A8
:104E10001F063B7B154646EA431640F20633D00692
:104E200048BF032205EA030458BFC2F3401287B00B
:104E3000B4F5837F8C468DF8032000F0C18028D81C
:104E4000062C00F0A88067D9B4F5807F68D10124D2
:104E50000123290303FA0CF32ED4680344BF7968B5
:104E60008B603B696BB31037314638460DF1020257
:104E70000AF080FD15F4403F804654D13146384653
:104E80000AF006FE564B984572D0002007B0BDE8E8
:104E9000F08340F202218C427BD0B4F5407F08BF02
:104EA0000524D5D0B4F5007F3AD1012329034FF072
:104EB000040403FA0CF3D0D579684B603B69002BEE
:104EC000D1D15F2E4FEA56137CD8464906F01F0613
:104ED00051F82310F140C90774D5012B7ED0424907
:104EE0004248022B18BF014601EB860185F480364B
:104EF000D1F88000C6F30046C5F3404343EA4603B9
:104F000020F4706043EA820320F00F0043EA042398
:104F10000343C1F88030B8E7002C99D0022C97D019
:104F20006FF01500B2E74FF0000901AB314638468B
:104F300003AA0493CDE90199CDF80C90CDF8149013
:104F40000AF0FAFA264B9842EAD115F4003324D13C
:104F5000CDE9043331460DF10303384603AA039328
:104F60000AF0EAFA1E4B9842DAD11D4B98458CD1D3
:104F700038469DF802100AF08DFD404585D01C4949
:104F80001C48EE231C4AFDF727FEEE211A48FDF7C8
:104F900019FE06245CE708245AE79DF8030085F40F
:104FA0008035C5F300458DF80E004B463146384636
:104FB00003AA8DF80C408DF80D500AF0F9FBD1E7EB
:104FC000092445E70D490B4840F2C7330C4AFDF769
:104FD00003FE40F2C7310A48FDF7F4FD094983E7B3
:104FE0000000AD0B846E01000004055000A01050BD
:104FF000646E01003C5D0100386E0100146E01001A
:10500000E06D010000820D504309022B70B51CD0E9
:10501000012B14D0C3B9154B154E5968A1B1012508
:1050200000F01F000C6885408A682A4003D04B6856
:1050300073B1304698473CB121462468F4E70D4BE4
:105040000D4E59680029EAD170BD0C4B0C4EE4E7B7
:105050000C4974230C4A0D48FDF7BEFD0C48FDF7C2
:10506000BBFD74210848FDF7ADFD00BF4CBF01201A
:105070006451010058BF01208851010064BF012024
:10508000AC510100786E01005C6D01003C5D0100D7
:10509000C86D0100F0B5406801F01F05067B04698A
:1050A00087B045EA4615002C00F09B80B2F5001F42
:1050B00000F081800024B2F5800FCDE9014458D082
:1050C000B3F1C06F75D0B3F1007F14BF0123022389
:1050D0008DF8043001AB0493002303930593836898
:1050E00003AFCB40DC0702D4B2F1A07F1BD000F1AC
:1050F0001004294620460DF103020AF03BFC3F4B09
:105100000646984242D03A46294620460AF014FA0A
:105110003A4B984262D10122294620460AF0D2FC3D
:10512000002007B0F0BD5F2D4FEA551348D8344931
:1051300005F01F0251F82310D140C90740D5012BBB
:105140004AD03049304C022B18BF2146203251F84A
:105150002230DB07CBD400F110040DF103063246F8
:10516000294620460AF006FC284B98423CD002967D
:10517000C9E7B3F1007F0CBF0423052301AACDE9E1
:105180000424039403AF8DF80430B0E720469DF863
:1051900003100AF07FFCB042B5D01D491D4840F213
:1051A000DF131D4AFDF718FD40F2DF111A48FDF725
:1051B00009FD03238CE7294610300AF059FDAFE7BB
:1051C0001649144840F2C733154AFDF705FD40F271
:1051D000C7311348FDF7F6FC1249B7E76FF0150029
:1051E0009FE76FF085009CE7314620460AF05EFCA1
:1051F000024B9842BBD06FF00B0092E70000AD0B62
:10520000846E01000004055000A010500400AD0B96
:10521000646E01003C5D0100386E0100146E0100F7
:10522000E06D010000820D5010B582B0154C204693
:105230000BF052FFA0B1D4E901321B6821699B0732
:10524000019210D50B68002223F002030B60019B32
:10525000012120461B68984700EAE07002B010BDAB
:105260006FF01200FAE7084940F21143074A084874
:10527000FDF7B2FC0748FDF7AFFC40F211410348CF
:10528000FDF7A0FC645101004C5E0100CC5C010004
:105290003C5D01008C5E01004368136090F808C01B
:1052A00003EBCC0C63451DD293F805C008338C4545
:1052B00016D000B504E093F805C008338C450CD037
:1052C000136090F808C0D0F804E00EEBCC0C6345F6
:1052D000F1D36FF001005DF804FB00205DF804FBE2
:1052E000002070476FF00100704700BF002900F0F8
:1052F0001B822DE9F04740F2FF1EBA4D00EB810101
:1053000050F8043BC3F3C32CBCF1080FC3F30804EB
:1053100000F2E281744515F80C604FEA136C57D027
:10532000BCF14E0F50D8DFE81CF0D101C1010E01D5
:10533000F700BD01C401F7004F004F004F004F00C0
:105340004F004F004F004F004F004F004F004F00E5
:105350004F006D0196014F004F004F004F004F006E
:105360004F004F004F004F004F004F004F004F00C5
:105370004F004F004F004F004F004F004F004F00B5
:105380004F004F004F004F004F004F004F004F00A5
:105390004F004F004F004F004F0099014F004F004A
:1053A0004F004F004F004F004F004F004F004F0085
:1053B0004F004F004F004F004F004F004F004F0075
:1053C0004F004F004F000E016FF08500BDE8F087E1
:1053D000BCF14E0FF8D801A353F82CF0B9560000D9
:1053E0000B570000C3560000DF560000ED560000CA
:1053F000B9560000DF560000C9530000C953000031
:10540000C9530000C9530000C9530000C95300002C
:10541000C9530000C9530000C9530000C95300001C
:10542000C9530000C9530000C953000001570000D0
:10543000F7560000C9530000C9530000C9530000CB
:10544000C9530000C9530000C9530000C9530000EC
:10545000C9530000C9530000C9530000C9530000DC
:10546000C9530000C9530000C9530000C9530000CC
:10547000C9530000C9530000C9530000C9530000BC
:10548000C9530000C9530000C9530000C9530000AC
:10549000C9530000C9530000C9530000C95300009C
:1054A000C9530000C9530000C9530000C95300008C
:1054B000C9530000C9530000C95300002F55000014
:1054C000C9530000C9530000C9530000C95300006C
:1054D000C9530000C9530000C9530000C95300005C
:1054E000C9530000C9530000C9530000C95300004C
:1054F000C9530000C9530000C9530000C95300003C
:10550000C9530000C9530000C9530000C95300002B
:10551000C9530000C3560000C2F8084650F8049C66
:105520005F2C4FEA541CC9F3C03740F2F3802E4978
:105530002E4840F2C7332E4AFDF74EFB40F2C731EA
:105540002B48FDF73FFBC2F810465F2C4FEA541C76
:10555000EDD8DFF8A08003F01F0358F82C40DC40A2
:10556000E407E4D5BCF1010F00F0DC80224C234FAE
:10557000BCF1020F18BF3C46012707FA03F9C4F833
:10558000049050F8049C19F4004F60D001270024C7
:10559000C9F3412958F82C8028FA03F818F0010FB4
:1055A000C5D0BCF1010F00F09480DFF84C80DFF82B
:1055B0004CA0BCF1020F18BFD04608EB830C44EAA4
:1055C0000623DCF880600E4C43EA470343EA890374
:1055D00034402343CCF8803088427FF491AE0020E1
:1055E000F4E600BF086F0100146E01003C5D01008D
:1055F000E06D0100FC6E01000004055000A0105099
:10560000F0F0FCFFC2F8404501275F2C4FEA541C24
:105610008DD8DFF8188103F01F0358F82C40DC40C8
:10562000E40784D5BCF1010F7AD0414CDFF8049136
:10563000BCF1020F18BF4C464FF0010909FA03F9FB
:10564000C4F8089050F8049C19F4004F9ED101242E
:10565000C9F341299EE7C2F844455FE75F2C4FEA52
:10566000541C3FF664AFDFF8C48003F01F0358F802
:105670002C40DC40E7077FF55AAFBCF1010F33D077
:105680002B4C2C4FBCF1020F18BF3C4604EB83049B
:10569000D4F8807027F0E04747F08047C4F8807066
:1056A00001276EE70027C2F80046AEE7C2F80C46B5
:1056B00034E7C2F80446A7E74FF0FF33C2F80436D8
:1056C0008AE74FF0FF33C2F8103685E7C2F8044688
:1056D0003BE7DFF8648070E76FF0150076E64FF087
:1056E000FF33C2F8083677E7134CCFE74FF0FF33AC
:1056F000C2F8003670E74FF0FF33C2F844356BE76D
:105700004FF0FF33C2F8403566E74FF0FF33C2F881
:105710000C3661E70024DFF8148003F01F0397E7DD
:10572000054C89E7044C27E700207047FC6E010018
:105730000004055000A0105000820D5010B50469FF
:1057400020460BF0A3FE0023636110BD70B5856891
:105750000446686820B1636893F82630DB0702D5F9
:105760000024204670BD26694FF0FF334FF0FF3212
:1057700030460BF093FE7369002B02DD013B736131
:105780002BB1002430460BF067FF204670BD204649
:105790006B689847041EF5DA736901337361F1E7AA
:1057A00010B5D0E90132946AB4B193F8242062B103
:1057B0001B6A8C468646D11801E08B4209D013F84B
:1057C000012B6245F9D1614670462346BDE8104081
:1057D00018476FF0850010BD6FF0570010BD00BF77
:1057E0002DE9F0430D46D0E9018798F825100446CD
:1057F000FF29066983B07FD198F82610C1F3810193
:1058000002290BD0A36800391B6B18BF0121002BA4
:1058100000F0BC802046984700283BDBD8F80820E1
:10582000B2F1004F39D1D8F81420B2F1004F4BD16A
:10583000D8F80030B3F1004F66D0A3685B69002B45
:1058400000F0A480204601A99847002822DBD8F860
:105850000020019B9A4273DCD8F8042093425CDC60
:1058600085B998F826309B0713D020463B689847A7
:1058700000280FDBD8F81830002B76D1736901337C
:10588000736106E073690133736198F82630DA06B4
:1058900075D4002003B0BDE8F083A368D3F810905E
:1058A0006368B9F1000F71D059688A426BDC1B68DC
:1058B0009A4268DB11462046C8470028EADBD8F840
:1058C0001420B2F1004FB3D0A368D3F820906368DE
:1058D000B9F1000F5AD019698A4254DCDB689A4248
:1058E00051DB11462046C8470028D3DBD8F80030EA
:1058F000B3F1004FA1D107E0FFF752FF0028BFF638
:105900007BAF03B0BDE8F0836FF00043D8F804200C
:105910009A4292D1002DB5D1A3E7A36861681B69B3
:10592000002B33D0486882422DDC09688A422ADB8A
:105930001146204698470028ACDB002DA2D190E705
:10594000A368D3F810906368B9F1000F1ED05968AE
:105950008A4218DC1B689A4215DB11462046C8476C
:10596000002897DB002D8DD17BE71F3345F1000523
:10597000580940EAC56069090DF09AFA7EE72046A9
:10598000FFF7E4FE86E76FF0150083E76FF057003E
:1059900080E700BF43681868B0F1004018BF0120DD
:1059A000704700BF39B943681B68B3F1004F02D09C
:1059B0000846136070476FF01500704708B54368DC
:1059C000986A98B10121426893F82CC0126801FAD4
:1059D0000CF1114203690CD01B68194283680CBF9B
:1059E000DB681B69984700EAE07008BD6FF085002E
:1059F00008BD074940F2A263064A0748FDF7ECF8E4
:105A00000648FDF7E9F840F2A2610248FDF7DAF82E
:105A10004C5E0100CC5C01003C5D01008C5E01002D
:105A20002DE9F041456882B00646FFF787FEA86A77
:105A3000002850D00BF050FB0446002853D0EB8DCB
:105A4000A86A95F82C1043F4003203F03007302F89
:105A5000D0F81080D0E901CE54D003F00607042F0F
:105A600044D0DCF800704FF0010C0CFA01FC1CEA89
:105A7000070F56D0D8F80070DB074CBF4CEA070779
:105A800027EA0C07C8F80070DEF8003098470028B5
:105A90001EDBA86A95F82C200125436895401B68F9
:105AA0001D424DD00769836801A95B6898470028AB
:105AB0000DD1019B3A68304653402B4214BF01245C
:105AC0000024214602B0BDE8F041FFF789BE03DAA9
:105AD00002B0BDE8F08104462146304602B0BDE880
:105AE000F041FFF77DBE6FF01200F1E71C491D4841
:105AF00040F2FE331C4AFDF76FF840F2FE311A48BF
:105B0000FDF760F8194940F2F733174A1548FDF7D9
:105B100063F81748FDF760F840F2F7311248FDF7D7
:105B200051F8144940F211430F4A0E48FDF754F85A
:105B30001148FDF751F840F211410B48FDF742F8CA
:105B40000C4940F24963084A0648FDF745F80A48FF
:105B5000FDF742F840F249610348FDF733F800BF12
:105B60009C5D01003C5D0100CC5C0100005D01001A
:105B70005C5D01004C5E01008C5E01004368986A28
:105B800090B10121426893F82CC0126801FA0CF11F
:105B9000114203690BD01B68194202D08368DB688D
:105BA000184783681B6918476FF0850070470849DC
:105BB00040F2A26310B5074A0748FDF70DF8074801
:105BC000FDF70AF840F2A2610248FCF7FBFF00BFB4
:105BD0004C5E0100CC5C01003C5D01008C5E01006C
:105BE00010B4016942680B681268D2F83041E3B121
:105BF0005CB100245C610B68DC7B24B94FF48053FA
:105C0000C2F808330B689C7B6CB9D2F814412CB1F4
:105C10000023C2F81431D2F814310B681A6822B18B
:105C2000596810BC104700229A7310BC704700BF1F
:105C300043681B68D3F88004C3F88004704700BF32
:105C400042681368D3F84C0160B1002010B40124FD
:105C5000926A12780A70C3F84C01D3F84C219C6206
:105C600010BC70474FF0FF30704700BF002A13DDB3
:105C700042681368D3F84C0168B1002010B40124C5
:105C8000C3F84C01926AD3F84C01127820460A708E
:105C90009C6210BC704770470020704700B5426896
:105CA00003691168EFF31182202080F31288BFF39B
:105CB0006F8F4FF0000E18684FF0010C80F80EE067
:105CC0004FF480501B6883F80FC0C1F8040382F3BF
:105CD0001188BFF36F8F5DF804FB00BF4FF0010C1C
:105CE00000220369196881F80EC01B68DA737047D7
:105CF00002691168CB7B4BB143681B68D3F8300154
:105D000028B100234B611368988970471846704783
:105D100043681B68D3F84C01003818BF0120704756
:105D20004FF4002243681B68C3F80423704700BF88
:105D30004FF4002243681B68C3F80823704700BF74
:105D4000202243681B68C3F804237047202243685D
:105D50001B68C3F80823704701207047036918685F
:105D600001601B685A6070472DE9F04306694FF0E7
:105D70000108336805469C8983B09442A8BF144645
:105D80001433D3E8EF2F002A03D1C3E8E08F0028B3
:105D9000F7D10CBF4346002331D1336822469868BF
:105DA0000EF0F0FFEFF31189202383F31288BFF385
:105DB0006F8F6B681F68D7F8303153B91C46326853
:105DC000536189F31188BFF36F8F204603B0BDE89C
:105DD000F083336828460DF107019D68FDF772FADC
:105DE0009DF80730002BECD1C7F83C57C7F8404767
:105DF000C7F83031D7F83031C7F85080E1E71C469A
:105E0000E3E700BF0149FDF795BA00BF0D60000050
:105E10002DE9F04182B004460D4647680BF0F8FECC
:105E200058BB2E4B1B7843B34FF0200864266368A1
:105E30001B68D3F83031D3B1EFF311831E4688F3DA
:105E40001288BFF36F8F62681268D2F830213ABBB4
:105E500083F31188BFF36F8F202000210DF028F805
:105E6000636864261B68D3F83031002BE4D101202D
:105E700008F0A4FB013EDAD1EEE7EFF31186202310
:105E800083F31288BFF36F8F62681268D2F83021F3
:105E900032B986F31188BFF36F8FEFF31186EFE706
:105EA0007B6A20461D7063680DF107011C687D6ADE
:105EB000FDF708FA9DF807304BB90122C4F83C57AA
:105EC000C4F84027C4F83031D4F83031226586F365
:105ED0001188BFF36F8F02B0BDE8F08188DA01202E
:105EE000F0B5456883B0EE680121044601AA30464A
:105EF000FFF7D2F9002805DB019B32681979186891
:105F0000FFF7F4F908270026012062686B69116821
:105F1000C1F82435EA8BAB8B95F81AC013432A8C51
:105F200013436A8C13436A7E2D7E42EA0C022A4395
:105F30009BB21343C1F86C3561680A68D2F800322D
:105F400043F48023C2F80032C2F800754B6AC2F8ED
:105F50003C37C2F840671065D2F83031002BFBD0D7
:105F6000002320460349C2F8003503B0BDE8F040E5
:105F7000FDF7B2B90D60000010B504460022012102
:105F8000C720FDF7A9FDC720FDF776FD2046BDE837
:105F90001040FFF7A5BF00BF10B504460022012145
:105FA000C620FDF799FDC620FDF766FD2046BDE839
:105FB0001040FFF795BF00BF10B443681B68D3F8CB
:105FC0000423D20410D4D3F8043313F4002302D1F1
:105FD000184610BC7047436810BC1B68D3F84C01CE
:105FE000003818BF0120704702691168CC7B002C73
:105FF000E9D0D3F83041002CE5D000244C61126880
:106000009289002ADFD00120E3E700BFF0B5012923
:1060100083B04DD000297DD147683E68D6F8503115
:1060200003BB35464FF47A7404E0012008F0C6FA49
:10603000013C03D0D5F83031002BF6D0FC680121AB
:10604000204601AAFFF728F9002805DB019B2268FA
:1060500019791868FFF74AF90023C6F800350020BF
:1060600003B0F0BD0269116841B1D6F80433C3F33F
:10607000C0430B7413681B7C002B46D10123F362D1
:10608000D6F82431002BFBD00023C6F85031D6F8C7
:106090005021C6F82431D6F82421C6F84C31D6F860
:1060A0004C21C6F814314368D6F814211D68B9E7AD
:1060B00045680769EE680021304601AA2C68FFF7A1
:1060C000EBF8002805DB019B326819791868FFF7A7
:1060D0000DF90823C4F800352B7A002BBFD101221B
:1060E000A96AC4F80417C4F80827C4F84C31D4F8D6
:1060F0004C31A2623B68002BB1D01B7C002BAED090
:106100004FF40023C4F80433A9E74FF40023C6F882
:106110000833B3E76FF08500A2E700BF00B583B096
:106120000DF10701FDF7CEF89DF8073003F0FD03F0
:10613000012B14BF6FF00F00002003B05DF804FBCB
:10614000002201214A20FDF7C7BC00BF70B501291C
:1061500082B01DD00C4629BB0669456896F86D30A3
:1061600083B9EC6B0121204601AAFFF795F80028BE
:1061700005DB019B226819791868FFF7B7F8002042
:1061800002B070BD28460AF05BFB86F86D40E8E778
:1061900043680021DC6B01AA2046FFF77DF8002848
:1061A000E7DAECE76FF08500EAE700BF70B5056954
:1061B0000446296405F128000BF048FB002385F80C
:1061C0006C3024692368CBB11A7DBAB19A88D204A5
:1061D00014D418690AF04EFF0121236898681A7BCD
:1061E000436891401B68046919420DD02368194225
:1061F00005D0BDE870408368DB68184770BD8368D0
:10620000BDE870401B691847074940F2A263074A7E
:106210000748FCF7E1FC0748FCF7DEFC40F2A2610E
:106220000248FCF7CFFC00BF4C5E0100CC5C0100D3
:106230003C5D01008C5E01002DE9F04104690546DA
:10624000A36D476884B0206E002B49D01A4610B168
:10625000834228BF02463E8F616D964228BF164694
:10626000D4F85C8061BBB8F1000F61D0002833D056
:106270000B4608F06042B2F1005F04D0082E28BF40
:106280000826D4F87480A666002B68D0A36D002B76
:1062900018BF3346019308B300913846002269467F
:1062A0000396CDF808800AF021FC2E4B98422ED0A0
:1062B0006FF00401284604B0BDE8F041FFF776BF57
:1062C00001F06042B2F1005F12D1B8F1000F21D0AD
:1062D0000028CDD1A666DAE7A66601910026DBE7A5
:1062E00068BB0146284604B0BDE8F041FFF75EBF39
:1062F000082E28BF0826206F32460EF043FDE26DBF
:10630000216F636D4AB1206E0028BCD0B1E704B0A4
:10631000BDE8F081A6660196E0E7A66663B1A36DCD
:10632000002B18BF33460193D8E7B8F1000F9FD177
:106330004FF000084146A66600260196ACE73E8F66
:10634000616D864228BF0646D4F85C800029ECD0F7
:10635000B8F1000F8CD1A666CDF80480BEE701939A
:1063600099E700BF0000AD0B38B5037813BB0C698B
:10637000A26E002A2DD0E36D33B3256EDDB9A36D77
:106380009BB19A4207D89B1AA365002B3FD0636D3F
:106390000BB11344636545B1954206D3AD1A25662A
:1063A00015B3E36D0BB11344E365606EBDE838408F
:1063B000FFF742BF38BDC16891B1994210D018466D
:1063C000616F0EF0DFFCA26EA36D256E002BD8D19D
:1063D000E1E7606E6FF07301BDE83840FFF7E6BE9D
:1063E000A36D002BCDD1D7E7D4E913230832013BAD
:1063F000C4E9132323B921E00832C4E91323EBB124
:106400005168013B0029F7D021661368CCE7D4E935
:1064100011130831013BC4E9111323B90AE0083113
:10642000C4E9111333B14868013B0028F7D0A065D7
:106430000B68AFE700210B46A165ABE700221346CE
:106440002266B1E710B5046963688B4228D12268DF
:10645000934228D194F86C2042BBBBB11A7DAAB1FB
:1064600018690AF007FE01212368986893F80CC0A8
:10647000426801FA0CF112680369114219D01B68D5
:10648000194283680CBF1B69DB689847A3690BB18D
:10649000002010BD636004F110000BF0D7F9F7E79E
:1064A0006FF0770010BD6FF0150010BD6FF00F009A
:1064B00010BD074940F2A263064A0748FCF78CFB6F
:1064C0000648FCF789FB40F2A2610248FCF77AFB20
:1064D0004C5E0100CC5C01003C5D01008C5E010063
:1064E0002DE9F04F8FB0CDE900238B8842689F04DF
:1064F0000E4605460469039203D5A369002B00F0FC
:1065000021814FF0FF324FF0FF3304F110000BF008
:1065100043FA6660D5F81090D5F8048099F86DA01C
:10652000D8F80820BAF1000F03D0D9F800309E4205
:1065300075D0B788380548BF6FF0850700F1EB804C
:1065400017F0090F40F09A81C7F34513082B40F06C
:1065500095813368A4498B4240F290819A4228BFCA
:106560001A460DF1100C08F10C0E0292BEE80F0055
:10657000ACE80F00BEE80F00ACE80F00029A9EE8FE
:1065800003008CE80300B90707F0040B099200F13F
:10659000D180BBF1000B18BF4FF0010BC7F3001304
:1065A0008DF828B08DF82930D8F80030D3F80036AF
:1065B0005A1C1ED0B8074FEA531200F1C880022AB5
:1065C00000F2C780894903F01F0351F82210D94017
:1065D000C90740F1BE80012A00F0538184498548F3
:1065E000022A18BF0146012202FA03F38B6099F8D0
:1065F0006DA0BAF1000F40F0B8802B4640467E4AAD
:1066000004A90AF0BFF87D4B984218BF6FF0040749
:1066100040F081800123C9F8006089F86D300123C2
:1066200084F86C30039B196C481C03D003F14400C0
:1066300000F072FA009B002B00F09E80009B1B680C
:106640006364002B00F09980009A5268A2643AB902
:1066500095E00833013AC4E91132002A00F08F8036
:1066600059680029F5D0A1651B686365019B002B63
:1066700040F08C80E36400232365002213462266E9
:106680000022E365236822641BB11A7D002A40F0D2
:1066900095802846FFF7D0FDA26C42B1636C03EBF6
:1066A000C20000225968083383420A44FAD1266D99
:1066B0005EB10021E36C03EBC60658680833B342B1
:1066C0000144FAD18A4238BF0A464FF4FA572646A7
:1066D00007FB02F256F8287B47F612233F6840F288
:1066E000E730B2FBF7F20021C832E2FB03014FF4BE
:1066F0007A720023FAF7B2FA02460B4630460BF0E4
:106700004BF9002840F0C180276C17F1740F00F09E
:10671000BC80002F7AD1236813B19B889B0405D4D9
:106720000023636004F110000BF090F838460FB0BE
:10673000BDE8F08FBBF1000F14BF4FF0030B4FF01B
:10674000020B2BE7636899427FF4DBAEE2E6022A94
:106750007DD92B492B4840F2C7332B4AFCF73CFA32
:1067600040F2C7312848FCF72DFA40460AF068F895
:10677000002389F86D3040E763640023A36400239D
:10678000A3656365019B002B3FF474AF019B1B68FD
:10679000E364002B3FF46FAF019A526822653AB967
:1067A0006BE70833013AC4E91332002A3FF465AFBE
:1067B00059680029F5D021661B6861E701219868B6
:1067C0001B7B994043681A68036911426FD01B68AC
:1067D0001942836814BF1B69DB68984723681869EE
:1067E0000AF048FC55E700BF47E80100CC70010003
:1067F0000004055000A01050696300000000AD0BBC
:10680000146E01003C5D0100E06D01002D692B68F4
:10681000002B80D01A7D002A3FF47DAF9A88D204E5
:106820003FF579AF18690AF025FC01212B681A7B26
:1068300098689140426803691268114237D01B681A
:106840001942836814BFDB681B69984763E71F49D7
:1068500003F01F0351F82210D940CF077FF579AF1D
:10686000012A10D01A491B48022A18BF01460122EA
:1068700002FA03F34B6099F86DA0BAE66FF01507C2
:1068800049E71549AFE61449F1E700270398A766E1
:1068900009F0D6FF6FF07301284684F86D70FFF79A
:1068A00085FC30460BF0F6F86FF0730733E70B49C1
:1068B00040F2A2630A4A0B48FCF78EF90A48FCF73B
:1068C0008BF940F2A2610648FCF77CF9CC7001001C
:1068D0000004055000A0105000820D504C5E0100D5
:1068E000CC5C01003C5D01008C5E01002DE9F047AD
:1068F000446882B0E66B05690121074601AA30466B
:10690000FEF7CAFC002805DB019B3268197918687C
:10691000FEF7ECFC216C481C72D1636B9847D5E9FB
:10692000024304EBC3039C4249D24FF001080834F0
:1069300039E054F8080C14F8041C34F8023C03F055
:106940003002302AD0F81090D0E901AE68D003F0C0
:106950000602042A00F08280DA0754BF43F4B01C18
:1069600083F4D01CDAF8003008FA01FA1AEA030FAF
:106970002CF4801263D0D9F800301CF0010F14BF42
:106980004AEA030323EA0A03C9F80030DEF80030BC
:106990009847002810DBD5E9023203EBC2039E4280
:1069A00004F108040BD2264654F8080C0AF094FBB4
:1069B0000028BED16FF0120002B0BDE8F0872B684E
:1069C000ABB11A7D9AB118690AF054FB01212B680A
:1069D0001A7B98689140426803691268114249D055
:1069E0001B68194283680CBF1B69DB689847AB6959
:1069F00083B13846274902B0BDE8F047FCF76CBCCC
:106A000004F1440000F056F810F1130FD4D0411DEA
:106A100083D1D1E76B6005F110000AF017FFE8E7BA
:106A20001D4940F2F7331D4A1D48FCF7D5F81D48B3
:106A3000FCF7D2F840F2F7311848FCF7C3F81A49CE
:106A400040F21143154A1648FCF7C6F81748FCF700
:106A5000C3F840F211411148FCF7B4F8144910484A
:106A600040F2FE330D4AFCF7B7F840F2FE310B4816
:106A7000FCF7A8F80C4940F2A263084A0848FCF762
:106A8000ABF80A48FCF7A8F840F2A2610348FCF70B
:106A900099F800BF4D610000005D0100CC5C010071
:106AA0003C5D01005C5D01004C5E01008C5E0100FC
:106AB0009C5D01000222F0B50124002587B00DEB9A
:106AC000020603960F4601AE0DF1030104960291F2
:106AD00006468DF802408DF80420059508F0E6FF83
:106AE0000C4B98420BD104463946304603AA08F0B5
:106AF00023FDA04208BF284604D107B0F0BD6FF0C7
:106B00001200FAE730469DF8031008F0C3FF6FF05B
:106B10000400F2E70000AD0B2DE9F8430E460446F1
:106B200009F0A8F8002231460546204608F0CAFFC1
:106B30005F2E47D8304B4FEA561853F8283006F0EE
:106B40001F0923FA09F3DB073CD5B8F1010F50D038
:106B50002A4B2B4AB8F1020F18BF134603EB8903E7
:106B6000D3F88010274A4FEA89090A4042F00C0204
:106B7000C3F8802000F0C4F8074604E000F0C0F835
:106B8000C31BC72B2AD823685B59002BF6D031468C
:106B9000204609F06DF8B8F1010F4FF0000526D03E
:106BA000164B174AB8F1020F18BF13464B44D3F8DF
:106BB0008010144A28460A4042F00402C3F880209C
:106BC000BDE8F8831049114840F2C733104AFCF77A
:106BD00003F840F2C7310E48FBF7F4FF3146204678
:106BE00009F046F8B8F1010F6FF07305D8D1094BE1
:106BF000DCE7084BB2E700BF7071010000040550EC
:106C000000A01050F0F0FCFF146E01003C5D01008C
:106C1000E06D010000820D5070B514461D4682B033
:106C2000684609F081F8DDE90023A242AB4114D3A4
:106C30000B4AD2E90061A41B24F01F0365EB01009D
:106C400064099B1941EB000144EAC060C2E90031CC
:106C500002B0BDE870400CF0EFBE02B070BD00BFE6
:106C60001089002008B50220FDF75EFE002008BD57
:106C700010B500220121E42082B0FCF72DFF194A53
:106C80000020D2F8183723F44033C2F8183709F03F
:106C900093F8154B984209D104461449012009F094
:106CA00051F9A0420AD0124B984203D04FF0FF3066
:106CB00002B010BD6FF00B0002B010BD684609F0C5
:106CC00033F8DDE900310B4A0B4823F01F03C0E91C
:106CD0000031136000206723084C5160236002B02C
:106CE00010BD00BF00200E500000AD0BD0010020F1
:106CF0000200AD0B088900201089002020C001206F
:106D000030B583B0EFF31184202383F31288BFF3EF
:106D10006F8F1A480CF05CFC88B118480CF07EFCB0
:106D2000684609F001F81548009D0CF05FFCA0B121
:106D300084F31188BFF36F8F284603B030BD8823DA
:106D40000F4A10491048FBF747FF0C490F48FBF763
:106D500043FF88210A48FBF735FF4FF49A73084A2E
:106D60000B490948FBF738FF04490A48FBF734FF91
:106D70004FF49A710248FBF725FF00BF24C00120A1
:106D800084610100E46101003C5D0100FC610100DF
:106D9000B4610100CC61010000B583B0684608F021
:106DA000C3FF0749009B0A68019849689B1A60EB7A
:106DB00001005B0943EAC06003B05DF804FB00BF5B
:106DC0001089002030B5431C85B028D020EAE0703F
:106DD000C5176D0145EAD065440102A808F0A4FF7B
:106DE000DDE90210104BD3E90023891A60EB0300A0
:106DF000091945EB0005402975F100003CBF202131
:106E000000254FF0010428BF21F01F01521843EB69
:106E100005030094054809F03DF905B030BD6FF059
:106E20001F040F25D9E700BF10890020C8010020EA
:106E300030B5002342F2013487B00493ADF814302A
:106E4000ADF80C4004AB72B19C4601EB420531F841
:106E500002EB0CF1020C4FEA1E24A9420CF8024C82
:106E60000CF801ECF3D151000091022203A907F0C4
:106E700065F807B030BD00BF002370B582B0009345
:106E8000ADF80430C2B1EE460E4E01EBC2054C68BF
:106E900011F8083B04F5741CA3F10103B3FA83F362
:106EA0000CF6FF0CA6FB0C4C5B09DB0343EA1C53FE
:106EB0008D422EF8023BEAD16946FFF7B9FF02B0D6
:106EC00070BD00BF83DE1B43024BC003A3FB003039
:106ED00080097047D34D621000238C4600B54FF0F7
:106EE000020E85B09CFA8CFC062202A90093ADF834
:106EF00008E0CDF80AC007F021F805B05DF804FB02
:106F0000002310B54FF4817C96460C4684B00422D1
:106F100003A900938DF80E408DF80FE0ADF80CC07A
:106F200007F00CF804B010BD002310B58C4640F2F9
:106F3000022484B000939CF801E0ADF808409CF86E
:106F4000004005220EEBC41E8DF80AE09CF80240BA
:106F50009CF803E09CF804C00EEB041E02A98DF817
:106F60000BE08DF80CC006F0E9FF04B010BD00BFC7
:106F7000002310B540F2023C96460C4684B0042231
:106F800003A900938DF80E408DF80FE0ADF80CC00A
:106F900006F0D4FF04B010BD002300B58C4640F2CB
:106FA000026E85B0032203A90093ADF80CE08DF8C2
:106FB0000EC006F0C3FF05B05DF804FB002300B56A
:106FC0008C4640F2027E85B0032203A90093ADF8FF
:106FD0000CE08DF80EC006F0B1FF05B05DF804FBC3
:106FE00030B501248C4640F602054FF0000E85B006
:106FF000009402220DF10B0303A96446ADF80C5076
:107000008DF80BE006F0CAFF10B99DF80B30237025
:1070100005B030BD002300B58C4640F6021E85B099
:10702000032203A90093ADF80CE08DF80EC006F022
:1070300085FF05B05DF804FB30B50223154600223C
:1070400040F6023C85B00C46ADF80C2000931A4681
:1070500002A903ABADF808C006F0A0FF48B99DF83F
:107060000C305B42238025B19DF80D3003F0010305
:107070002B7005B030BD00BF40F6024C002300B5B8
:107080000D4A85B0ADF808C04FEAC13CA2FB0C2CFC
:107090004FEA9C124FEA9C5E8DF80C204FEA9C3C14
:1070A0000522009302A98DF80AE08DF80BC006F0C6
:1070B00045FF05B05DF804FBD34D621000B58C466A
:1070C000002340F6024E85B0ADF808E08DF80CC004
:1070D0004FEA1C4E05224FEA1C2C02A900938DF8A2
:1070E0000AE08DF80BC006F029FF05B05DF804FB3F
:1070F00040F6025C002300B50D4A85B0ADF808C02B
:107100004FEAC13CA2FB0C2C4FEA9C124FEA9C5E5A
:107110008DF80C204FEA9C3C0522009302A98DF8C3
:107120000AE08DF80BC006F009FF05B05DF804FB1E
:10713000D34D6210002300B58C4640F6026E85B038
:10714000032203A90093ADF80CE08DF80EC006F001
:10715000F5FE05B05DF804FB30B541F2020E4FF0CC
:10716000000C154C87B0C903ADF80CE0A4FB011E60
:10717000D203A4FB024219018DF814104FEA9E516C
:107180006346CDF800C061F3070C4FEA9E3161F30E
:107190000F2C4FEA9E1E6EF3174C910D920961F36E
:1071A0001F6C51BAADF81210092203A9CDF80EC018
:1071B00006F0C4FE07B030BDD34D6210022230B5D8
:1071C00041F202254FF0000E85B00C4603AB02A938
:1071D0000092ADF80850ADF80CE006F0DFFE18B9EB
:1071E000BDF80C305BBA238005B030BD10B5144635
:1071F0004FF4807C84B00B46022203A90094ADF8C2
:107200000CC006F023FF04B010BD00BF10B514463B
:107210004FF4007C84B00B46022203A90094ADF821
:107220000CC006F08BFE04B010BD00BF002341F679
:10723000016C00B585B0022203A90093ADF80CC023
:1072400006F07CFE05B05DF804FB00BF002341F6AC
:10725000017C00B585B0022203A90093ADF80CC0F3
:1072600006F06CFE05B05DF804FB00BF022230B5ED
:1072700041F601454FF0000E85B00C4603AB02A964
:107280000092ADF80850ADF80CE006F087FE18B992
:10729000BDF80C305BBA238005B030BD022230B59A
:1072A00041F601554FF0000E85B00C4603AB02A924
:1072B0000092ADF80850ADF80CE006F06FFE18B97A
:1072C000BDF80C305BBA238005B030BD30B54FF04F
:1072D000000E61F3070E62F30F2E41F601224FF00C
:1072E000000C194687B0BDF82850ADF80C202A0ACA
:1072F0006346CDF800C062F3070CBDF83020BDF83E
:107300002C4052BAADF816200A0A65F30F2C62F32E
:10731000174E220A62F3174C0C2261F31F6E64F3BE
:107320001F6C0DEB0201CDF80EE0CDF812C006F097
:1073300005FE07B030BD00BF002310B541F2014C7F
:1073400096460C4684B0042203A900938DF80E40A3
:107350008DF80FE0ADF80CC006F0F0FD04B010BDE4
:1073600030B513460224002241F6013C85B00D469B
:10737000ADF80C200094224602A91C4603ABADF8E0
:1073800008C006F00BFE28B99DF80C209DF80D30C2
:107390002A70237005B030BD30B513460224002298
:1073A00042F6016C85B00D46ADF80C2000942246E3
:1073B00002A91C4603ABADF808C006F0EFFD28B9E2
:1073C0009DF80C209DF80D302A70237005B030BD5B
:1073D00030B50A4983B0009101236A460849044642
:1073E00000F012FD40B94FF47F7501232046054996
:1073F00001AA019500F008FD03B030BD00408000F7
:107400002C00F3003400F30038B51546064A044654
:1074100000F0FEFE00B138BD29462046BDE83840E8
:10742000024A00F0F5BE00BF2C00F3003400F30068
:1074300030B50A4983B0009101236A4608490446E1
:1074400000F0E2FC40B94FF47A750123204605496B
:1074500001AA019500F0D8FC03B030BD00448000C3
:107460002800F3003000F30038B51546064A0446FC
:1074700000F0CEFE00B138BD29462046BDE83840B8
:10748000024A00F0C5BE00BF2800F3003000F30040
:10749000002310B58C4644F6020484B000939CF897
:1074A00002E0ADF80C409CF801409CF800C00EEBE7
:1074B000041E042203A98DF80FE08DF80EC006F01B
:1074C0003DFD04B010BD00BF70B500248C4644F6ED
:1074D000021584B000949CF803E0ADF808509CF8C5
:1074E00004504FEACE0E9CF800600EEB850E9CF81F
:1074F0000150234605EB860565F307049CF8085008
:107500000622AE449CF8025002A90EEB851EBCF880
:1075100006506EF30F244FEA152C6CF3174465F3F5
:107520001F64CDF80A4006F009FD04B070BD00BF2D
:1075300070B50526002544F6023C86B00C460222B2
:1075400004AB03A900960495ADF80CC08DF8145057
:1075500006F024FDA8B99DF81220BDF81010524283
:10756000A2809DF813209DF8143049BA5242218020
:10757000228103F00101C3F380021B09A172A271F1
:10758000A37006B070BD00BF10B504248E4644F64B
:10759000024C84B0134603A9032200948DF80EE038
:1075A000ADF80CC006F0CAFC04B010BD4A7810B5A6
:1075B000032A45D8264B53F82240B4B30379012A55
:1075C000B3FA83F34FEA53134FEA03133CD9032A68
:1075D0003AD090F808C0C2880CF1FF3EBEF1020F0D
:1075E0009CBF6244013203EBC2030278072A9CBFAE
:1075F00001324FEA820C427888BF4FF0000C012A1A
:1076000020D0A2F10202B2FA82F252095001621EA7
:1076100003EB430302EB8303B3FBF4F34FF47A74FD
:1076200015336344034403FB04F40B78072B0DD894
:10763000084A52F82330581E2044B0FBF3F010BD26
:107640000024F2E71020E2E70633C2E7FFDE00BFC6
:107650003C7301001C730100F0B500248C4644F219
:107660000205A64687B00094DCF80460ADF80C5023
:107670009CF808509CF80070234665F30704350E0B
:1076800005EBC71565F3070EDCF80C509CF809C034
:107690008DF816506CF30F244FEA164C6CF30F2E36
:1076A0004FEA154C6CF317442D0A65F31F64CDF8AF
:1076B0001240340A64F3174E66F31F6E0B2203A9BF
:1076C000CDF80EE006F03AFC07B0F0BD70B500242E
:1076D0008C4644F2021586B000949CF804E09CF8B5
:1076E00006604FEA8E0EADF80C500EEB061EBCF88D
:1076F00000509CF805602346B6442E0A66F3070442
:1077000065F30F249CF80250092265F317449CF896
:10771000035003A90EEB451E6EF31F64CDF80E4017
:10772000BCF808409CF80A5064BAADF812409CF8C6
:107730000B4004EB05148DF8144006F0FFFB06B077
:1077400070BD00BF944610B500238E4644F202245B
:1077500084B08DF80FC0CCF3032C0CEB0E1C04226C
:1077600003A90093ADF80C408DF80EC006F0E6FBBF
:1077700004B010BD10B500238E46944644F2023486
:1077800086B09EFA8EFE9CFA8CFC0A2203A9009316
:10779000ADF80C40CDF80EE0CDF812C006F0CEFBEF
:1077A00006B010BD00B58C4644F2024E02EBC31287
:1077B000002387B0ADF80CE0DCF804E0DCF800C092
:1077C0008DF8162003A90B220093CDF812E0CDF816
:1077D0000EC006F0B3FB07B05DF804FB002310B544
:1077E00044F2025C96460C4684B0042203A900933E
:1077F0008DF80E408DF80FE0ADF80CC006F09EFB42
:1078000004B010BD70B50626002544F2027C86B097
:107810000C46022204AB03A900960495ADF80CC0F7
:10782000ADF8145006F0BAFBE0B99DF81220BDF88F
:107830001010524249BA62809DF813209DF814300E
:1078400021809DF815105242C3F34015E172E28089
:10785000C3F30011C3F3800203F001036572A17248
:107860002271237206B070BD10B40023094C02E0EF
:1078700001335A2B0AD054F833208242F8D3064AF7
:10788000002012F8333010BC0B707047032010BC7E
:10789000704700BF84730100807301004379022B9D
:1078A00021D810B4048890F804C022441F4CE35C33
:1078B0001344827A0089013AD2B2BCF1000F18BF9A
:1078C00001300B2A9BB21AD94FF47A7203EBC00035
:1078D0000B7802FB00F0BBB94B6801381844B0FBD1
:1078E000F3F010BC70470B780020BBB1012B1BD10B
:1078F0004B6801381B0A1844B0FBF3F070470C4C7E
:1079000054F822201044DFE7012B0ED14B680138D8
:107910001B0A1844B0FBF3F010BC70474B680138E9
:107920001844B0FBF3F07047FFDEFFDE4C7301003C
:1079300050730100002310B58C4642F2020484B05B
:1079400000939CF801E0ADF80C409CF80040042244
:107950000EEB041E8DF80EE09CF802E09CF803C0CC
:1079600003A90CEB0E1C8DF80FC006F0E7FA04B06B
:1079700010BD00BF70B500248E4642F2021584B0DF
:1079800000949EF804C09EF80260ADF80850BEF85E
:1079900000504FEA4C0C0CEB860C2E0A234666F383
:1079A000070465F30F249EF80350062265F317447D
:1079B0009EF8055002A9AC446CF31F64CDF80A4050
:1079C00006F0BCFA04B070BD10B5FF2984B00FD822
:1079D000002342F202248DF80E10042203A9009322
:1079E000ADF80C408DF80F3006F0A8FA04B010BDC9
:1079F000844600224B1C5B080333C3F38D01013224
:107A00001F290B46D2B2F7DC00234FF0010E42F2E1
:107A1000022402EBC1028DF80E206046042203A965
:107A20000093ADF80C408DF80FE006F087FA04B033
:107A300010BD00BF002300B58C4642F2023E85B067
:107A4000032203A90093ADF80CE08DF80EC006F0F8
:107A500075FA05B05DF804FB10B54FF0000E8C46CA
:107A600042F2027486B0CDF800E0ADF80C409CF80C
:107A70000040734664F3070E9CF80140092264F34A
:107A80000F2E9CF8024003A964F3174EBCF8044083
:107A900064BAADF81240BCF8064064F31F6E9CF85F
:107AA0000840CDF80EE08DF8144006F047FA06B015
:107AB00010BD00BF002342F6020C00B585B00222C3
:107AC00003A90093ADF80CC006F038FA05B05DF8D4
:107AD00004FB00BF70B50926002542F6022C86B0D3
:107AE0000C46022203AB02A90096CDE903558DF89E
:107AF0001450ADF808C006F051FA98BB01469DF845
:107B00000E309DF80D60E3719DF80F3066F30701AC
:107B10005B42A3809DF810309DF812605B42238188
:107B20009DF813309DF80C501B0243EA06439DF864
:107B300014609DF81120334343F31703E360C5F34A
:107B4000001363F30F2105F00F05C2F3830365F300
:107B5000174163F31F61C2F3400302F00102216089
:107B6000A371A27206B070BD70B591F803C004791C
:107B70000B78BCF1000CA4F1010418BF4FF0010C0C
:107B8000B4FA84F4062BCCBF0022012291F802E063
:107B9000C6786409BEF1040F8578A3F1020106EBF3
:107BA0004404A3EB4C0C4FEA420223D9BEF1070F69
:107BB00008BF0EF1010E012D3BD01344073B9B0083
:107BC00023F00703B3EBC40F4FEAC40503DAF60052
:107BD000B342A8BF3346EC1A24EAE4744FEA4C13CC
:107BE0000EFB043303EB8C03013B4FEA8C0C93FB3D
:107BF000FCF315E01344023B9B00012D18BF143B1E
:107C0000C3EBC40323EAE37303EB8C03013B4FEAAA
:107C10008C0C93FBFCF30EF1040E0EFB03F3083304
:107C20000088043010441844800001308840013836
:107C300070BD0EFB04FE8C18C4EBC405AD00B5EBA3
:107C4000CE0F4FEACE064FEAC40306DB06EB8406EE
:107C5000013EA40096FBF4F3E2E70EEB8C0EC3EBBF
:107C60004E039B0003EB8C03013B4FEA8C0C93FB10
:107C7000FCF3D5E70238C0B20D289ABF024B53F887
:107C800020000020704700BF5076010010B50C4660
:107C9000FFF76AFF6378023BDBB20D2B0AD84FF483
:107CA0007A71054A52F82320531E01FB0030B0FBC5
:107CB000F2F010BDFFDE00BF5076010070B58C46BB
:107CC00045F2026484B00093134608224FF0000E80
:107CD000ADF80840BCF806409CF8006024FA02F5B4
:107CE0008DF80E409CF801400DEB020104EB0614E8
:107CF00064F3070E9CF802609CF8034004EB061442
:107D000064F30F2E9CF804609CF8054004EB061405
:107D100064F3174E9CF8084065F31F6ECDF80AE037
:107D20008DF80F4006F00AF904B070BD10B50424B8
:107D300045F2027C84B00B46022203A90094ADF800
:107D40000CC006F0FBF804B010BD00BF0721FFF720
:107D500035B900BFC90043781631027889B2032BC8
:107D600005D8DFE803F02E290225490089B21A4818
:107D7000A0FB0130400900EB800300EB400003EB67
:107D80008303A1EB00115B0089B29BB211B10231F8
:107D90000B449BB2C2EBC20102EBC10203EB4200F7
:107DA00080B20E4B00027C30A3FB0030C00870474D
:107DB00001EB410189B2DAE701EB4101C1F34F0167
:107DC000D5E701EB4101064B49000431A3FB01312A
:107DD000C1F38F01CBE700BFABAAAAAAD34D6210B3
:107DE000CDCCCCCCC37863B1012B02D04FF4007062
:107DF00070474379032B8CBF4FF400704FF4C07071
:107E000070474FF4C0707047202B28D830B51C46FF
:107E100040F20143C5B08DF80C10ADF808300B0CE2
:107E2000090A8DF80A3025468DF80B1004AB7CB199
:107E300004AB9E46611E89B2A2F1040C02EB8102E2
:107E40005CF8041F09BA62454EF8041BF8D1A5007E
:107E5000052202A9009506F071F845B030BD032057
:107E6000704700BFF0B500250E4640F20157964618
:107E70002C469C4687B0ADF80870370C2B46009511
:107E800067F307054FEA1E4767F30704370A67F3EE
:107E90000F2566F317454FEA1E2666F30F246EF38F
:107EA00017444FEA1E6E6EF31F65CDF80A504FEA75
:107EB0001C6565F31F648DF814C0CDF80E400D22CB
:107EC0004FEA1C4402A94FEA1C2C8DF812408DF891
:107ED00013C006F033F807B0F0BD00BF05F0E0BFF7
:107EE00006F026B8F0B5002683B00D461446694664
:107EF00006221F460096ADF8046006F08BF8A0B984
:107F000035B19DF8003003F001025B086A702B70F8
:107F100034B19DF8013003F007021B096270237031
:107F20001FB1DDF802301BBA3B6003B0F0BD00BFEB
:107F3000022230B541F201054FF0000E85B00C462B
:107F400003AB02A90092ADF80850ADF80CE006F0C2
:107F500025F818B9BDF80C305BBA238005B030BDE8
:107F6000002341F2011C00B585B0022203A9009351
:107F7000ADF80CC005F0E2FF05B05DF804FB00BFF2
:107F8000072070470628034604D8034A0120D35C23
:107F90000B707047002070478876010030B59C4612
:107FA000154600238E4641F2012485B00CEB051CDA
:107FB000042203A900938DF80FC0ADF80C408DF892
:107FC0000EE005F0BBFF05B030BD00BF002310B5CB
:107FD00041F2013C96460C4684B0042203A900936A
:107FE0008DF80E408DF80FE0ADF80CC005F0A6FF3F
:107FF00004B010BD10B54FF0000E944641F201548C
:10800000734684B0ADF8084061F3070E4FEA1C6474
:1080100064F30F2E4FEA1C448DF80EC064F3174E24
:108020004FEA1C2C6CF31F6E0722009302A9CDF8B7
:108030000AE005F083FF04B010BD00BF00238C46AA
:1080400000B541F2016E85B09CFA8CFC062202A9B3
:108050000093ADF808E0CDF80AC005F06FFF05B059
:108060005DF804FB30B504248C4641F2017E002506
:1080700085B00094022203AB02A96446ADF808E083
:10808000039505F08BFF10B9039B1BBA236005B065
:1080900030BD00BF002300B58C4641F6010E85B00F
:1080A000032203A90093ADF80CE08DF80EC005F093
:1080B00045FF05B05DF804FB002300B58C4641F692
:1080C000011E85B0032203A90093ADF80CE08DF8E2
:1080D0000EC005F033FF05B05DF804FB10B54FF09E
:1080E000000E944642F20104734684B0ADF8084095
:1080F00061F3070E4FEA1C6464F30F2E4FEA1C4431
:108100008DF80EC064F3174E4FEA1C2C6CF31F6EF3
:108110000722009302A9CDF80AE005F00FFF04B092
:1081200010BD00BF002300B58C4642F2011E85B091
:10813000032203A90093ADF80CE08DF80EC005F002
:10814000FDFE05B05DF804FB30B542F2016300248A
:10815000042585B00394ADF8083014468DF80A1054
:108160000322009503AB02A905F018FF10B9039B89
:108170001BBA236005B030BD30B54FF0000E0C4681
:1081800042F20175944685B0CDF800E0ADF8085094
:1081900065782478734604EB450464F3070E4FEAD0
:1081A0001C6464F30F2E4FEA1C448DF80EC064F378
:1081B000174E4FEA1C2C6CF31F6E072202A9CDF854
:1081C0000AE005F0BBFE05B030BD00BF002300B5DE
:1081D0008C4642F6010E85B0032203A90093ADF848
:1081E0000CE08DF80EC005F0A9FE05B05DF804FBAB
:1081F000002342F6011C00B585B0022203A90093BA
:10820000ADF80CC005F09AFE05B05DF804FB00BFA8
:108210004FF0000C10B5964642F60124634684B038
:10822000ADF8084061F3070C4FEA1E4464F30F2CCD
:108230004FEA1E2464F3174C6EF31F6C0622009362
:1082400002A9CDF80AC005F079FE04B010BD00BF48
:1082500070B530230D46382208490446FFF702FE68
:1082600050B9002D2046BDE870400CBF0A230823FA
:108270001B220349FFF7F6BD70BD00BF3C01F300B0
:108280003401F3002DE9F041002586B0BDF83860D7
:10829000CDE90055029604461D46BDF83070BDF884
:1082A0003480FFF713F810B106B0BDE8F08108EB99
:1082B000054507EB064701232046084904AA049513
:1082C0000597FFF7A1FD0028EED1012320460449C0
:1082D00005AAFFF799FD06B0BDE8F08198A0F2006D
:1082E0009CA0F20038B51546064A0446FFF790FFF9
:1082F00000B138BD29462046BDE83840024AFFF7A4
:1083000087BF00BF98A0F2009CA0F20010B54FF408
:108310000C73064A0649044600F00CF800B110BD83
:108320002046BDE8104000F033B800BF9076010051
:10833000001080002DE9F04F5E09984605468946F9
:10834000924681B014D08B460024571A01E0A64211
:108350000ED0594607EB0B0220232846FFF754FDA9
:1083600001340BF1800B0028F1D001B0BDE8F08F93
:10837000A8EB461818F0FF00F7D0034628460AEB92
:10838000C61209EBC61101B0BDE8F04FFFF73CBDC6
:10839000002310B5074984B00C6803224FEA144C3F
:1083A00003A900938DF80EC0ADF80C4005F0C6FD92
:1083B00004B010BD507F010000238C4610B59646D6
:1083C00047F6020484B09CFA8CFC072202A90093B1
:1083D000ADF80840CDF80AC08DF80EE005F0AEFD0E
:1083E00004B010BD00238C4600B547F6021E85B0D0
:1083F0009CFA8CFC062202A90093ADF808E0CDF8A7
:108400000AC005F09BFD05B05DF804FB70B50426BD
:108410000025114B84B01B680C46ADF808301B0CCE
:108420008DF80A30032203AB02A90096039505F0EC
:10843000B5FD78B99DF80D309DF80C509DF80F20D2
:108440009DF80E101B0203EB054352080B445242E9
:108450002360227104B070BD547F010000238C465C
:1084600000B547F6023E85B09CFA8CFC062202A9B4
:108470000093ADF808E0CDF80AC005F05FFD05B047
:108480005DF804FB002310B58E4647F6024484B025
:1084900000939EF801C0ADF80C409EF800404FEAF2
:1084A0008C1C9EF802E04CEAC41C4CEA0E0C032221
:1084B00003A98DF80EC005F041FD04B010BD00BF4A
:1084C00010B5B1F5000F0C46A8BF01F17F44FFF7CE
:1084D000D1FB9622044B0003A3FB003002FB04F403
:1084E000800C94FBF0F010BD83DE1B430378072B58
:1084F0000CD8DFE803F004040404040404040B7043
:108500004378012B04D0022B02D00BB1022070471C
:108510004B708378032BF9D8DFE803F002020202E4
:108520008B70C378072BF1D8DFE803F00404040450
:1085300004040404CB7003790B71C388CB80037AE5
:10854000042BE3D801A252F823F000BF638500009A
:108550000D850000618500006D85000069850000C3
:10856000012300200B7270470323FAE70223F8E788
:108570000346C0F3C04040005A0348BF40F0040027
:10858000990648BF40F010009A0248BF40F008002A
:10859000590648BF40F020009A0548BF40F040000F
:1085A000590248BF40F08000DA0248BF40F48070B2
:1085B000190648BF40F400709A0148BF40F480603B
:1085C000990048BF40F40030DA0048BF40F48020F2
:1085D000590048BF40F40020002BB8BF40F4801081
:1085E0009A0348BF40F40010D90348BF40F480000C
:1085F000DA0748BF40F40050990748BF40F4804074
:10860000DA0648BF40F400401B0748BF40F4803002
:10861000704700BF0246C0F34003D804530748BF69
:1086200040F48020D10648BF40F02000130748BF27
:1086300040F40010910648BF40F04000530648BF88
:1086400040F40070110648BF40F48000D30548BFD5
:1086500040F48010910548BF40F08000530548BFAA
:1086600040F00070910448BF40F00100530448BF3F
:1086700040F00200910348BF40F00050530348BF50
:1086800040F08050110348BF40F08040D30248BF03
:1086900040F00040110448BF40F01000D30348BF31
:1086A00040F00800704700BF034600F00100990742
:1086B00048BF40F002005A0748BF40F004001907C5
:1086C00048BF40F00800DA0648BF40F010009B06A3
:1086D00048BF40F02000704703880B808378202B30
:1086E00019D8DFE803F011181818181818181118FD
:1086F0001818181818181118181818181818111808
:1087000018181818181811008B700379012B04D051
:10871000022B02D00BB1022070470B714379012B61
:1087200003D0022B01D0002BF5D14B71C3880B81F4
:10873000037A013B082BEED8DFE803F00E05121494
:1087400016181A1C100001238B72437A0BB1012BEF
:10875000E1D10020CB7270470023F5E70C23F3E74B
:108760000223F1E70923EFE70A23EDE70323EBE711
:108770000B23E9E70423E7E7027803460A7042780F
:10878000043A0C2A26D8DFE802F0070F1113151758
:10879000191B1D1F2521230002224A709A780020F0
:1087A0008A70DB78CB7070470A22F6E70322F4E781
:1087B0000422F2E70D22F0E70522EEE70E22ECE7B5
:1087C0000622EAE70F22E8E70722E6E70B22E4E7C2
:1087D0000C22E2E7022070470346007948BB10B440
:1087E000907093F805C0BCF1030F09D8DFE80CF0D6
:1087F0000202020282F801C09C7924B1012C02D04D
:10880000022010BC7047D470DC79092CF8D8DFE85E
:1088100004F00505050505050505050554715C7A97
:10882000D180147093F9101010BC11721B7A13715F
:1088300070470220704700BF014608B50348F8F7AB
:1088400027FAB0FA80F0400908BD00BF587F010048
:10885000FFF744BBFFF744BBF0B58BB00446FFF70E
:1088600055FD014610B108460BB0F0BD20460DF194
:10887000030105F079FC9DF803102046FFF752FC38
:1088800001460028EFD103AB039120460DF105020C
:1088900001A905F07BFC9DF80430012B70D0204627
:1088A0000DF1060105F06CFC9DF806102046FFF75F
:1088B000F1FB01460028D6D120460DF10A01FFF751
:1088C00037FBBDF80A30002B64D1FFF759FB074690
:1088D000002863D000252E4603E0072B41D0AF428D
:1088E0005CD0E8B20DF107018DF808608DF80960E1
:1088F000FFF748FB0135002800F08A8020469DF8EC
:10890000071002AA05F0D8FB20469DF807100DF1CC
:10891000090205F0E7FB9DF8071020469DF8093095
:108920009DF80820FFF73AFB014600289BD19DF8EF
:108930000830022BD1D19DF807108DF8100004AA41
:10894000204605F0FBFB9DF8071020469DF81020FF
:10895000FFF73CFB0146002885D19DF80830072B26
:10896000BDD1204604A98DF8106005F003FC9DF8E8
:1089700010102046FFF7A0FB01460028AFD072E799
:108980009DF805102046039AFFF7A8FB0146002832
:1089900085D068E72046FFF7E3FA96E700232046F4
:1089A00004A9CDE90433CDE90633CDE9083305F058
:1089B0004DFC04A903222046FEF75EFA014600287A
:1089C0007FF451AF2046FEF703FD014600287FF4F7
:1089D0004AAF2046FEF72CFD014600287FF443AF46
:1089E00001222046FEF710FD014600287FF43BAF30
:1089F000022103222046FEF737FD014600287FF4BE
:108A000032AF042105222046FFF76CFC01462AE71D
:108A1000032128E70B46002200B583B001A98DF899
:108A200004208DF80530FFF7A7FB03B05DF804FBC9
:108A300019B1012901D002207047FFF7C7BB00BF61
:108A4000FFF7D6BB0021FEF753BB00BF38B50C467D
:108A50000546FEF7EBFB631C0AD0B4F5FA2F01D3F1
:108A6000032038BD21462846BDE83840FEF704BB48
:108A70002846BDE838406FF07F41FEF71FBB00BFBE
:108A800001207047022901D9022070470131C9B283
:108A9000FEF782BAFEF7BEBA0023FEF75DBB00BF49
:108AA000FFF708B80221FEF745BB00BF0121FEF722
:108AB00041BB00BF10B58C461346044684B002A9E2
:108AC0006A468DF808C0039305F076FB6946204698
:108AD000FEF72AFA30B920469DF805209DF90610C8
:108AE000FEF746FA04B010BDFEF790BBF0B583B0B8
:108AF0000D460DF10601064617461C46FEF75EFBC5
:108B000060B9BDF8062004B12280954208D3B2F5C1
:108B1000806F05D239463046FEF768FB03B0F0BDE2
:108B2000032003B0F0BD00BF09B1FEF747BB03202F
:108B3000704700BFB2F5806F01D2FEF757BB03202C
:108B4000704700BFFEF772BBFEF780BBFEF7A6BB07
:108B5000FEF78CBB2DE9F0470546084617461E4632
:108B6000FFF7A2FD04463846FFF79EFDBDF82080C2
:108B7000BDF82490BDF828A0024633462846214679
:108B8000CDE9099ACDF82080BDE8F047FFF77ABB20
:108B900070B582B00E4615460DF106010DF10702C3
:108BA000FEF7DEFB044650B99DF80600FFF77CFD9A
:108BB00003469DF807003370FFF776FD28702046C6
:108BC00002B070BD70B5044608461646FFF76CFD4E
:108BD00005463046FFF768FD294602462046BDE8B7
:108BE0007040FEF7A9BB00BF70B582B00E461546B7
:108BF0000DF106010DF10702FEF7CEFB044650B958
:108C00009DF80600FFF750FD03469DF807003370FE
:108C1000FFF74AFD2870204602B070BD30B585B020
:108C20000D4603AB02AA01A9FFF75CF9044618B987
:108C30000398FFF79DFC2860204605B030BD00BFBB
:108C400010B504460846FFF7E5FC01462046BDE89E
:108C50001040FFF7F3B900BF002330B583B00D46D5
:108C600001A90193FFF7FEF9044620B91DB101984F
:108C7000FFF77EFC2860204603B030BD2DE9F047A9
:108C8000064682B00846FFF7C5FC8146FFF778F933
:108C90000746B0B300244FF0030AA046254601E082
:108CA000BC4231D0E0B20DF102018DF803500195C4
:108CB000FFF768F90134F0B130469DF802100DF16C
:108CC000030205F0F9F99DF80330012BE8D1304695
:108CD0009DF8021001AA05F01BFA019A304609EA34
:108CE00002029DF80210019248EA0208FFF782F999
:108CF00082460028D4D04FF0030A504602B0BDE8A7
:108D0000F08780464FF0030AC145F4D1504602B0C7
:108D1000BDE8F08730B583B004460D46FEF7DCF8B9
:108D2000002029460DF106020DF107038DF806001B
:108D30008DF80700204605F0AFF920469DF8072082
:108D40009DF80610FEF7DCF803B030BD032901D909
:108D500002207047014B595CFEF730B9607F01007B
:108D600010B582B00C460DF10701FEF739F938B99C
:108D70009DF80730022B0CD0052B03D033B1022015
:108D800002B010BD0223237002B010BD0123237076
:108D9000FAE703462370F7E730B50C46002387B0A7
:108DA00005460DF10701A068CDE903330293059351
:108DB000FEF75AFDC0B9226861680392237B9DF8D3
:108DC00007208DF8080005918DF81120042B25D877
:108DD000DFE803F004030C1C14000423284602A956
:108DE0008DF81030FEF738FC07B030BD052328465B
:108DF00002A98DF81030FEF72FFCF5E7072328466F
:108E000002A98DF81030FEF727FCEDE7062328466F
:108E100002A98DF81030FEF71FFCE5E70220E3E71A
:108E200010B50C460023024684B0204601A9144622
:108E3000CDF80630CDF80A30ADF80E30FFF74CFC17
:108E400010B92046FEF742FC04B010BDFEF7C6BCC8
:108E50000A4610B582B0044601A91046FFF78CFC03
:108E600010B92046FEF766FD02B010BD002300B524
:108E700083B00A88CDF802308B78ADF800201BB1A2
:108E8000012B11D18DF8023091F803C00A794B798A
:108E900069468DF803C08DF804208DF80530FEF783
:108EA00069FD03B05DF804FB022003B05DF804FB2C
:108EB00010B50B78044684B0042B10D8DFE803F01B
:108EC0001203272925000222CB784878012B8DF840
:108ED00004208DF80C0008D0022B05D02BB1022005
:108EE00004B010BD0122EFE7102348688DF806306A
:108EF000FDF7EAFF0023024601A9204602928DF801
:108F00000530FEF7A9FD04B010BD1022DCE70422F5
:108F1000DAE70822D8E700BFFEF756BD0B78072B2B
:108F20001BD84A78C3F10703032ADBB215D891F89E
:108F300002C0BCF1020F10D800B583B08DF8043028
:108F4000074B01A913F80C308DF805208DF8063079
:108F5000FEF79EFA03B05DF804FB0220704700BFE5
:108F6000647F010010B50C460023024684B0204601
:108F700001A9144601930293ADF80C30FFF7B6FA3D
:108F800010B92046FEF7A0FA04B010BD002310B5BA
:108F900084B00C4601A9CDE901330393FEF732FCFE
:108FA00030B9BDF80A20BDF8063020806280A38069
:108FB00004B010BD10B584B00C466946FEF78AFDBA
:108FC00060B99DF90730BDF8041002339B10BDF85D
:108FD00008206380039B2180A280A36004B010BDA1
:108FE000002310B584B00C4601A9CDE901330393E9
:108FF000FEF79EFA88B99DF80630BDF80420A370EC
:109000009DF80A30BDF808102280A371BDF80C202D
:109010009DF80E30A1802281A37204B010BD00BF64
:109020000022FEF709B800BF10B5044684B0084618
:1090300001A9FFF7A1FB2388A278ADF808300AB197
:10904000012A0ED1002394F803C0207962F30703AC
:1090500061796CF30F2360F3174361F31F63CDF85D
:109060000A3001A902A8FEF711FE04B010BD00BF2E
:1090700030B50C4689B0054601A9A068FEF7F4FB9F
:10908000A0B9236861689DF804200593237B8DF8BF
:10909000100007918DF81920042B07D8DFE803F0A2
:1090A0000315191D110000238DF8183001A9284659
:1090B000FFF712FB0846EA7804A9FEF7EFFB09B0B8
:1090C00030BD07238DF81830F0E704238DF81830F1
:1090D000ECE705238DF81830E8E706238DF8183003
:1090E000E4E700BF10B50B7884B0072B0FD84A789F
:1090F000032A0CD88978022909D8094CC3F107033F
:10910000615C8DF800308DF801208DF8021001A906
:10911000FFF7ECF908466946FEF748FA04B010BDBF
:10912000647F0100082A1DD8F0B583B014460546B7
:109130006F46C2F108061AB1B8190BF023FE3EB112
:10914000002ECCBF32460122002138460BF027FE0C
:10915000E20001233946284602F0F802FEF722FB1E
:1091600003B0F0BD03207047FEF764BC33B1013B90
:10917000012B01D8FEF708BA022070471846704745
:1091800013460A461946FEF7F5BA00BF0B461146CC
:109190001A4301D1104670471A46FEF7EBBA00BFDA
:1091A0000A460021FEF7CEBA012903D0022904D0D5
:1091B000022070470021FEF7C5BA0121FEF7C2BAAE
:1091C000FEF7C4BD70B50C4684B00646194620466D
:1091D00001AABDF82450FFF7FFFA08B104B070BD32
:1091E0003046E168FDF778FE0028F7D13046216867
:1091F000FEF79CFD0028F1D13046089A01A9EBB298
:10920000FEF75CFD0028E9D1034602466946304678
:10921000FEF768FE0028E1D19DF80030022B18BF50
:109220000320DBE700207047002070478AB1F8B5C3
:10923000074616460C46002501E0AE4208D02246FD
:1092400003213846FEF780FF013504340028F4D0AE
:10925000F8BD0320704700BF002070470020704712
:1092600030B585B00D4669461446FEF733FC40B96B
:109270009DF801309DF80220003B18BF01232A70A1
:10928000237005B030BD00BF70B58C46044616464D
:109290001D4686B002AA04A98DF810C0059604F0F8
:1092A0008BFF20460DF1070104F05EFF2B462046A0
:1092B0009DF8072002A904F0F3FF06B070BD00BFBF
:1092C00030B51D46044683B00DF1070104F04CFF94
:1092D0002A462046069B9DF8071005F013F803B0B8
:1092E00030BD00BFF0B516461D460C46074685B09A
:1092F0000DF10F0104F038FF3846334622469DF841
:109300000F10009505F00EF805B0F0BD70B584B0F3
:1093100008461646002101AA1D46FFF75DFA0446DD
:1093200020B931461046FEF715FD2860204604B0EE
:1093300070BD00BF00201880704700BF30B585B0F9
:1093400008461546002101AAFFF746FA044618B957
:109350001046FEF747FD2860204605B030BD00BF2F
:10936000A1F1050C5FFA8CFCBCF1070F0FD8022BA2
:109370001A460CD808B5074B03EBC20313F80CC010
:10938000029B83F800C004F015FF002008BD0220F6
:10939000704700BF687F01000A46002300B583B014
:1093A00001A98DF80620ADF80430FFF76BF803B083
:1093B0005DF804FBFFF700B8FFF714B8FFF74EB8ED
:1093C000F0B5002585B00C4602A9CDE90255174637
:1093D0001E46FFF71BF82546044610B1204605B08F
:1093E000F0BD0090ADF805008DF8070001A96846B2
:1093F0008DF80150FFF7C0F904460028EED102991C
:109400009DF80C300A9A39609DF805001370FFF73B
:1094100057F83060204605B0F0BD00BF70B50C466F
:109420000546036B00210068984700283DD101469E
:10943000D5F8903028689847002836D1D5F88C3078
:10944000216A2868984700282FD1AB6C226A94F9CA
:109450002A102868984740BB2146D5F898302868DC
:10946000984710BBD5F89C30286804F11001984744
:10947000D8B9237E2868012B06D0D5F8E430E28CD9
:10948000A18C984788B92868E27CD5F8D830073293
:10949000E169D208984740B9607E30B1D5F8EC3028
:1094A000218D2868BDE87040184770BD70B50C4626
:1094B0000546D0F8903001210068984750BB01461E
:1094C0002B6B2868984728BBD5F8B030618A28688C
:1094D0009847F8B9D5F88C30E16828689847C8B93A
:1094E000AB6CE26894F910102868984790B921464F
:1094F000D5F8A4302868984760B9D5F8A83028680E
:10950000211D984730B9D5F8DC30617C2868BDE86A
:109510007040184770BD00BF2DE9F0410D4604466C
:10952000D0F8903002210068984750BBD4F88C30B6
:10953000E9692068984720BB2946D4F8B4302068F0
:109540009847F0B9D4F8B8302068291D9847C0B9B9
:10955000D5E90812D4F8E8302068984788B995F81A
:10956000296086B905F10C070136F6B231466B79F0
:1095700057F8042F2068D4F8E0C0E04708B9032E5C
:10958000F2D1BDE8F081A36CEA6995F92810206852
:1095900098470028F5D1A979D4F8E060CB1C55F89C
:1095A0002320B4466B792068BDE8F041604700BFD6
:1095B00030B500230D4685B0ADF8063002938DF826
:1095C0000C302B890446ADF804302B7C01218DF83A
:1095D0000D30D0F8903000689847B0B9D4F88C308E
:1095E000E9682068984780B9D4F8A430206801A9B8
:1095F000984750B9D4F8A830206802A9984720B9F4
:109600002946D4F8AC302068984705B030BD00BF7B
:10961000C821044B90F8442D01FB02335B6F03B16A
:10962000184770475CC00120704700BF4FF4DC71E1
:1096300008B5024A024804F0EDF800BF807F01003F
:10964000A48001002DE9F0410446C827ADF50E7D48
:109650004A4E0DF1080804F0ADF804F0ADF84046AC
:10966000314603F069FC464D2178304607FB015C2A
:109670007E3158F821100DF10303CCF884102178C5
:1096800001AA03F041FC94F80080B8F10C0F73D8E4
:1096900004F090F804F090F89DF80300042816D028
:1096A00007FB0855D5F8B03003F0FF13B3F1011FE5
:1096B0000AD0344D227863682A709847FF232B70B4
:1096C0000DF50E7DBDE8F0810128F2D1F8E7237891
:1096D00007FB03F2A95C2A4491B101293DD003297B
:1096E00031D1002382F88230A422237807FB03576C
:1096F00002FB0363B3F88830A7F87E30237822E0BA
:10970000A42101FB0363B3F8823082F8823023780E
:1097100001FB036207FB0353B2F88020A3F87E200D
:10972000237801FB036207FB0353D2F88820C3F8B8
:109730009820237801FB036107FB0353B1F88420D1
:10974000A3F880202378C82202FB035203F2EC43E3
:1097500036F81330A2F87C30ABE7002382F8823071
:10976000A422237807FB035702FB0363B3F884307A
:10977000A7F87E302378E6E7FFF758FFECCA012010
:109780005CC00120D007002030B54C4CB9B004F0CB
:1097900011F8A3682068984728BBE36820689847B9
:1097A000002865D101216369206898470546002893
:1097B00039D104F08DF82146414803F011FA4049AF
:1097C000404804F065F83E4B294618463E4A03F0EF
:1097D0005BFA342229463D480BF0E1FA39B0BDE886
:1097E000304003F0E9BF3A4B01AC0FCB07C4394D11
:1097F00024F8023B1A0C227001A801AC04F080F896
:109800000FCD0FC42B6801A8238004F079F80A2338
:1098100001A8ADF8043004F073F84FF4A5712E4A96
:109820002E4803F0F7FF2A4B01AC0FCB07C42C4D99
:1098300024F8023B1A0C227001A801AC04F060F875
:109840000FCD0FC40FCD0FC42B6801A81A0C24F83C
:10985000023B227004F054F80A2301A8ADF804304A
:1098600004F04EF84FF4AC711B4A1C4803F0D2FFD1
:10987000174B01AC0FCB07C41A4D24F8023B1A0C4E
:10988000227001A801AC04F03BF80FCD0FC495E89D
:10989000070003C4130C24F8022B01A8237004F062
:1098A0002FF80A2301A8ADF8043004F029F840F29B
:1098B0005111094A094803F0ADFF00BFD40100204F
:1098C000ECCA012065D500002996000028C00120BF
:1098D000A07F0100B07F0100C47F0100BC800100B7
:1098E000E87F0100CC7F010010B5044603F062FF61
:1098F000024B1C60BDE8104003F05EBFD4010020A5
:1099000008B503F057FF034803F020FBBDE808400B
:1099100003F052BFECCA012008B503F04BFF03F07F
:109920004BFF014808BD00BFECCA01200C2810B550
:109930000CD8044603F03EFF04EB840403F03CFF24
:10994000034804EB840400EBC40010BDFFF76EFE77
:109950005CC00120C82238B50F4B0446002102FB31
:1099600000300BF01CFA00230C4A02EBC40542F84D
:1099700034306B6002F8344003F01CFF2B46214664
:10998000074A084803F080F9054603F015FF002D4B
:109990000CBF2046FF2038BD5CC0012084CA0120D6
:1099A00045960000ECCA01200C2810B511D80446D9
:1099B00003F000FF21460A4803F068FA044620B18C
:1099C000012403F0F9FE204610BD03F0F5FE204609
:1099D00010BD4FF4F771034A034803F01BFF00BFAB
:1099E000ECCA0120807F01008880010084B0F0B5BE
:1099F000EBB071AC0C2884E80E0059D80AAE0546CD
:109A0000A422002130460BF0CAF9C822A446002443
:109A10002A4B142702FB053E9DF8CC31284A1B1B1C
:109A200018BF01237599274802EBC5020EF1680E95
:109A3000CDF81A4051608DF81A30DDE97121CDF86A
:109A400012400991CDF81640CDF81E4005900792BE
:109A5000BCE80F00AEE80F00DCF800308DF80C40D9
:109A6000CEF800308DF810508DF81170ADF822400E
:109A700003F0A0FE03F0A0FE23461348009603AABD
:109A800004A903F025F920B96BB0BDE8F04004B09B
:109A900070470346DC210D4A33A80AF0FBFE33A8C9
:109AA00003F02EFF01206BB0BDE8F04004B070471A
:109AB00040F20521064A074803F0ACFE5CC00120D5
:109AC00084CA012011960000ECCA01200C8001001C
:109AD000807F01006C8001000C2810B511D804466D
:109AE00003F068FE21460A4803F0D0F9044620B18D
:109AF000012403F061FE204610BD03F05DFE204608
:109B000010BD4FF4F771034A034803F083FE00BF12
:109B1000ECCA0120807F0100888001000C2870B50C
:109B200053D80446C820364D00FB04F600FB045011
:109B3000344B05EB060CDCF878C003EBC4032022A1
:109B400000217C30C3F804C00BF029F9AB5D042B75
:109B500053D8DFE803F00817262B03002046BDE8A2
:109B6000704001F0B5BBC82303FB04531A7922B936
:109B7000B3F864205B8E9A4239D32046BDE870402A
:109B800000F046BCC82303FB04531A7922B9B3F88A
:109B900064201B899A4224D32046BDE8704001F01E
:109BA000F7BD2046BDE8704002F020B9C82303FB92
:109BB00004552B7923B9B5F864202B899A420AD32E
:109BC0002046BDE8704000F0B3BE40F23B210E4A93
:109BD0000E4803F01FFE40F262210D4A0B4803F0CD
:109BE00019FE40F253210A4A084803F013FE40F2DE
:109BF0004721074A054803F00DFE042070BD00BF51
:109C00005CC0012084CA0120807F010048800100DF
:109C1000C47F010038B504460D4603F0CBFD03F0C8
:109C2000CBFD0121044B00201A1904F2B62482F85E
:109C3000C81A43F8245038BDECCA012010B50446B8
:109C400003F0B8FD03F0B8FD0020044B04F2B62287
:109C50001C4484F8C80A43F8220010BDECCA012055
:109C6000F0B5044683B091F8440D0E46FFF75EFE52
:109C700005460A2790F8B81004F1010C217290F8FB
:109C8000B9206272D0F8BC30E36090F8C030237421
:109C900090F8B130237090F8B200E070D5F8B400BD
:109CA000A7706060D6F8947D3868CDF800C0D7F80A
:109CB0002C71B84795F8B23043B9D6F8940D2146C7
:109CC000D0F85031984748B903B0F0BDD6F8943D6C
:109CD0002146D3F8AC2018689047F4E74FF4AF71F1
:109CE000014A024803F096FDCC8001005C8C010023
:109CF00098B370B590F8444D86B006462046FFF7FD
:109D000015FE3146054601A8FFF7AAFFD6F8943D97
:109D10004FF44071D3F888201868904720BB04EBBB
:109D2000440403F021FD06EBC40401E003F01CFD34
:109D3000C5F88800D4F878381B1A002BF6DC03F03D
:109D4000C3FDD6F8943D9A6B1868904730B903F07C
:109D50000BFDC6F8C80C06B070BD704740F2771115
:109D6000044A054803F056FD40F26F11034A0248C9
:109D700003F050FD4C810100748C0100E88001006B
:109D8000002800F0F1802DE9F0430446A42690F865
:109D9000447D87B03846FFF7C9FD06FB074898F8B1
:109DA00018900546B9F1030F52D006FB0741D4F8CD
:109DB000940D4831D0F848319847002840F0E280AF
:109DC000D4F8943DCC21D3F8882018689047002817
:109DD00040F0DE806B6F03B1984795F8B03073B1F7
:109DE000214601A8FFF73CFFD4F8943D4FF4E671FB
:109DF000D3F8882018689047002840F0CF8007EB00
:109E0000470603F0B1FC04EBC60601E003F0ACFC2E
:109E1000C5F88800D6F878381B1A002BF6DC03F05A
:109E200053FD002003F054FD95F8B030002B00F0F6
:109E30008980D4F8943D9A6B18689047002840F0C8
:109E4000B38003F091FCC4F8C80C07B0BDE8F08300
:109E5000D4F8943DD8F85410D3F88C201868904763
:109E6000002840F0A780D4F8943D4946D3F89020CC
:109E7000186890470146002840F0A280D4F8943D2D
:109E80001A6B18689047002840F0A080D4F8943DE1
:109E9000B8F85A10D3F8B02018689047002840F05E
:109EA0009B8006FB0741D4F8943D4831D3F8A420A9
:109EB00018689047002840F0958098F8983003F093
:109EC000FD02082A51D00C2B4FD0A42606FB0746D2
:109ED000D4F8943D96F85910D3F8DC2018689047D0
:109EE000002849D1D4F8943D4A49D3F8882018680D
:109EF0009047002840F08880D4F8943D0422D3F89D
:109F000034811868D6F88C10C047002876D1D4F870
:109F1000943D96F89410D3F83021186890470028A3
:109F200066D1D4F8943DD6F89010D3F83C21186847
:109F3000904700283FF44EAF40F24221364A37485E
:109F400003F068FCA42101FB0747D4F8943D796F26
:109F50005A6A1868904700283FF473AF40F27121A5
:109F60002F4A2E4803F056FC7047D4F8943D002148
:109F70001868FEF76DF9A8E740F23721294A27480B
:109F800003F048FC40F24B21274A244803F042FCEE
:109F900040F24D21254A214803F03CFC40F25D216E
:109FA000234A1E4803F036FC40F26D21214A1B482B
:109FB00003F030FC4FF408711F4A184803F02AFCE4
:109FC00040F223211D4A154803F024FC40F22521CC
:109FD0001B4A124803F01EFC40F22721194A0F4881
:109FE00003F018FC40F22B21174A0C4803F012FC36
:109FF00040F23F21154A094803F00CFC4FF40F7161
:10A00000134A064803F006FC40F23921114A03487E
:10A0100003F000FC080006002C850100448C0100C0
:10A02000DC86010054830100C47F0100A08501008B
:10A03000348601004C81010088810100E881010023
:10A040003882010084820100F0820100BC8401009A
:10A0500040840100B4830100002800F025812DE92F
:10A06000F04390F8444D054689B02046FFF75EFC6A
:10A0700090F89C300646002B79D1A42101FB0459AD
:10A0800099F81870D5F8940D032F00F08A8001FB21
:10A090000451D0F848311C319847002840F08581A0
:10A0A000D5F8943D0221D3F88820186890470028FD
:10A0B00040F05781D5F8943D05EB440205EB84014F
:10A0C000B2F8F229D1F8A419DF6C1868B847002853
:10A0D00040F04D812046FFF729FC436F23B1204615
:10A0E000FFF724FC436F984796F8B03073B12946C8
:10A0F00003A8FFF7B5FDD5F8943D40F20A21D3F847
:10A10000882018689047002840F0378104EB440409
:10A1100003F02AFB05EBC40401E003F025FBC6F8BD
:10A120008800D4F878381B1A002BF6DC96F89C309F
:10A13000002B00F0DA80012003F0CAFB96F8C4304F
:10A14000002B40F0BD80D5F8943D96F8B0201868FB
:10A15000002A00F0AA809B6B9847002840F01381EA
:10A1600003F002FBC5F8C40C09B0BDE8F083A421DC
:10A1700001FB0451D0F8A870B0F9A430D0F8A020A9
:10A18000896A2046009701F0A1FC2B1993F8503AF8
:10A19000072B7FF472AF284609B0BDE8F04303F007
:10A1A000E1B9D0F88C30D9F8281000689847002819
:10A1B00040F00181D5F8943D3946D3F890201868D5
:10A1C0009047002840F0E58004EB840804EBC808C1
:10A1D000D5F8943D4FEA880808F11C01D3F8A42073
:10A1E000186829449047002840F0D98099F89830A1
:10A1F00003F0FD02082A00F089800C2B00F0868015
:10A20000A42707FB0457D5F8943DBA6AD3F84890C1
:10A21000186897F92C10C847002840F09C80D5F8A2
:10A22000943D08F12001D3F8A820186829449047EC
:10A23000002840F08A80D5F8943D97F82D10D3F887
:10A24000DC2018689047002879D1D5F8943D4FF468
:10A25000C011D3F8882018689047002869D1D5F834
:10A26000943DD7F89010D3F83C2118689047002807
:10A2700059D1D5F8943D97F89410D3F83021186847
:10A280009047002849D1D5F8943DD7F88C10D3F8E1
:10A2900038211868904700283FF40CAF40F2BF11F6
:10A2A000484A494803F0B6FA70471B6A98470028A5
:10A2B0003FF456AF4FF40071444A434803F0AAFA02
:10A2C0000121284603F044F996F8C53083B1D5F84A
:10A2D000943D1A6C1868904700283FF441AF4FF442
:10A2E000F7713B4A384803F095FA03F0EDFA22E79C
:10A2F000D5F8943DDA6B1868904700283FF430AFEA
:10A300004FF4F971334A304803F084FAD5F8943D9C
:10A3100001211868FDF79CFF72E74FF4DE712E4AA9
:10A32000294803F077FA40F2B9112C4A264803F085
:10A3300071FA40F2B5112A4A234803F06BFA40F251
:10A34000B311284A204803F065FA4FF4D871264A21
:10A350001D4803F05FFA40F2AD11244A1A4803F099
:10A3600059FA40F2C711224A174803F053FA40F253
:10A37000CB11204A144803F04DFA40F2D9111E4A7D
:10A38000114803F047FA40F2F9111C4A0E4803F055
:10A3900041FA4FF4D0711A4A0B4803F03BFA40F2ED
:10A3A000A111184A084803F035FA4FF4E371164A30
:10A3B000054803F02FFA40F29D11144A024803F0B9
:10A3C00029FA00BFBC8901002C8C0100C47F010068
:10A3D000AC8B0100F48B0100BC8401002C850100D2
:10A3E00048890100E888010084880100FC87010099
:10A3F000788A0100C88A0100348B01004C81010079
:10A40000E881010098870100288A0100388701004F
:10A410002DE9F04F0446E5B0039003F0CBF9204658
:10A42000FFF784FA00284AD0037804460BB10023D2
:10A430000370D4F8B030257903F0FF13002D3BD022
:10A44000B3F1011F3BD0002394F824B094F823A06B
:10A45000BBEB030218BF0122A1690592627FBAEB30
:10A46000030ACDE90D33CDE90F33119318BF4FF037
:10A47000010A94F926B094F82580278EB4F820902C
:10A4800094F82230207F94F81EC00291102A00F226
:10A490003681DFE812F01B001B001B001B001B00B5
:10A4A00043013C012D012D0136012D0134012D0107
:10A4B000340134011B001B009C4A9342C3D1012488
:10A4C00003F07AF9204665B0BDE8F08F012100263F
:10A4D00060F3070662F30F266CF31746A42261F3BC
:10A4E0001F663BA8002104930AF059FC62790D967F
:10A4F000002A14BF032301230693049B002D00F0C0
:10A50000B88000254FF0000C63F30705238D029AF5
:10A5100063F30F25059BADF8389063F317456AF395
:10A520001F6510920DF1340ACDF83A500DF1F00E7E
:10A53000BAE80F00AEE80F00CDE904CCCDE90ACCB3
:10A54000CDE908CC8DF844B08DF84580ADF8467063
:10A55000CDF81CC0069BCDF8F6508DF8EC30029B70
:10A5600012AD3F93049BA4224793079B2846ADF866
:10A570002031089B3BA94A93099B3C968DF82C31CE
:10A580000A9BADF8F4908DF82D310B9B8DF800B13E
:10A59000ADF82E31059B8DF801815293ADF8027113
:10A5A000CDF822C10AF0EEFB637963B1A3686B6753
:10A5B000E368AB672369EB67237D85F8803004F19E
:10A5C0008C03C5F88430FFF7A7F92279D0F8943DC1
:10A5D000002A4BD11FA81EA9D3F8CC3098470023DE
:10A5E000039ECDE93C33CDE93E333B9340938DF858
:10A5F000EC6023794E49002B14BF032300234D4AFE
:10A6000008BF0A468DF8ED303C9294F87030003B5C
:10A6100018BF01238DF8F630A36E3E93237903B95A
:10A62000E06E4090D4F8B03003F0FF13012B59D006
:10A630003E4A934252D0B3F1011F04BF09238DF863
:10A64000ED30FFF769F92379002B44D0A26D238DFB
:10A650003BA9009502F03CFB044600287FF42FAF95
:10A6600003F0AAF8204665B0BDE8F08F14A813A93E
:10A67000B2E7AC4663F3070C638E029A63F30F2CC8
:10A68000059BADF8389063F3174C6AF31F6C10927A
:10A690000DF1340ACDF83AC00DF58E7ECDE9079262
:10A6A000BAE80F00AEE80F00ADF846708DF844B080
:10A6B0008DF84580DAF80030CDE909B8CEF80030E1
:10A6C000E36A04960B972E462F46A846AB46A9464A
:10A6D000029505933EE7226E638EB9E708238DF855
:10A6E000ED30AEE70723144A8DF8ED303C92A8E731
:10A6F000A0F10B0101298CBF00210121E7E6002117
:10A70000E5E6A0F10C01B1FA81F14909DFE6A0F11B
:10A710000A0102298CBF00210121D8E6A0F109011C
:10A7200003298CBF00210121D1E600BF01000200F6
:10A73000819D000059A00000F19C000070B590F8C8
:10A74000444D064682B02046FFF7F0F8A42101FBF5
:10A7500004610546D6F8940D4831D0F84C3198473D
:10A76000002839D12B696BBBD6F8943DCC21D3F8A6
:10A7700088201868904700283AD16B6F03B198473A
:10A7800004EB440402F0F0FF06EBC40401E002F025
:10A79000EBFFC5F88800D4F878381B1A002BF6DCDC
:10A7A00003F092F8002003F093F8D6F8943D696B1B
:10A7B0005A6A18689047A8B902F0D6FFC6F8C80CC4
:10A7C00002B070BDD6F8942D0190012310680B499A
:10A7D00001AAFDF719FBC7E740F25D11084A0948D5
:10A7E00003F018F84FF4BD71074A064803F012F859
:10A7F00040F26911054A034803F00CF8180DF30004
:10A80000908C0100D08D0100D88C0100A085010042
:10A81000F0B590F8444D064683B02046FFF786F821
:10A8200090F89C300546002B47D1A42101FB046120
:10A83000D6F8940D1C31D0F84C319847002867D1D8
:10A84000D6F8943D0221D3F8882018689047002854
:10A8500058D1D6F8943D06EB440206EB8401B2F8D9
:10A86000F229D1F8A419DF6C1868B847002843D141
:10A870006B6F03B1984704EB440402F075FF06EBDD
:10A88000C40401E002F070FFC5F88800D4F87838FD
:10A890001B1A002BF6DC95F89C3023B3012003F043
:10A8A00017F8D6F8943D1A6A18689047F0B902F084
:10A8B0005BFFC6F8C40C03B0F0BDB0F9A430D0F80B
:10A8C000A020C168D0F8A8000090204601F0FEF852
:10A8D000331993F8503A072BA7D1304603B0BDE89F
:10A8E000F04002F03FBE02F0EFFFD7E740F24D111B
:10A8F0000A4A0B4802F08EFF4FF49D71094A08483E
:10A9000002F088FF4FF49C71074A054802F082FF6D
:10A9100040F23711054A024802F07CFF808D0100A9
:10A92000B48D0100C88A0100788A0100388D0100C9
:10A930002DE9F04F0546E9B002F03CFF2846FEF74E
:10A94000F5FF002800F0BD8003780446032B40F09B
:10A95000B8802C2200210DEB02000AF020FA94F8B6
:10A960000480E768B8F1000F01D123691F44236A0E
:10A97000E67D09930F9394F91430D4F824A008933A
:10A98000B4F81530D4F82890D4F82CC0D4F830E0BE
:10A990000693237FA42200213FA803960793A6696C
:10A9A00094F81DB0CDF840A0CDF84490CDF810C07B
:10A9B000CDF814E00AF0F3F90222079B8DF8FC2091
:10A9C000B8F1000F00F084808DF8343001238DF849
:10A9D0002931E388069A0C96C6F30746ADF80021A4
:10A9E0000336ADF836300BAA039B52F826C068AA8E
:10A9F0008DF8023102EB86068DF838B041AB0CAA17
:10AA000007CA03C31A80089BDDF814E047978DF846
:10AA1000283146F8A0CCDDF810C0CDF824E1CDF8FF
:10AA200020C116AEA4223FA930460AF0ABF9FEF7CA
:10AA300073FF2279D0F8943D002A6BD018A817A98B
:10AA4000D3F8D43098470022CDE94022CDE9432203
:10AA50003F9242928DF8FC502279DFF8C0C0304B13
:10AA6000002A4FF47A77A3FB00232E4912BF052258
:10AA7000614602229B0907FB130040918DF8FD20DF
:10AA800094F87020002818BF0133003A18BF012243
:10AA90008DF80621A26E44934292E366FEF73CFFD6
:10AAA0002379002B33D0A26DE3883FA9009602F0F2
:10AAB0000FF9044628B902F07FFE204669B0BDE8D0
:10AAC000F08F012402F078FE204669B0BDE8F08FD7
:10AAD0008DF8343023890C96ADF83630069B8DF80E
:10AAE00038B0ADF82C31039B0CAA8DF82E314CAB4D
:10AAF00007CA03C31A805297636B099A5693049B43
:10AB0000CDE950A95393059B4F92549389E7226E48
:10AB10002389CAE723A822A992E700BF3DA7000026
:10AB2000D34D621011A800002DE9F04F0D469BB0E7
:10AB300004462C2200210FA80AF031F995F804A050
:10AB4000AF6ABAF1000F01D1EB6A1F4495F93030BA
:10AB5000EA6B0293B5F83130059213922A6CADF886
:10AB600034300693AB6C039214926A6C6E6B009354
:10AB7000EB6C049215920021A4222046019395F8D3
:10AB800033B095F8389095F839800AF008F9069BAB
:10AB90001096BAF1000F6BD04FF0000CC6F30742CD
:10ABA00003321AA800EB820050F82C0C04EB82024E
:10ABB00050600122E646E246424B8DF84490197EF1
:10ABC0008DF8488001EB410103EB81035B6810A91C
:10ABD0001D8804F10803ADF84650069207C903C367
:10ABE000CDE903CCCDE90BCCCDE909CCADF836C02D
:10ABF000CDF814C0CDF820C0CDF81CC01A80BDF827
:10AC0000343084F806B0A380009BA6606362019B89
:10AC100084F80C90A362029BE58184F82C30069B9B
:10AC200084F8108084F82D30BDF8363027622386F2
:10AC3000079B84F832A084F83830089BC4F834C0ED
:10AC400084F83C30059BA4F83AE02364039B20463B
:10AC50006364049BA364099BE3640A9B23650B9BC9
:10AC600063650C9BE365022323701BB0BDE8F08F86
:10AC7000ADF836304FF0FF33B4465646019AB5F87A
:10AC800010E00B92009A8DF844908DF848800A925B
:10AC9000ADF846E00C9310AA04F1340307CA03C3CD
:10ACA000CDE90798DA460997B04637463546B146AA
:10ACB000B346CDE90166ADF83460069600961A8079
:10ACC0009DE700BF78D90120F0B585B00546FEF7B5
:10ACD00023FE044690F8440DFEF728FE94F8443D08
:10ACE000112D04EB8303D3F8943A0646C0F8843060
:10ACF0000FD0122D01D00A2D6BD1424A424B12685F
:10AD00001B68C6E91D2303B3284605B0BDE8F04023
:10AD100018470020D4F8943D00906946D3F8842069
:10AD200018689047054600285FD1009B13F0C002C9
:10AD30000DD0D4F8943DDA6D18689047324B334A01
:10AD40001B6815800BB12846984705B0F0BD5B071E
:10AD5000FBD5CDE90122D4F8943D03921868D3F8CD
:10AD6000C42001A990470546002844D140F2FF13B2
:10AD7000BDF80820254FBDF80440A6F87E203A888B
:10AD8000A6F87C40A41A9C42A8BF1C46FEF7C4FD4E
:10AD9000064690F8440DFEF7C9FD3B88B0F86420E4
:10ADA00013FA84F191421ADCD6F8942D016EA4B204
:10ADB00010681944936D224698473B881C44A5B2FD
:10ADC000114B3D801B680BB10420984700233B804A
:10ADD000BBE740F216210E4A0E4802F01BFDD6F8E2
:10ADE000943DDA6D18689047EAE740F2BD110A4ACF
:10ADF000084802F00FFD4FF4ED71084A054802F0D3
:10AE000009FD00BFA4D90120A0D901209CD90120AF
:10AE1000908E01004C940100EC8D01003C8E0100ED
:10AE200070B5FEF779FD054690F8440DFEF77EFDFE
:10AE3000264C8368E2699A4229D2237E03EB4302BF
:10AE400004EB8202D2E901010088814220D08142D4
:10AE50001DD203EB430354F82320461A1268D5F899
:10AE6000943D114440F2FF12964228BF16461868DE
:10AE7000B2B2DB6C984710BB237EE26903EB43035D
:10AE800004EB83039968324431449960E26170BDF8
:10AE900000210133DBB2012B2376916007D9626870
:10AEA00021760B461088A1688142F0D2D1E703EBEE
:10AEB000430204EB8202D2E901211088C7E74FF474
:10AEC0003271034A034802F0A5FC00BF78D9012083
:10AED000BC8E0100D493010070B582B0FEF71CFD5A
:10AEE00090F8444D06462046FEF720FD0546D6F86C
:10AEF000940D2D49D0F84C319847002841D1EB6A88
:10AF0000002B34D1D6F8943DDA6D18689047D6F806
:10AF1000943DC421D3F888201868904700283CD17C
:10AF2000224B1B6803B198470022214B04EB4404D9
:10AF300006EBC4041A8002F017FCC5F88800D4F8A8
:10AF400078381B1A002BF6DC02F0BEFC002002F061
:10AF5000BFFCD6F8943D4FF0FF315A6A186890470D
:10AF6000A8B902F001FCC6F8C80C02B070BDD6F852
:10AF7000942D0190012310680E4901AAFCF744FFAB
:10AF8000C0E74FF448710C4A0C4802F043FC40F211
:10AF900041310B4A094802F03DFC40F22F31094A89
:10AFA000064802F037FC00BF04D90120A4D90120D3
:10AFB0009CD90120180DF300E08F010030940100AE
:10AFC000789001003490010038B50546FEF7A4FCE6
:10AFD000044690F8440DFEF7A9FC94F8442D112D79
:10AFE00004EB8202D2F8942A0346C0F8842012D0DF
:10AFF000122D01D00A2D56D13749384A09681268F6
:10B00000C3E91D120AB12846904794F8440DBDE8E3
:10B010003840FEF713BE32483249026ACD892A44CD
:10B020000262D3F808C0624536D0D4F8942D2CD8EB
:10B0300090F818C00CEB4C0C00EB8C0040680088BA
:10B04000854211D0C88193F83800D2F8B8500873FF
:10B0500093F839005B6B08748B6010680831A8475F
:10B06000002832D1D4F8942D136A1068984700BB99
:10B0700002F07AFB194BC4F8C40C1B680BB1132007
:10B080009847FFF7CDFED4F8942DD2F880301649BA
:10B090001068984798B938BD94F8440DFEF71CFD28
:10B0A000D4F8942DF1E740F29B21104A104802F0A9
:10B0B000B1FB40F2A2210F4A0F4802F0ABFB40F275
:10B0C0007F210E4A0A4802F0A5FB4FF41C710C4A7E
:10B0D000074802F09FFB00BFA4D90120A0D901209E
:10B0E00078D90120D4D80120020001007C91010010
:10B0F00010940100808D0100F09301002491010063
:10B10000B8900100F0B590F8444D0646F1B02046E5
:10B11000FEF70CFC90F89C300546002B49D1D6F880
:10B12000940D5A49D0F84C319847002840F0A78038
:10B13000D6F8943D4FF48031D3F8882018689047B2
:10B14000002840F09680D6F8943D1A6E1868904713
:10B15000FFF766FEFFF764FED6F8943D0221DA6A37
:10B160001868904700287ED1494B1B6803B1984767
:10B1700004EB440406EBC40402F0F6FAC5F88800B8
:10B18000D4F878381B1A002BF6DC95F89C30002B8D
:10B190003ED0012002F09CFBD6F8943D1A6A186854
:10B1A0009047002859D102F0DFFAC6F8C40C71B0FC
:10B1B000F0BDB0F9A430D0F8A020816AD0F8A80082
:10B1C0000090204600F082FC331993F8503A072B88
:10B1D00021D0062BA3D102F0C7FA07462D4BDC2164
:10B1E00000932D4A2D4B02A8019709F053FB02ABA7
:10B1F000C0F1DC012A4A184409F04CFBDC21294A41
:10B2000002AB39A809F046FB39A802F079FB86E7C2
:10B2100002F05AFBBDE702F0A7FA04461D4ADC2102
:10B2200000921E4B1C4A02A8019409F033FB02ABAA
:10B23000C0F1DC011C4A184409F02CFBDC21194A3E
:10B2400002AB39A809F026FB39A802F059FB3046B9
:10B2500071B0BDE8F04002F085B940F20F31134AF9
:10B26000134802F0D7FA4FF43F71124A104802F027
:10B27000D1FA40F2F521104A0D4802F0CBFA40F223
:10B28000F1210E4A0A4802F0C5FA00BFD8D80120C1
:10B29000A4D90120D0910100BC910100AC91010022
:10B2A0000C92010004920100D8910100808D0100F0
:10B2B000B893010090920100349001003C9201008B
:10B2C00008B5FEF729FBBDE80840FFF71BBF00BF2C
:10B2D0002DE9F0410546ADF51A7D02F06BFA2846DE
:10B2E000FEF724FB002800F0E58003780446042BD9
:10B2F0006BD1804FA4220021384609F050FD202256
:10B30000002104F17C0009F04AFD7B4B626F267935
:10B310001A607A4BA26F1A60002E7BD0784B2422E1
:10B320001846002109F03BFD62690346002A00F03F
:10B33000D680E269002A00F0D8804260A26904F158
:10B3400014010160002A00F0D280226A002A00F075
:10B35000C0802146026104F1180202A8DA60FFF7FA
:10B36000E3FBA42202A9384609F00CFDFEF7D4FA4B
:10B370000346D3F8943D391DD3F8D43007F10800C3
:10B380009847FA89A168531E0B44B3FBF2F300FB04
:10B3900003F35C4E5C4AA6FB036362675B4A9B094E
:10B3A000A267E36604F1740103C98DE8030004F1A8
:10B3B000680228460ECAFEF719FB044602F0FCF9A3
:10B3C00020460DF51A7DBDE8F08102F0CDF9044666
:10B3D0004F4A504B0092DC214F4A2CA8019409F0AF
:10B3E00059FA2B464D4A2CACC0F1DC01204409F03F
:10B3F00051FA23460124DC21494A63A809F04AFA9C
:10B4000063A802F07DFA02F0D7F920460DF51A7D07
:10B41000BDE8F081214602A8FFF786FBA42202A91D
:10B42000384609F0AFFCFEF777FA0346D3F8943DAF
:10B4300007F13001D3F8D43007F134009847798F01
:10B44000E3684A1E1A44B2FBF1F202FB00F0228AC2
:10B45000013B1344B3FBF2F32A4A013BA2FB008EEB
:10B460004FEA9E11E1662F492F4F6167616D01FB25
:10B470000300A2FB00C0236D03EB901101EB8103DD
:10B480005B00A7FB037301EB5311284B2846A3670E
:10B49000274B1E80FEF7BEFB04F1740393E8030004
:10B4A0008DE80300683494E80E002846FEF79EFA03
:10B4B000044683E702F058F90446154A154B0092FA
:10B4C000DC21154A2CA8019409F0E4F92B46194A0D
:10B4D00089E70123FC21184A184802F09BF913461A
:10B4E000F821174A154802F095F91346F2E70123AF
:10B4F000F6E700BFD4D80120A4D90120A0D90120AB
:10B5000078D90120D34D6210C1B20000C9AF00004C
:10B51000E8920100AC910100BC9101002093010070
:10B5200004920100D9AE00001F85EB51C9AC0000A8
:10B530009CD90120F0920100889301006C940100D5
:10B540005893010008B5FEF7C7FA002008BD00BFF8
:10B55000F8B590F8447D06463846FEF7E7F9A42191
:10B5600001FB07610546D6F8940D4831D0F8443107
:10B57000984788BBD6F8943DCC21D3F8882018682A
:10B580009047A8BB3846FEF7D1F9436F03B19847FF
:10B5900007EB470402F0E8F806EBC40401E002F010
:10B5A000E3F8C5F88800D4F878381B1A002BF6DCCD
:10B5B00002F08AF9002002F08BF9A42101FB076751
:10B5C000D6F8943D796F5A6A1868904750B902F0DE
:10B5D000CBF8C6F8C80CF8BD4FF4C971074A084843
:10B5E00002F018F940F2A711064A054802F012F9D4
:10B5F00040F29311044A024802F00CF980940100D1
:10B6000088950100C8940100A0850100F0B590F86C
:10B61000444D064683B02046FEF788F990F89C30EA
:10B620000546002B51D1A42101FB0461D6F8940DED
:10B630001C31D0F844319847002840F09580D6F866
:10B64000943D0221D3F8882018689047002840F0E4
:10B650008580D6F8943D06EB440206EB8401B2F8EF
:10B66000F229D1F8A419DF6C1868B84700286FD107
:10B670002046FEF75BF9436F03B1984704EB44049F
:10B6800002F072F806EBC40401E002F06DF8C5F8B0
:10B690008800D4F878381B1A002BF6DC95F89C301B
:10B6A000002B3FD0012002F013F995F8C4302BBBDA
:10B6B000D6F8943D1A6A18689047002842D102F0E3
:10B6C00053F8C6F8C40C03B0F0BDA42101FB04611B
:10B6D000D0F8A870B0F9A430D0F8A020896A20462C
:10B6E000009700F0F3F9331993F8503A072B9AD1E9
:10B6F000304603B0BDE8F04001F034BF01213046D0
:10B7000001F026FF95F8C5307BB1D6F8943D1A6C50
:10B71000186890470028D2D040F27911154A16488F
:10B7200002F078F802F0D0F8BCE7D6F8943DDA6B76
:10B73000186890470028C2D040F27D110F4A0E4889
:10B7400002F068F84FF4C1710D4A0B4802F062F83C
:10B750004FF4AF710B4A084802F05CF84FF4AE7139
:10B76000094A054802F056F840F25B11074A0248C0
:10B7700002F050F8AC8B01006C950100F48B0100D5
:10B78000808D0100C88A0100788A01001C950100A3
:10B790002DE9F04F0446F5B0159002F00BF8204665
:10B7A000FEF7C4F8012304462022002123701AA8C2
:10B7B00009F0F5FA41F2210340F2FF1141F60F5270
:10B7C000B4F83080A66AB8F1000F08BF9846BC4BA9
:10B7D000B4F806C0002E08BF1E4694F82130B4F815
:10B7E00022E002936369A78DB4F82E90B4F824B0D8
:10B7F000D4F80CA0CDF824C0CDF80CE0D4F818C0D3
:10B80000D4F81CE0049394F82030002F08BF0F46B2
:10B81000B9F1000F08BF91460021A4224BA8ADF852
:10B8200022B0079394F91050B4F826B0CDF828A0B0
:10B83000CDF814C0CDF818E009F0B1FA2379002B47
:10B8400000F0D480029BCDE91E6A8DF87130049B14
:10B850004FF0000A1793079BDDF80CE08DF8683075
:10B860004FF00003DDF824C0ADF86CE0ADF872C015
:10B87000DDF818E0DDF814C0BDF82220CDF860C076
:10B88000CDF864E00DF15C0C0DF5987EADF86E20FE
:10B89000ADF85230ADF85030CDE911AACDE90FAA7C
:10B8A000ADF874B0ADF88090ADF88280ADF88470DA
:10B8B0008DF88650CDF84CA0CDF82CA0CDE90DAA7E
:10B8C000BCE80F00AEE80F00BCE80F00AEE80F00C8
:10B8D0009CE807008EE80700CDF830A0049B8DF8A7
:10B8E0005A514C93059BADF848B14D93069B539626
:10B8F0004E93079BADF854918DF83C31039BADF806
:10B900005681ADF84031BDF82230ADF85871ADF830
:10B910004231029B22AD8DF84531099BA422ADF83E
:10B9200046310A9B4BA954930D9B284657930E9B77
:10B9300058930F9B5993109B8DF86831119BADF86C
:10B940006C31BDF85030ADF86E31129B8DF871310D
:10B950000B9BADF87231BDF85230ADF87431139BCA
:10B96000CDE95E3A0C9B629309F00CFA0023CDE915
:10B970004B33CDE94D33CDE94F33159B514A8DF80B
:10B980002C3123795049002B0ABF11460422012291
:10B990004C918DF82D2194F87030003B18BF012395
:10B9A0008DF83631A36E4E93FDF7B6FF2279D0F8AD
:10B9B000943D002A40F0818032A82EA9D3F8D030DF
:10B9C00098475090FDF7A8FF2379002B65D0A26D12
:10B9D000E3884BA9009501F07BF90446002865D166
:10B9E00001F0EAFE204675B0BDE8F08F8DF8865074
:10B9F000049DBDF8221017950D951D46039A0298D7
:10BA0000DDF818C0DDF81CE0DDF828A0ADF8847082
:10BA1000059FCDE91206CDE910E2CDE90E7CADF827
:10BA20008090ADF88280ADF86C20ADF86E108DF886
:10BA30007100ADF874B01E961897CDF864C08DF8FB
:10BA400068E0ADF852B0ADF850109B46CDF87CA040
:10BA5000ADF8223023890DF15C0EADF872300DF592
:10BA6000AE7C0B93BEE80F00ACE80F00BEE80F0001
:10BA7000ACE80F009EE80700CDE90255CDE9065578
:10BA8000CDE904550A9509958CE80700636B2F46AC
:10BA9000A846A9462E460C9320E7226E23894BA97F
:10BAA000009501F015F90446002899D0012401F011
:10BAB00083FE204675B0BDE8F08F27A823A97DE757
:10BAC000A495010051B500000DB600002DE9F0432A
:10BAD000B7B015468846A422002181460DA81F460E
:10BAE0003E9E09F05CF92022002105A809F057F9D3
:10BAF00004238DF81430012304968DF8213026FAA2
:10BB000003F3B60803962495029302AC19AD0FCC4B
:10BB10000FC50FCC0FC5CDF8288094E80700ADF80D
:10BB2000BC7085E80700FDF7F7FE064601F0CCFE85
:10BB3000002001F0CDFED6F8943D0021D3F89020EE
:10BB40001868904700287BD1D6F8943D2199D3F806
:10BB50008C201868904700286DD1D6F8943D19A91B
:10BB6000D3F8982018689047014600285ED1D6F88F
:10BB7000943DD3F8882018689047002851D1D6F812
:10BB8000943D4FF0FF315A6A18689047002843D11E
:10BB900001F0EAFD00F1080401F0E6FD201A00289A
:10BBA000FADC01F0E1FDC6F8C80C01F0DDFD8046CD
:10BBB00007E0249A08EB020401F0D6FD221A002ABD
:10BBC00015DDD6F8943D0DF10601D3F8C8201868AC
:10BBD00090470546D8B9BDF90600B842E9DB07230E
:10BBE000B14480B289F8503A37B0BDE8F083D6F856
:10BBF000943D29469A691868904730BB0623BDF8E2
:10BC000006004E4486F8503A37B0BDE8F0837B21F9
:10BC1000104A114801F0FEFD7021104A0E4801F053
:10BC2000F9FD6F210E4A0C4801F0F4FD6D210D4A1B
:10BC3000094801F0EFFD6B210B4A074801F0EAFDCE
:10BC40006A210A4A044801F0E5FD8521084A0248B4
:10BC500001F0E0FD5C970100F097010008970100FA
:10BC6000B896010050960100F4950100A8950100D6
:10BC7000A49701002DE9F04790F8444D054682B0A5
:10BC80002046FDF753FE90F89C300646002B66D107
:10BC900004EB840704EBC707BF00D5F8943D07F118
:10BCA0001C09A9444946D3F8F42018689047002895
:10BCB00040F089804FF0A40808FB0458D5F8943D63
:10BCC000D8F82820D3F848A0186898F93010D04741
:10BCD000002872D1D5F8943D40F20241D3F8882073
:10BCE00018689047002862D105EB4400B0F8F2E9EB
:10BCF00005EB8400D0F8A4C907F1A202D5F8947D21
:10BD0000B8F832303868CDE900CE4946D7F8F87037
:10BD10002A44B847002844D104EB440401F024FD30
:10BD200005EBC40401E001F01FFDC6F88800D4F85B
:10BD300078381B1A002BF6DC96F89C3043B30120B0
:10BD400001F0C6FDD5F8943D1A6A1868904710BBFB
:10BD500001F00AFDC5F8C40C02B0BDE8F087A421CB
:10BD600001FB0451D0F8A870B0F9A430D0F8A0209D
:10BD7000896A20460097FFF7A9FE2B1993F8503ADD
:10BD8000072B85D1284602B0BDE8F04701F0EABB99
:10BD900001F09AFDD3E740F245110E4A0E4801F03A
:10BDA00039FD4FF49A710D4A0B4801F033FD4FF401
:10BDB00099710B4A084801F02DFD40F22F11094AF4
:10BDC000054801F027FD40F22D11074A024801F015
:10BDD00021FD00BF808D0100B49A01009C990100F3
:10BDE000349901007C9801000C9801002DE9F04184
:10BDF0000546DAB001F0DEFC2846FDF797FD022289
:10BE000003790270002B00F097800023CDE9033303
:10BE1000CDE90533079390F90C304E4A8DF81C306C
:10BE2000437B04468DF80D30012B037C8DF81030D8
:10BE3000C3895BBAADF80E300CBF022303238DF823
:10BE400011304369002B08BF1346029383680593A2
:10BE500083698DF81830066A002E5DD0ADF81E603B
:10BE600031AF0126A4220021384608F098FF0DF1D9
:10BE7000C80C0DF1080EBEE80F00ACE80F009EE8FC
:10BE80000300A4228CE80300394608A88DF8C4609A
:10BE900008F078FF00230293FDF73EFDD0F8940DE3
:10BEA0006279D0F8046102AB006809A9B04760BBB1
:10BEB00006232949CDF8CE00CDF8C600CDF8CA003A
:10BEC000CDF8D20032918DF8C450ADF8D6008DF87F
:10BED000C53094F87030029A003B18BF01238DF8EA
:10BEE000CE30A36E36923493FDF716FD08A9637920
:10BEF000A26D0091394600F0EBFE044628B901F02E
:10BF00005BFC20465AB0BDE8F081012401F054FCEE
:10BF100020465AB0BDE8F0813196FDF7FDFCD0F81F
:10BF2000943D31AF3A46D3F80881186802A9C0475A
:10BF300048B1ADF81E6094E7052401F03DFC2046B1
:10BF40005AB0BDE8F0813199013901F085FC86B223
:10BF5000EFE700BFD09A010075BC000030B585B096
:10BF60006A4603460DF10D0493F87418183302F86D
:10BF7000011B9442F8D1FF2500F60B2E00F6182481
:10BF80004FF0000C6946FF20634611F8012B9042E8
:10BF900028BF5FFA83FC03F1010328BF10460D2B75
:10BFA000F3D10CF110030EF801CF6B44A64503F852
:10BFB000105CE5D105B030BD10B5484CB8B00DF1FE
:10BFC000040C0FCCACE80F00236801A82CF8023B4E
:10BFD0001A0C8CF8002001F093FC0023DC21404A6D
:10BFE00001A808F057FC01A801F08AFC0123DC211C
:10BFF0003C4A01A808F04EFC01A801F081FC032393
:10C00000DC21394A01A808F045FC01A801F078FCC0
:10C010000423DC210DEB0300344A08F03BFC01A8AB
:10C0200001F06EFC0923DC21314A01A808F032FC42
:10C0300001A801F065FC0C23DC212E4A01A808F0C0
:10C0400029FC01A801F05CFC0223DC212A4A01A89A
:10C0500008F020FC01A801F053FC0A23DC21274A48
:10C0600001A808F017FC01A801F04AFC0B23DC2111
:10C07000234A01A808F00EFC01A801F041FC0523A9
:10C08000DC21204A01A808F005FC01A801F038FCD9
:10C090000623DC211C4A01A808F0FCFB01A801F0E2
:10C0A0002FFC0723DC21194A01A808F0F3FB01A8A3
:10C0B00001F026FC0823DC21154A01A808F0EAFB60
:10C0C00001A801F01DFC0D23DC21124A01A808F093
:10C0D000E1FB01A801F014FC38B010BDD49A0100B6
:10C0E000E89A0100009B0100249B0100449B010091
:10C0F000689B0100889B0100AC9B0100C89B01006C
:10C10000E89B0100089C0100289C01003C9C010068
:10C11000589C01007C9C01002DE9F0414B780E7881
:10C120000F2B29D0132B27D000EB8607D7F8982D9B
:10C130000D4606F2EC4300EB46010446D2F850806F
:10C1400000EB4303B1F8F2191068D7F8A429C047EF
:10C15000002840F087806B788BB9A42101FB06434F
:10C16000012219461A76D7F8983D8031D3F8C020BD
:10C170001868904700286FD10020BDE8F081013B8E
:10C18000112B27D801A252F823F000BF2FC20000C4
:10C1900005C20000D5C10000D5C10000D5C1000016
:10C1A000D5C10000D5C10000D5C100005BC10000B1
:10C1B000D5C10000D5C10000D5C10000D5C1000027
:10C1C000D5C10000D5C10000D5C10000DBC1000011
:10C1D000DBC100000120BDE8F081A42303FB06427F
:10C1E000002011461076D7F8983D8031D3F8BC2056
:10C1F000186890470028BFD040F21E511C4A1D48C5
:10C2000001F008FBA42101FB0643022219461A761D
:10C21000D7F8983D8031D3F8C4201868904700289B
:10C22000AAD040F21451144A124801F0F3FAA421A2
:10C2300001FB0643002219461A76D7F8983D803153
:10C24000D3F8BC2018689047002895D040F20B51D5
:10C25000074A084801F0DEFA40F20251074A054851
:10C2600001F0D8FA40F2F941054A024801F0D2FA49
:10C27000C89D0100E0A30100589E0100389D010007
:10C28000909C01000122002380F8522D80F8D03DBF
:10C2900001F08ABA0C2910B50FD800EB8101D1F852
:10C2A0005C3D04467BB1002280F8532DD1F81C0A76
:10C2B0009847012384F8533D10BD4FF4C661054AE9
:10C2C000054801F0A7FA40F23561024A024801F040
:10C2D000A1FA00BFC0BA010034A4010000232DE977
:10C2E000F04784B0039300EB810601EB4103C6F8ED
:10C2F000042D00EBC30393F86D3804460D469046B9
:10C300004F0093B15A1E0D2A4AD8DFE812F04B00B5
:10C3100049000B01DD001A01F4000E0049000E0077
:10C3200049004900490049004B00D6F8983D0021DA
:10C330009A6A18689047A42101FB0541D6F8983DF8
:10C340000022D3F81C91186891F8491003ABC84734
:10C3500000202F4404EBC70797F86D38A3F10A02B9
:10C36000032A05D9103B022B3AD804B0BDE8F08768
:10C370000022D4F8CC3CD6F8DC1BA8EB030319440C
:10C38000C6F8DC1BD4F8B41CC4F8C42C1944C4F897
:10C39000B41CC4F8C82CC4F8CC2C04B0BDE8F08799
:10C3A0000020DBE7D6F8983D00219A6A186890478C
:10C3B000A42101FB0541D6F898CD0DF10C0E0A6DB4
:10C3C000DCF80000896C2F44CDF800E00023DCF895
:10C3D000189104EBC707C847002097F86D38BDE7F0
:10C3E000D4F8C41C039AF1B1D6F8743BA8EB01074A
:10C3F0003B44C6F8743BC6F80C7BD4F8AC5C07FB36
:10C4000002F33D44C4F8AC5C594DA5FB0353D6F888
:10C41000105C05EB9315C6F8105CD4F8B85C05EB1E
:10C420009315C4F8B85CD4F8C83CF3B1D6F8A85B4F
:10C43000A8EB03031D44C6F8403BC6F8A85BD4F83C
:10C44000B05C03FB02F71D44494BC4F8B05CA3FB8E
:10C450000753D6F8445C05EB9315C6F8445CD4F852
:10C46000BC5C05EB9315C4F8BC5CD4F8CC3CE3B1E0
:10C47000A8EB0308D6F8DC3B08FB02F24344C6F8FD
:10C48000DC3BD4F8B43C4344C4F8B43C384BA3FB85
:10C490000232D6F8783C03EB9213C6F8783CD4F815
:10C4A000C03C03EB9213C4F8C03C0023C4F8C43C66
:10C4B000C4F8C83CC4F8CC3C00293FF456AFD6F8C9
:10C4C0000C1B01F061F850E74FF0A40909FB054986
:10C4D000D6F8982D2F44D2F814A1106803ABD9F8E0
:10C4E0003C2099F9461004EBC707D047D9F83C0027
:10C4F00097F86D3832E74FF0A40909FB0549D6F8E3
:10C50000982D99F93010D2F814A11068D9F8282084
:10C5100003AB2F4404EBC707D047D9F8280097F89E
:10C520006D381BE74FF0A40909FB0549D6F8982D93
:10C5300099F92C10D2F814A1106803ABD9F828206F
:10C54000E7E74FF0A40909FB0549D6F8982D2F44D9
:10C55000D2F814A1106803ABD9F8382099F9441027
:10C5600004EBC707D047D9F8380097F86D38F5E6DF
:10C57000D34D62102DE9F84F00F5256600274FF0E6
:10C580000D0A4FF004098046B34600F61C2500F65C
:10C59000780406E004355D4504F1180406F101064F
:10C5A00032D014F8023C032BF4D1D5F8B432013365
:10C5B000C5F8B43214F80C3C08EB030282F8C87AD0
:10C5C0000A2203F2B62348F8237004F80CAC276063
:10C5D0006760A76004F8029C04F8037C3270D5F809
:10C5E0007C33C8F8943DD5F840337BB188F8537D4F
:10C5F00028689847012304355D4588F8533D04F1C8
:10C60000180406F10106CCD1BDE8F88F40F235617F
:10C61000014A024801F0FEF8C0BA010034A401004A
:10C620002DE9F04F0546BDB001F09EF84FF0000B2C
:10C6300095F8442DDA4602EB420205EBC20292F86D
:10C6400076280646022A0CBF4FF00709D9462F4626
:10C650002C46DFF8208306E00BF1010BBBF10D0F38
:10C6600004F118042FD094F87638012BF4D1D4F8C3
:10C670007838F31A002BC4BF06EB0903C4F87838E6
:10C68000D4F87C38F21A4245E6DD06F5FA6184F802
:10C6900074B8C4F8781884F876A8DC21CDE900369F
:10C6A00002925B46B44A05A808F0F4F805A801F028
:10C6B00027F90BF1010B2846FFF750FCBBF10D0FDA
:10C6C00004F11804CFD195F8443D03EB430205EB88
:10C6D000C20292F876085900022800F0AC812B467D
:10C6E000032105F59C7493F8762832B9D3F878289D
:10C6F000921B002AB8BF83F8761818339C42F2D1F7
:10C700004FF0000C05F60B2009E002291AD00CF1BD
:10C71000010C5FFA8CFCBCF10D0F00F0868110F863
:10C72000012F02EB420305EBC30393F876184FEA9F
:10C73000420E0129E9D8D3F87838991B0029E6DBA5
:10C74000994601E0D3F87898964405EBCE0EBCF1FB
:10C750000C0F9EF86CA800F0F5810CF60C2EAE4480
:10C76000704605F6182805E0BBF1020F00F0A08026
:10C77000404523D010F8012F02EB420305EBC30321
:10C7800093F876B85100BBF1010FEDD8D3F878B823
:10C79000ABEB0603002BEBDB114405EBC101D1F839
:10C7A00080385B44A3EB0902002AE1DA9B1B002BD3
:10C7B000A4BFD94691F86CA84045DBD1AB460AEB43
:10C7C0004A0A05EBCA0A0AF66C0ABAE80F00ABE897
:10C7D0000F004A469AE803008BE803000CEB4C0C70
:10C7E00005EBCC0C1EF8013F0CF1180C03EB4303D6
:10C7F00005EBC30393F87638012B08BFCCF87828F3
:10C80000C645EFD1EB689B1B55D4D5F8CC2D934290
:10C8100061D895F8442D297802EB420305EBC30358
:10C8200093F87688B8F1020F40F0708193F86C08A5
:10C83000884200F079814FF0030902F2663283F8F2
:10C84000769855F8223000219A6918689047002898
:10C8500040F0B78195F8443D484903F2663355F8F6
:10C860002330D3F8802018689047002840F0A38137
:10C8700085F8510D01F02CF801F028F895F844AD39
:10C8800000F072FF514602462846FFF727FD2B783D
:10C8900085F8443D01F016F895F8443D03EB430359
:10C8A00005EBC303002800F07C8183F876986AE1E9
:10C8B000D3F878B870E7AB7A022B0CD00322D5F806
:10C8C000383D0133C5F8383D2B7803EB430305EBC6
:10C8D000C30383F8762895F8502D02EB420305EB4D
:10C8E000C303D3F8783851009B1B002B04DDD5F827
:10C8F000CC0D984200F2C28095F8443D03EB43030F
:10C9000005EBC30393F87638022B02D02846FFF7D5
:10C9100031FE00F029FF2E464FF0030A8046DFF873
:10C92000609002E01836B44215D096F87638002BA5
:10C93000F8D1D6F87838B3EB0803F3D586F876A8A3
:10C940004A46DC2105A807F0A5FF183605A800F027
:10C95000D7FFB442E9D12B464146D3F878281833A3
:10C96000501A0028A8BF111D9C42F6D10023FF24B5
:10C970000DE000BFC0D40100E89E0100FEFF7F0073
:10C98000C89F010001330D2B07F1180715D097F848
:10C990007628012AF6D8D7F87828501A0028F1DA34
:10C9A000A2EB08000028A8BFDCB203F10103A8BF76
:10C9B00011460D2B07F11807E9D195F8442DAB1856
:10C9C00093F8C83A43B102EB420305EBC30393F873
:10C9D0007608022800F08980FF2C64D095F8D03DBD
:10C9E0001BB1D5F84C3D8B425DD00126A1EB08036D
:10C9F000C5F84C1DD5F8CC1D85F8504D9942C5F8A9
:10CA0000483D85F8906DC0F0AD80002385F8526DEB
:10CA100085F8D03D02EB420305EBC30393F876188B
:10CA200002294BD03DB0BDE8F08F28463DB0BDE8AF
:10CA3000F04FFFF79FBD92F86D28022A19D81944CC
:10CA400005EBC101D5F8CC2DD1F878080232121AC5
:10CA50003244C1F8802891F87528002A3FF43FAE8F
:10CA600081F874380023284681F87538FFF776FA84
:10CA700035E6113A012A3FF632AEE0E795F8903DEF
:10CA8000012B7FF439AF2B7893423FF435AF8B18ED
:10CA900005EBC30393F87628002A7FF42DAF032219
:10CAA00083F8762828E7002385F8903D02EB4203BF
:10CAB00005EBC30393F876180229B3D1A91891F8AE
:10CAC000D10D0028AED1012081F8D10DD3F87038F6
:10CAD000002BA7D0284602F2663255F82220C5F86E
:10CAE000942D3DB0BDE8F04F184702F2B62055F83E
:10CAF0002000D3F8783803440833581A002853DB51
:10CB0000FF2C55D0A24208BF194667E785F8441D9F
:10CB100000F0D8FE95F8443D03EB430305EBC30357
:10CB200070BB022283F8762895F8502D02EB420361
:10CB300005EBC303D3F8783851009B1B002B3FF75C
:10CB4000D6AEE6E6AE460AEB4A0C05EBCC0C0CF68C
:10CB50006C0CBCE80F00AEE80F009CE803008EE808
:10CB600003004FE6A3EB010800F04EFE2A464046C4
:10CB7000174900F023FE95F8442D85F8D06D49E75C
:10CB8000032283F8762895F8502D02EB420305EB3B
:10CB9000C303D3F8783851009B1B002B3FF7A7AE97
:10CBA000B4E683F87688BFE7A3EB08000028A7DB8C
:10CBB0001946144610E740F23B31064A064800F099
:10CBC00029FE40F23931054A034800F023FE00BF38
:10CBD00085C20000849F010048A40100409F01001D
:10CBE000F8B540F6E8520D460021044608F0D7F8A3
:10CBF00000221327042623461046C4F8945D04F649
:10CC0000945C83F86C2801320D2A83F86D78C3F8A0
:10CC1000700883F8766883F875084CF8045F03F1B0
:10CC20001803EED14FF00B33C4F8D10DC4F8503ACD
:10CC3000C4F8543AC4F8583A84F85C3AC4F8D50DAC
:10CC4000C4F8D90D84F8DD0D3422002104F61C202F
:10CC500008F0A5F83422002104F65C5008F09FF893
:10CC60000123677084F8533DA67204F60C304FF42C
:10CC70000C72002108F093F80823C4F8CC3DBDE8FD
:10CC8000F840FFF799B900BF0C2908B515D800EB9B
:10CC9000810E8446DEF85C0D48B942B18C440B210C
:10CCA0008CF8501ACEF85C2DCEF81C3A08BD40F234
:10CCB0001711054A054800F0ADFD4FF48971024A8D
:10CCC000024800F0A7FD00BFC0BA010068A401003F
:10CCD0002DE9F04F0D78BBB00C2D009200F2C4800E
:10CCE0009B464B680F46002B00F0B28000EB850896
:10CCF000D8F85C3D0446002B00F0AA808B7A012B0B
:10CD000000F2AC8000F030FDBB7A002B6DD0FB68E8
:10CD10001A1A58498A4202D99842C0F0828005EB1B
:10CD2000450304EBC30393F876986E00B9F1020F44
:10CD30007AD0B9F1040F14D0DFF83CE10DF10C0CFE
:10CD4000BEE80F00ACE80F00BEE80F00ACE80F0033
:10CD50009EE803004CF8040BACF8001003A800F0A8
:10CD6000CFFD0B234FF0A40ABC4604EB050989F85C
:10CD7000503A0AFB0543771904EBC70707F66C0E18
:10CD80000193BCE80F00AEE80F00019B9CE8030094
:10CD900052468EE8030003F11800449907F0F2FFB1
:10CDA000009B04EB4502C8F8A4390023A2F8F2B9AD
:10CDB00089F8D13D97F8753853B305F10D03DBB20F
:10CDC0002E4404EBC606D6F8782886F87438204638
:10CDD000C6F87C28FFF7C2F894F8513D63B14FF0D4
:10CDE000000948463BB0BDE8F08FFB681A1A002ADC
:10CDF0008FDC4FF00309F4E794F8543D002BEED19B
:10CE000094F8E43D002BEAD12046FFF709FCE6E761
:10CE100097F8763803EB430203EB82032B44DBB233
:10CE2000CEE74FF00409DCE7144D03AC0FCD0FC47F
:10CE30000FCD0FC40FCD0FC495E8030044F8040BC9
:10CE400024F8021B090C03A8217000F059FDC8E763
:10CE500040F247110A4A0B4800F0DCFC4FF4A6717F
:10CE6000094A084800F0D6FC4FF4A171044A05486D
:10CE700000F0D0FC0051250240A0010008A00100F4
:10CE8000C0BA010058A40100F89F01000C2938B570
:10CE90002FD801EB410100EBC10191F8763804462F
:10CEA000032B0AD8022B0AD0032381F8763890F896
:10CEB000513D13B990F8E43DBBB1002038BD91F865
:10CEC0006D38142B04BF152381F86D38012380F8C9
:10CED000513D90F8445D00F047FC04EB8505C5F832
:10CEE000940A00F061FC002038BDFFF799FB002098
:10CEF00038BD40F28911024A024800F08BFC00BFA5
:10CF0000C0BA010024A401000C290AD800EB810C4E
:10CF1000DCF894CA0844C2F800C090F8502A1A708D
:10CF2000704740F2B51108B5014A024800F072FCA2
:10CF3000C0BA010014A4010010B504464FF40C72ED
:10CF400001F60C3107F01EFF204610BD2DE9F0431D
:10CF500090F8E43D0546C9B0002B69D190F8444DE6
:10CF600004EB440300EBC30393F87628022A40D075
:10CF700095F8513D002B45D095F8444D04EB440302
:10CF800005EBC30393F87628022A40F2528104AFDE
:10CF900034220021384607F002FF4FF0000905F661
:10CFA000945605F6C8583946002385F8519D56F821
:10CFB000044F51F8042BA24204D0002A5CD0013364
:10CFC0000D2BF6D1B045EED1C64D11AC0FCD0FC42F
:10CFD0000FCD0FC495E80F0007C411A8238000F0FF
:10CFE0008FFC002000F074FC49B0BDE8F04300F075
:10CFF0006DBC93F86D28142A29D190F8513D002B6F
:10D0000040F01C8195F8523D7BB1002195F8443DDC
:10D0100085F8521DEA1892F8C82A002A40F0F080DC
:10D0200095F8E43D002B00F0E58049B0BDE8F083C1
:10D03000D0F8E03D002BF8D090F8512D002AF4D024
:10D04000002280F8512D49B0BDE8F0431847A649A9
:10D05000D0F8580D88421DD0D3F8784800F084FBF2
:10D06000241A14F5FA3F83D54FF4EE7195F8443D38
:10D070009E4A9F4800F0CEFB47F823400121636998
:10D080002068984700289DD04FF41271994A98481B
:10D0900000F0C0FB95F8513D002BB3D00023152ABA
:10D0A000039300F00B810E2A22D005EB8406D6F8FC
:10D0B000983D03A9D3F8842018689047002840F0D1
:10D0C000218204EB440305EBC30191F86D18039A28
:10D0D00012294FEAC30300F0E1809103C6F8602AE9
:10D0E00040F1F3800D232C4484F8503A95F8444DD8
:10D0F0002B1993F8503A0C2B00F0DC8005EB8403DD
:10D100002146D3F8942A2846FFF7E8F895F8441DFD
:10D110006B1893F8503A022B52D0012B40F0DF806D
:10D1200001EB410305EBC30393F86D384800092B6D
:10D130004FD000224FF00D0C0427084485F8532DE2
:10D1400005EBC00494F86C6801F2663305EB060E3B
:10D1500006F2B6268EF8C82A45F8262084F86CC850
:10D16000C4F87828C4F87C2884F87678C4F8802835
:10D1700084F8752855F8233001215A6918689047BA
:10D180000446002840F0C48195F8441D284601F269
:10D19000663355F82330C5F8943DFFF77BF82846F1
:10D1A000FFF7E8F9012295F8E43D85F8514D85F83F
:10D1B000532D002B7FF415AF2846FFF731FA10E707
:10D1C00001EB410305EBC30393F86D384800082BCE
:10D1D000AFD101F2663355F823302846C5F8943DA7
:10D1E000FFF758F8002295F8E43D85F8512D002B03
:10D1F0007FF41BAF284649B0BDE8F043FFF710BAF3
:10D2000003EB430205EBC20203F2B623D2F87848DF
:10D2100055F823301C4400F0A7FA241A082C7FF597
:10D22000FFAE284695F8441D49B0BDE8F043FFF72E
:10D230002DBE93F86D28142A7FF430AF11262A19D9
:10D2400005EB840382F8506A2146D3F8942A2846D5
:10D25000FFF744F80024012395F8441D284601F205
:10D26000663255F8222085F8543DC5F8942D85F88E
:10D27000514DFFF70FF895F8443D85F8544D03EBF9
:10D28000430305EBC30393F86D38152B3FF4CDAE84
:10D2900095F8513D002B7FF4C8AEC1E612F00801AD
:10D2A00057D112F0C00F5BD02C4484F8501A95F877
:10D2B000444D1DE7002385F8513DB6E612232C446A
:10D2C00084F8503A95F8444D12E712F4802313D0B5
:10D2D0000E232C4484F8503A95F8444D08E7480052
:10D2E00027E700BFB0A30100EE4B0DF068A00100DE
:10D2F00008A4010054A3010012F4002139D0D6F88B
:10D3000098CDA42606FB0456049311930DF10B0748
:10D310003B70DCF8000096F898100097DCF840812C
:10D3200004AA11ABC047002840F0D7800F23D6F8DD
:10D330009C20119839785060D6F89C202C441172AA
:10D34000D6F89C200499116084F8503A95F8444D21
:10D35000CEE605232C4484F8503A95F8444DC7E6B0
:10D36000500750D40A232C4484F8503A95F8444D81
:10D37000BEE6D30212D5A423102003FB04532A19BE
:10D3800082F8500AD3F89C205160D3F89C20117287
:10D39000D3F89C30196095F8444DA9E6970744D519
:10D3A00003222B1983F8502A6B78062BDED1A42791
:10D3B00007FB0457D6F8983D1C3700223946D3F8AE
:10D3C00000811868C047002846D1D6F8983DADF8CE
:10D3D000440005EB4404B4F8F2291868D3F80C4172
:10D3E000394611ABA04700287DD14FF47A71BDF8C2
:10D3F0004420D6F8943AB2FBF1F29B1AC6F8943A5C
:10D4000095F8444D74E6042203F66C032C44284638
:10D41000E91884F8502AFEF77FFE0128A6D140F2D1
:10D42000BB31434A434800F0F5F912F0C00F06D073
:10D4300000232C4484F8503A95F8444D58E61007E0
:10D4400087D4510717D493050CD501232C4484F8B5
:10D45000503A95F8444D4BE640F2ED31364A3548A6
:10D4600000F0D8F9D7051BD502232C4484F8503A94
:10D4700095F8444D3CE61821042201FB04512B1978
:10D48000284683F8502A01F66C01FEF745FE012874
:10D490007FF46CAF40F20B41254A264800F0BAF900
:10D4A000500526D5A4230C2104FB03F32A1982F886
:10D4B000501AD6F8980D03F1A2021C33E9182A4439
:10D4C000D0F8FC300068984700283FF44FAF40F296
:10D4D0001A411A4A174800F09DF940F2D731184A0C
:10D4E000144800F097F940F2F531164A114800F05F
:10D4F00091F9110512D508232C4484F8503A95F877
:10D50000444DF5E540F2A731094A0A4800F082F996
:10D5100040F22D210C4A0D4800F07CF9D3047FF530
:10D5200021AF09232C4484F8503A95F8444DDFE5A7
:10D53000C0BA0100F4A301001CA101005CA201001B
:10D540007CA00100A4A1010020A3010008A4010007
:10D550000029034B08BF0023C0F8583D704700BFA7
:10D56000EE4B0DF038B50123044680F8513D90F89C
:10D57000445D00F0F9F804EB8504C4F8940ABDE8B2
:10D58000384000F011B900BF2DE9F843464C23683C
:10D59000D3B15A78C2B11B78022B15D08846054604
:10D5A00000F0E2F826680746717869B13346002436
:10D5B0005A68601C954202D39A68954206D3C4B259
:10D5C0008C4203F15003F3D1BDE8F88304EB8403EC
:10D5D00006EB031335481A69354DA0FB0212354995
:10D5E000D20B02FB1171A0FB010C4FEADC32A5FB50
:10D5F00002521209C2EB42151B7D6D00C5EB9C3532
:10D600002D4803EB550505F0FF05A0FB052000F0B4
:10D61000F002A2EB1012A5EB4205B8F1010F4FEAA0
:10D620008409EDB228D94FEA580808F10108234AC5
:10D63000914224D2AB422BD0002009EB0401C90057
:10D640000133DBB21D2B88BF00231A460A4408327F
:10D6500006EB42029D42D080F2D1A14405EBC90302
:10D6600006EB430306EB0919A3F81680C9F81070FE
:10D6700089F81450BDE8F8834FF00108D7E750202F
:10D6800000FB04603C220021163007F088FBE4E731
:10D690000B4B9942E1D809EB040305EBC30306EBFE
:10D6A0004303DB8A9844D8E7A8D9012073B2E74541
:10D6B00043082184C0D401008988888880EE360020
:10D6C000BFD40100054B1B7823B1054A054B1068F8
:10D6D0001B6818470122044B1A707047D1070020BD
:10D6E000B8D90120B4D9012086DA0120054B1B7876
:10D6F00023B1054A054B10681B6818470122044BEB
:10D700001A707047D1070020B0D90120ACD9012090
:10D7100085DA012008B528B1094A1060BDE8084043
:10D72000FCF7E2B807496D23074A0848F5F754FAB1
:10D730000748F5F751FA6D210348F5F743FA00BFA2
:10D74000BCD90120C4A4010078A401003C5D010003
:10D75000D0A4010040F63540002108B505F0A8FB33
:10D760000120F5F747FA00BF08B506F0BDFA4FEA09
:10D77000401E4B01BEEB000E43EAD06363EB010396
:10D780004FEA8E029B0012EB000C43EA9E7341EBC2
:10D790000301C90047F6122200234FEACC0041EAF8
:10D7A0005C71F3F75BFA08BD014804F04FB800BFA5
:10D7B00054080020704700BF704700BF40F2E73CAC
:10D7C0000E4B30B519600E4947F6122E03460A601B
:10D7D0006046002183B0E3FB0E014FF47A72002310
:10D7E000F3F73CFA0024002502460B460548CDE934
:10D7F000004506F04DFB03B030BD00BFB4D9012099
:10D80000B8D90120F0070020014806F0AFBB00BFE7
:10D81000F00700200D460CB400B5C5B046AC034679
:10D82000FF210C4A009504A854F8045B07F032F875
:10D83000C14323460394C4B204A82A46C9B2204473
:10D8400007F05CF80146214404A8C9B200F042F890
:10D85000FFF780FFF0A40100814230B50C4638BFCD
:10D86000044681420D4628BF05460134641B83B03F
:10D8700008BF4FF0FF3404210DEB0100F6F708FE5E
:10D880000198B0FBF4F304FB1300284403B030BD4F
:10D8900070B50A460646074C074B084D20680849F4
:10D8A0002E601A6000F00EFA2068BDE8704000F0AB
:10D8B0000DBA00BFBCD90120B0D90120ACD90120DC
:10D8C000EDD6000000207047704700BF704700BFD2
:10D8D000704700BF08B50B46F22B28BFF223054A5C
:10D8E000014613701278044807F04CFA0122034BEA
:10D8F0001A7008BDC3440220D0430220C244022053
:10D9000010B50446F3F7CEF9421E224494420AD2DF
:10D910001346084801E09C4208D01A4613F8011942
:10D92000415C0907F7D40023537010BD2246002341
:10D93000537010BD3FBD0100CB6813B151F8040C0A
:10D940001847704701298CBF6FF085000020704791
:10D950002DE9F04112F0FC6F0569D0E901766AD13A
:10D96000134602F03002302A56D0494A494C1A4038
:10D97000A24242D003F00602042A32D013F440221D
:10D9800007D09C0375D5B2F5402F1BD0424A9A436D
:10D9900015D04FF0010C3C680CFA01FC1CEA040F96
:10D9A00023F4801256D02C68DB074CBF4CEA0404E9
:10D9B00024EA0C042C603368BDE8F041184783F476
:10D9C0004023E6E7354940F20543354A3548F5F747
:10D9D00003F93548F5F700F940F205413048F5F70D
:10D9E000F1F832492F4840F2FE332D4AF5F7F4F8AA
:10D9F00040F2FE312A48F5F7E5F82D4940F2FB33B5
:10DA0000274A2848F5F7E8F82A48F5F7E5F840F2FC
:10DA1000FB312348F5F7D6F8274940F2F733204A7F
:10DA20002048F5F7D9F82548F5F7D6F840F2F73150
:10DA30001B48F5F7C7F822494FF47D73184A194877
:10DA4000F5F7CAF81F48F5F7C7F84FF47D71144889
:10DA5000F5F7B8F81C4940F21143114A1148F5F79F
:10DA6000BBF81A48F5F7B8F840F211410C48F5F741
:10DA7000A9F8174940F20143094A0A48F5F7ACF8FA
:10DA80001448F5F7A9F840F201410548F5F79AF86E
:10DA9000020003000200010001001000D05D01003F
:10DAA000CC5C01003C5D0100205E01009C5D01003A
:10DAB0008CA50100DCA50100005D01005C5D01009A
:10DAC000F8A4010068A501004C5E01008C5E010015
:10DAD0002CA601007CA6010070B5836845689C698E
:10DAE000066924B302F4C003B3F5C00F20D0002BA5
:10DAF0005AD002F0E863B3F1C86F46D002F0C863B1
:10DB0000B3F5800F32D001232D688B402B421ED0FD
:10DB1000150204D535682B4218BF82F0C0622A4B2B
:10DB2000A446BDE87040134002F0B072604770BD7B
:10DB300026494FF46373264A2648F5F74DF82648E0
:10DB4000F5F74AF84FF463712148F5F73BF823499C
:10DB500040F2A5331E4A1F48F5F73EF82048F5F776
:10DB60003BF840F2A5311A48F5F72CF81D494FF45F
:10DB70006873174A1748F5F72FF81B48F5F72CF884
:10DB80004FF468711248F5F71DF8184940F29333C5
:10DB90000F4A1048F5F720F81548F5F71DF840F240
:10DBA00093310B48F5F70EF812494FF46473084AA5
:10DBB0000848F5F711F81048F5F70EF84FF46471BE
:10DBC0000348F4F7FFFF00BF40000006B8A60100BD
:10DBD000CC5C01003C5D010008A701004C5E010027
:10DBE0008C5E010078A80100E0A8010090A7010068
:10DBF00024A8010034A7010064A701002DE9F84F13
:10DC0000466804460769306803F066FA002854D075
:10DC1000F28DB06A96F82C1042F48032FFF798FE2D
:10DC2000B0F1000A43DBF28C306A96F8241042F41B
:10DC3000B012FFF78DFEB0F1000A38DB01233B750F
:10DC400096F947303C607B7596F8300078B3002435
:10DC500007F1040802E00134A04228DD736B04EBF5
:10DC6000840203EB82035D78D3F808B0012D93F8AA
:10DC70000C90DA89EFD14946584642F48032FFF7DA
:10DC800067FEB0F1000A05FA09F110DB0C4BC7E999
:10DC90000231DBF80830DB6963B12A465846414659
:10DCA000984738B996F830000134A042D6DC504687
:10DCB000BDE8F88F6FF0040AF9E76FF0150AF6E790
:10DCC00039D9000003691961704700BF70B5466813
:10DCD00096F83010E1B10024254604E00135A94250
:10DCE00004F1140414DD736B23445A78012AF5D12E
:10DCF000DA89986802F04002197B42F0B862FFF7B7
:10DD0000EBFE96F830100135A94204F11404EADC68
:10DD100070BD00BF2DE9F04182B0446805F0E4FF1A
:10DD200045014B012D1A43EAD06363EB0103AA00BE
:10DD30009B00101843EA957341EB0301C90041EAC7
:10DD4000507147F612220023C000F2F787FF012628
:10DD500000F5122505F5F86505F0C6FF47014FEA05
:10DD6000411C3F1A4CEAD06C6CEB010C4FEA870E59
:10DD70004FEA8C0C1EEB000E4CEA977C41EB0C0139
:10DD8000C90047F6122200234FEACE0041EA5E7135
:10DD9000F2F764FF854219D3A06A94F82C704368A7
:10DDA00006FA07F71B681F421BD0D0F81080836863
:10DDB00001A95B6898470028CED1019BD8F80020C4
:10DDC00053403B42C8D102B0BDE8F081002383F349
:10DDD0001188BFF36F8F0323184602DF02B0BDE83E
:10DDE000F081074940F24963064A0748F4F7F4FE18
:10DDF0000648F4F7F1FE40F249610248F4F7E2FE0A
:10DE00004C5E0100CC5C01003C5D01008C5E0100B9
:10DE1000F8B506694568337D1BB1BDE8F840FFF7EA
:10DE200079BF01210446E8682A7C436891401B6859
:10DE3000076919421CD03B68194283680CBFDB6834
:10DE40001B6998470121E8682A7C03699140426870
:10DE5000126811420CD01B681942836814BFDB683A
:10DE60001B6998472046FFF755FF01233375F8BD1E
:10DE7000074940F2A263074A0748F4F7ADFE074896
:10DE8000F4F7AAFE40F2A2610248F4F79BFE00BF3D
:10DE90004C5E0100CC5C01003C5D01008C5E010029
:10DEA000012170B544680569206A94F8242043680C
:10DEB00091401B680669194223D033681942836870
:10DEC0000CBFDB681B6998470021042004F0F0FFB9
:10DED0000121206A94F82420436891401B6804695A
:10DEE00019420ED023681942836814BFDB681B698E
:10DEF000984700216E2004F0DBFF01232B750020E2
:10DF000070BD074940F2A263064A0748F4F764FE71
:10DF10000648F4F761FE40F2A2610248F4F752FEAF
:10DF20004C5E0100CC5C01003C5D01008C5E010098
:10DF300008B5FFF76DFF002008BD00BFF0B587B042
:10DF4000164602AA0D4600920222BDF8301044681F
:10DF500007690591CDE9012504930396FFF758FF62
:10DF6000214651F8040B83686A461C680023A047C9
:10DF700080B92B78012B02D0002007B0F0BD012E14
:10DF8000FAD96B78272BF7D138750021102004F0CF
:10DF90008FFFF1E7032007B0F0BD00BF2DE9F0438C
:10DFA0008DB0D0F8048002AC029104940121444663
:10DFB00006461F46BDF8509003920591FFF728FFD3
:10DFC00054F8040B836821461D6804AA0023A8475F
:10DFD000F0B9B9F1000F03D100200DB0BDE8F08316
:10DFE00008AB0693022301AA05463046CDE9082373
:10DFF0000A97CDF82C900793FFF70AFFD8F8000096
:10E00000836821462A461C6806ABA0470028E3D057
:10E010000320E2E770B50E46154684B04468FFF76A
:10E02000F7FE01232146CDE90065CDF808D0039322
:10E0300051F8040B836800221C6802ABA04700283B
:10E0400014BF0320002004B070BD00BF30B58FB0F6
:10E05000069102210792BDF84820446809920D926A
:10E0600006AA029201AD0AAACDE90B13039105910C
:10E070000A9504920893FFF7CBFE214651F8040B52
:10E08000836802AA1C6804ABA047002814BF0320C1
:10E0900000200FB030BD00BF10B4064C4068A14254
:10E0A00094BF00210121117090F8482010BC1A7013
:10E0B000704700BFFF2E685910B4436893F8304092
:10E0C0006CB100205B6B03E0A04203F1140306D0A7
:10E0D00093F800C001308C45F6D15B78137010BC0A
:10E0E000704700BF10B4436893F830406CB1002013
:10E0F0005B6B03E0A04203F1140306D093F800C069
:10E1000001308C45F6D19B78137010BC704700BF6E
:10E1100010B4436893F830406CB100205B6B03E0AF
:10E12000A04203F1140306D093F800C001308C45DF
:10E13000F6D15B68136010BC704700BF10B4436831
:10E1400093F830406CB100205B6B03E0A04203F118
:10E15000140306D093F800C001308C45F6D11B7C27
:10E16000137010BC704700BF436893F846300B70C3
:10E17000704700BF436893F838300B70704700BF9A
:10E18000436893F844300B70704700BF38B545685A
:10E190001C4695F83CC095F83D30286C81F800C0CD
:10E1A0001370F8F791FE206038BD00BF0369587DF9
:10E1B000704700BF704700BF70B50D461446064655
:10E1C000FFF7F4FF1F4A95F9003069680344914254
:10E1D0005BB219D90C2BA8BF0C236FF0100083423F
:10E1E000B8BF034603223320716812FB030291F883
:10E1F00049506571096D144D88182560407820716B
:10E200008A56E371A27170BD162BA8BF16236FF05A
:10E2100009007168834291F84950B8BF034665719F
:10E2200000251E200322C96C2580102512FB030245
:10E2300088188678E67040782571A0708A56E37158
:10E24000A27170BDFF2E68590100000700232DE95F
:10E25000F04106460C4684B08DF802308DF803304C
:10E26000436801AFD3F8803001F118085A68029270
:10E270009A681B680392019357F8045B0DF103033E
:10E28000294630460DF10202FFF706FF9DF80230E5
:10E290006560237008344445EED104B0BDE8F081D8
:10E2A00010B44468087868B991F9071016291ADD86
:10E2B0008020022A0CBF626DA26D125800201A60E5
:10E2C00010BC7047012815D191F907100C2914DCF6
:10E2D00011F1110F13DB1131C9B2022AF0D1E26D35
:10E2E00052F82120EAE711F10A0FE2DB0A31C9B244
:10E2F0008800DEE7022010BC70471D21EDE70021F9
:10E30000EBE700BF02290BBF41F63A3042F6D2508C
:10E3100041F2225142F21C51002A18BF014600204E
:10E3200019607047072A40680AD802294FF0000296
:10E330001FD02BB3036F00209B58009A13607047C7
:10E34000092A12D00A2A28D00B2A1FD00C2A2ED034
:10E35000EBD902294FF014022DD0002B2FD0436FA0
:10E3600000209B58009A1360704702294FF0040266
:10E37000DFD1CBB1036E9B58009A00201360704729
:10E38000836F00209B58009A1360704702294FF05A
:10E390000C02EED0002BF3D0CCE702294FF008029C
:10E3A000E7D0002BECD0C5E7836E9B58E4E7022949
:10E3B0004FF01002D1D143B1436E9B58DCE7C36FDD
:10E3C00000209B58009A13607047C36E9B58D3E798
:10E3D00001226D496D4BC1F80028D3F8001589075B
:10E3E0000CD5D3F80035DB070ED509200F21684B7B
:10E3F000C3F80C05C3F804151A60FEE76549664AC0
:10E40000C3F80015C3F80025604BD3F80825900722
:10E4100018D46049604AC3F80815C3F808255B4B57
:10E42000D3F8102592071BD5D3F81035DB071DD57F
:10E4300009200F210122564BC3F80C05C3F804151F
:10E440001A60FEE7D3F80835D907E8D509200F216F
:10E4500001224F4BC3F80C05C3F804151A60FEE700
:10E460004C494D4AC3F81015C3F81025474BD3F853
:10E470001825900718D44749474AC3F81815C3F818
:10E480001825424BD3F8002792071BD5D3F8003745
:10E49000DB071DD509200F2101223D4BC3F80C05D8
:10E4A000C3F804151A60FEE7D3F81835D907E8D584
:10E4B00009200F210122364BC3F80C05C3F80415BF
:10E4C0001A60FEE73349344AC3F80017C3F800273F
:10E4D00032490022D1F88C3043F44063C1F88C30CB
:10E4E00009E0D3F8001481B1D3F80014D3F8043450
:10E4F000402A0B6009D0D30003F57F0303F54043A6
:10E50000D3F8001401320131EBD11F4BD3F8402472
:10E5100012B9C822C3F84024214BD3E9D0211C2AC8
:10E520000ED0032300201F4A1C49C2F81835D1F829
:10E530008C3043F44063C1F88C30C2F8A0057047BA
:10E540000129EED1D3F83423174B9A4203D80E4B4E
:10E55000164AC3F84026124B1549D3F840231548F4
:10E560001C2AC1F8AC07D3F84433DAD1012BD8D137
:10E570003422054BC3F82426D3F83C2622F400228B
:10E58000C3F83C26CDE700BF0000125000C00D507C
:10E5900000801050F000FA500100FA5000ED00E049
:10E5A00000C0FF0000B00450001D0A1840E0A91E82
:10E5B00000A0085078000A04004700BF02F05ABDCE
:10E5C00010B50468ACB1B4FA84F30122C3F11F039F
:10E5D000DBB29A4024EA0202D0E8EFCFA44504D18E
:10E5E000C0E8EE2FBEF1000FF6D1EAD102480B7061
:10E5F00010BD024810BD00BF0000AD0B0200AD0B06
:10E60000036823FA01F2D20711D4012200B58A402F
:10E6100043EA0201D0E8EFCF9C4504D1C0E8EE1FE9
:10E62000BEF1000FF6D104D108485DF804FB08489C
:10E630007047036842EA0301D0E8EFCF9C45F2D16E
:10E64000C0E8EE1FBEF1000FEDD0F5E70000AD0B06
:10E650000400AD0BF0B5054683B000284ED001286C
:10E660006AD1002171203A4A3A4BD2F84023C3F8CC
:10E6700008031C2A5D60C3F80011D3F8001108BF1D
:10E68000DD60002342F21074324F0DF107068DF861
:10E690000730A5B9D7F84C3403F48033F6B1D7F876
:10E6A0004C2402F0030232703BB19DF8073023B9CD
:10E6B0000120FFF783FF013CEBD103B0F0BD012D3A
:10E6C0002ED1D7F80C3403F480337EB1002B0CBF6D
:10E6D000012300233370E8D103B0F0BD002BECD050
:10E6E0000120FFF76BFF013CD4D1E6E7002BE4D01B
:10E6F0000120FFF763FF013CE3D1DEE704210122A3
:10E70000144B0646C3F808135A61C3F80801D3F83E
:10E710000831002342F210740E4F8DF80730B8E72D
:10E720000D490E4840F2DC430D4AF4F755FA40F229
:10E73000DC410B48F4F746FA074908484FF4827366
:10E74000084AF4F749FA4FF482710648F4F73AFAA6
:10E7500000C0FF0000E0105004AD01003C5D01006E
:10E76000F4A90100B4A90100054A0346117921B9B1
:10E77000012104481360117170470348704700BFBE
:10E78000D8D901200000AD0B0C00AD0B08B5114B22
:10E790001A799AB11B6823B140F20510F5F78EF98A
:10E7A00038B1002001220C490C4BC1F840041A700A
:10E7B00008BD40F20510F5F75FF9F2E7084909488E
:10E7C0004FF4B173084AF4F707FA4FF4B1710648F1
:10E7D000F4F7F8F9D8D9012000E0105087DA0120C9
:10E7E00028AA01003C5D0100B4A9010070B53D4CB0
:10E7F0002379002B69D048B301285AD100223A4B23
:10E800003A49D1F84013C3F81021D3F81051C3F896
:10E810001821D3F818511C29C3F81421D3F8142156
:10E8200027D07126324B304D00200121226818601C
:10E83000186829601AB12C4BC3F8046370BD1A68BC
:10E84000002AFCD000221A601B6870BD264BD3F84A
:10E850004C14D3F84C24C8030DD4D3F84824D10762
:10E8600013D4002220490426224B234DC1F8402412
:10E87000DAE79860D5E702F00302012AF2D0002A15
:10E88000EFD00020FFF7E6FEEBE7D3F85024920725
:10E89000F7D422681AB10422C3F8042370BDD3F858
:10E8A0000821002AFBD00022C3F80821D3F8083140
:10E8B00070BD124912484FF40473124AF4F78CF9F0
:10E8C0004FF404710F48F4F77DF90F490C484FF4E9
:10E8D000DA730C4AF4F780F94FF4DA710948F4F767
:10E8E00071F900BFD8D9012000E0105000C0FF002E
:10E8F00000E1105008E1105010E0105004AD01008C
:10E900003C5D0100B4A9010028AA010008B5094B2B
:10E910001B791BB1BDE80840FFF79CBE06490748BC
:10E9200040F22A23064AF4F757F940F22A21044814
:10E93000F4F748F9D8D9012028AA01003C5D01006C
:10E94000B4A9010070B5304CD4F80C03002836D0BF
:10E9500000252E4EB0FA80F00123C0F11F00820086
:10E9600002F5807292B2834002F1A04202F5871252
:10E97000DBB21560202B1268C0B2C4F8083315D87A
:10E98000ABB3013B1F2B32D8DFE803F01331312347
:10E9900031313131313131313131311A313131317E
:10E9A000313131313131313131313113402B1ED1DF
:10E9B000757133689847D4F80C030028CAD170BD2C
:10E9C00020237571C4F81451D4F81421C4F8043309
:10E9D000EFE7D4F84C34D4F84C349B07E9D1012349
:10E9E0000422C4F84034C4F804232361E3E708494F
:10E9F000084840F28D33084AF4F7EEF840F28D31C2
:10EA00000548F4F7DFF800BF00E01050D8D9012026
:10EA100004AD01003C5D0100B4A90100F0B4112770
:10EA200090B008A905912121234E244ACDE906671B
:10EA300040F61105202704920CAA09920122204BCE
:10EA40000090204808932033CDE90E010C93032158
:10EA50004FF0A3431C4C1B4ECDE90A45CDE902679C
:10EA60001A480D920192D0F8002404AC42F0010241
:10EA7000C0F800241C60C3F810D05963BFF35F8F47
:10EA800099639A6A12F0240F13D1D86B10F0230007
:10EA9000F7D14FF0A343102400210C4A5C63596363
:10EAA000D2F8003423F00103C2F8003410B0F0BCF7
:10EAB00070474FF0FF30ECE704000020BCAA0100D3
:10EAC0001889002010000020200000200080045041
:10EAD0002DE9F0438DB06D460646A846A9461F4C69
:10EAE0000CAF1F4A01E0A24205D012F8013D0133EC
:10EAF00013701B0AF7D14846FFF790FF844630BBDE
:10EB000009F11009B945ECD18EB14D450FD201A9DB
:10EB100049458CBF01210C2106EB8101D8F800206A
:10EB200056F8043B53408E4248F8043BF6D10FCDD3
:10EB30000C4E0FC695E80F0086E80F000CAB13E9EA
:10EB40000F0084E80F0060460DB0BDE8F0834FF081
:10EB5000FF3C60460DB0BDE8F08300BF388900205F
:10EB60004889002018890020F0B54FF0010C4FF4BF
:10EB7000807700254FF400763249334AD1F80034CB
:10EB8000DFF8C8E043F002038DB0C1F8003417602D
:10EB9000156455645663C2F800E0136B13F00E0F52
:10EBA000C3F342003AD00528F1D05368032B34D97F
:10EBB000D2F880301361D2F880305361D2F88030BF
:10EBC0009361D2F88030D361536801209B002F2BD2
:10EBD00024D96B4630211E4D1B4CD2F8802085F87D
:10EBE00039C0181D03F8012B834201F1FF314FEAB0
:10EBF00012221FD00029F5D1124A6846D2F80034FB
:10EC000023F00203C2F80034FFF762FFB8B9012213
:10EC10000023C5E90C230DB0F0BD00200A4C236B86
:10EC200013F00E0FC3F34201F9D00529AFD000282D
:10EC3000CAD1BAE70029DFD0D4F88020D1E74FF05D
:10EC4000FF30E8E70080045000108051010004000C
:10EC50001889002010B50B4C94F83830012B0ED0D9
:10EC600040220021204606F09AF8FFF77DFF20B9E8
:10EC7000012384F83830044810BD044810BD04480E
:10EC800010BD00BF188900200000AD0B0100AD0BC6
:10EC90000C00AD0B2DE9F041314F84B097F83830BE
:10ECA000002B51D00D4691B97B6BB3F5803F45D217
:10ECB0000020FFF70DFFA0BBD7E90C322948013334
:10ECC00042F10002C7E90C3204B0BDE8F08106460B
:10ECD00058B3B1F5803F28D87B6BB3F5803F28D27D
:10ECE000DFF88480102D2C46204A28BF102401E034
:10ECF000904505D012F8013D013313701B0AF7D17E
:10ED00006846FFF78BFE60B930462246694606F03A
:10ED100039F82D1B2644E5D10020FFF7D9FE002845
:10ED2000CAD0134804B0BDE8F081124804B0BDE871
:10ED3000F081FFF719FF0028D2D0F2E7FFF714FFA8
:10ED40000028B5D00A48EDE70B490C484FF4FD7395
:10ED50000B4AF3F741FF4FF4FD710948F3F732FF17
:10ED6000188900200000AD0B388900204889002058
:10ED70000100AD0B0400AD0B88AA01003C5D010051
:10ED800048AA01002DE9F041114F4B09FB5C1646E2
:10ED900001F01F021344DBB2083330F813300D4684
:10EDA000DA05044609D5C3F3432300EBC302314619
:10EDB00050F83330526828469847A3682BB1314643
:10EDC0002846E268BDE8F0411847BDE8F08100BF81
:10EDD000F4AB010038B536230279264D03FB02F26D
:10EDE0004B09EB5C01F01F010B4452FA83F3224CF8
:10EDF000083334F81320D1051DD5C2F3432122F482
:10EE0000F85224F8132090F804E004F1540C0EEBAF
:10EE10004E0303EBC3039B0003F10E0222449C4408
:10EE200001E0624508D032F8023FDD05F9D5C3F3B1
:10EE300043239942F5D138BD6C23002203FB0EFE1B
:10EE40000EEBC10E44F80E20027903FB0240603045
:10EE5000FFF7D6FB094B9842EDD0094909484FF41A
:10EE6000DC73094AF3F7B8FE4FF4DC710648F3F798
:10EE7000A9FE00BFF4AB0100880600200000AD0B26
:10EE8000646E01003C5D0100C0AA010070B586B04F
:10EE900003ADAE468446144C019100F10C0614F803
:10EEA000012B06AB03EBD20313F8143C02F007026C
:10EEB000D34013F0010309D10CF1040C66450EF1A7
:10EEC000040EECD10023184606B070BD074A07CAED
:10EED00085E80700DEF800100A6ACCF800200A6214
:10EEE000002AE9D0EFE700BF04AC0100A05C0100FC
:10EEF0002DE9F04F8D6D06468A46D0F814038BB08D
:10EF0000002D00F0DD800024C0B201272346A44676
:10EF1000A64640F4003006F5807104E0082B01F1AC
:10EF2000040100F0688123F0404207FA02F2104227
:10EF300006D00C6824B1C1F800C00C684EEA020E7D
:10EF400001339D42EAD1D6F844317446DBB9BCB1F5
:10EF5000012594FAA4F3B3FA83F306EB8302D2F803
:10EF60001015D2F8102505FA03F324EA03045046DD
:10EF7000C2F30142C1F30811FFF704FF002CE8D1EE
:10EF80000BB0BDE8F08F0023C6F84431D6F8443109
:10EF90004EF40034D146002359F8641F07A8C84630
:10EFA000CDE9073309932546FFF770FF3746D14671
:10EFB000DFF898B2A64CA74E0DF11C0A14F8013BDD
:10EFC000DA0818F8022003F0070322FA03F3DA073D
:10EFD00019D4A3450AF1040A06F10106EED1D7F8C7
:10EFE000443123B10023C7F84431D7F84431D9F86C
:10EFF000641007A8FFF74AFF0028DBD13E46CA4647
:10F0000025F40034A3E7DAF80030002BE1D04846BD
:10F01000B9463746327803945201CDE9012593FA77
:10F02000A3F3B3FA83F30124019A4FEAD30C43EA22
:10F030000201894A4D09525D03F0070304FA03F304
:10F0400001F01F042244D2B2083230F812E01AF85C
:10F050000C20022D22EA03020AF80C2024D87F4B50
:10F0600053F82530E340DB071ED54FEA9E02CEF36E
:10F070008203012D9E4602F00402059363D0022D07
:10F080002AD0774B04F1200C53F82CC0CCF3014666
:10F09000B4460496002A40F09080022E14BF4FF42C
:10F0A000003C4FF4403C28E06E496F4840F2C733C3
:10F0B0006E4AF3F791FD40F2C7316C48F3F782FDD9
:10F0C000D6F84431002B3FF45BAFC6F844514FF4FF
:10F0D0000034D6F844315DE7654B04F1200C53F859
:10F0E0002CC0CCF30146B4460496002A54D1022E1B
:10F0F0000CBF4FF4403C4FF4003C03EB8403D3F8C7
:10F10000802022F440324CEA0202C3F88020059BA2
:10F11000032B67D0022E63D0049B032B02D1059BE7
:10F12000022B5FD0012D63D1524A0123A340136209
:10F13000DAF80030002B7FF472AFDDE902543E466E
:10F140004F46814645E74B4B04F1200C53F82CC049
:10F15000CCF30146B4460496002AC8D07246059006
:10F16000FFF710FE434B049903EB8403D3F8802090
:10F170000598C2F301429142D6D1D3F8802022F4FF
:10F180004032C3F88020D3F8802022F4403242EA93
:10F190000642C3F88020C7E772460590FFF7F2FDEC
:10F1A000334B049903EB8403D3F880200598C2F312
:10F1B00001428A423AD02E4AB7E772460590FFF7DD
:10F1C000E1FDA30003F1A04303F58513D3F88020EC
:10F1D0000499C2F301429142059818D0204AA4E74D
:10F1E000012B9FD172460490FFF7CCFD049899E75C
:10F1F000022DE0D0F2E720491B4840F2CF331F4AEE
:10F20000F3F7EAFC40F2CF311C48F3F7DBFCD3F80C
:10F21000802022F44032C3F88020D3F8802022F4EA
:10F22000403242EA0642C3F88020D7E7D3F8802074
:10F2300022F44032C3F88020D3F8802022F44032F8
:10F2400042EA0642C3F88020B5E700BF07AC0100E0
:10F2500004AC010004AC0100F4AB0100E8AB010018
:10F2600000A01050146E01003C5D0100E06D010033
:10F270000004055000820D5038AB010000AB0100C6
:10F28000362330B402790B4D03FB02F24B09EB5CE1
:10F2900001F01F010B44084C52FA83F3083334F891
:10F2A000130030BC00F02200A0F12200B0FA80F080
:10F2B00040097047F4AB0100880600204FF0360C7F
:10F2C00010B50279264B0CFB02F24FEA511C13F8E1
:10F2D0000C3001F01F010B44224C52FA83F3083327
:10F2E00034F813309C0611D59A070FD40122016817
:10F2F0005B0B9A40C1F81823026802EB8303D3F832
:10F30000102522F00302C3F8102510BDBCF1020F36
:10F3100017D8154B53F82C30CB40DB0711D5BCF177
:10F32000010F1AD0114B124ABCF1020F18BF13463D
:10F3300003EB8103D3F8802022F44032C3F880200D
:10F3400010BD0C490C4840F2C7330C4AF3F744FC9B
:10F3500040F2C7310948F3F735FC094BE8E700BF35
:10F36000F4AB010088060020E8AB01000004055062
:10F3700000A01050146E01003C5D0100E06D010022
:10F3800000820D505F2910B524D8244B4A0953F848
:10F39000223001F01F01CB40DC071BD54FF0360CAB
:10F3A00000791F4B1F4C9B5C0CFB00F20B4452FA84
:10F3B00083F3083334F81330990717D413F01C0F74
:10F3C00020D09A0645BF580B80004FF4A27000F57C
:10F3D000807010BD1449154840F2E513144AF3F744
:10F3E000FBFB40F2E5111248F3F7ECFB11490F4823
:10F3F0004FF4F3730E4AF3F7EFFB4FF4F3710C483D
:10F40000F3F7E0FB0C49094840F2E713084AF3F729
:10F41000E3FB40F2E7110648F3F7D4FBE8AB010049
:10F42000F4AB01008806002044AB01003C5D010004
:10F43000C0AA01008CAB0100ACAB01002DE9F04784
:10F440004FF0360A304B4E099C5D01F01F080379DE
:10F450004444E4B20AFB03432C4F083337F813301B
:10F46000DD0702D42A48BDE8F08705468946FFF744
:10F4700025FF2B790AFB0343083337F813309A062C
:10F4800008D500212A685B0B02EB8303C3F8101533
:10F49000C3F8101549462846FFF79CFC36222B7905
:10F4A000022E02FB03444FF0000304F1080427F886
:10F4B00014301AD8174B53F8263023FA08F3DB0719
:10F4C00013D5012E1DD0144B144A022E18BF13461B
:10F4D00003EB8803D3F88010114A12480A4042F027
:10F4E0000202C3F88020BDE8F0870F490F4840F2C0
:10F4F000C7330F4AF3F770FB40F2C7310C48F3F7FC
:10F5000061FB0C4BE4E700BFF4AB01008806002070
:10F510000400AD0BE8AB01000004055000A0105042
:10F52000F0F0FCFF0000AD0B146E01003C5D01002B
:10F53000E06D010000820D502DE9F047914B4FEA3C
:10F54000511813F8084001F01F09D2F800A04C44EC
:10F550000E461746054682B0E4B2BAF1000F3CD021
:10F56000FFF78EFE002840F0C880B8F1020F00F2CD
:10F57000C880854B53F8283023FA09F3DB0740F1A4
:10F58000C080B8F1010F00F0C880804B804AB8F10C
:10F59000020F18BF1346362103EB8903D3F88020EE
:10F5A0009AF8000022F00F0242EA8002C3F880209D
:10F5B0002B79784A01FB0343083332F8130020F01B
:10F5C000020022F813002B7901FB0343083332F8C1
:10F5D000131041F0010122F813107B68002B40D07A
:10F5E0004FF0360C2A79DFF8AC810CFB0240083072
:10F5F0001978D3F804E038F8103013F0020F79D1FD
:10F6000023F4604323F0200328F81030BEF1000FEC
:10F6100000F0AD80032970D87B685B681A782B688E
:10F6200003EB820300297AD1C3F81015C3F8101533
:10F630002A790CFB024C0CF1080C38F81C303620EF
:10F6400000FB024223F01C03083228F812302B7909
:10F6500000FB0343083338F8132042EA810228F8FC
:10F660001320BB68002B41D01F68314628465E68D6
:10F67000FFF7B0FB002F39D06C232A79DFF8148113
:10F6800002FB03F358F8031043448F4202D15B6836
:10F690009E4274D06C2000FB02800DF107016030A7
:10F6A000FEF78EFF3C4B984228D19DF807E02A795F
:10F6B0004FEA4E2189B24FF06C0C36200CFB02F25F
:10F6C00002EBCE0248F802702B790CFB03F303EB3C
:10F6D000CE0343445E602B7900FB0344083438F8C2
:10F6E0001430194341F4807128F814102A4802B0EC
:10F6F000BDE8F087BEF1000FA1D0284802B0BDE8F8
:10F70000F0872749274840F2C733274AF3F764FABE
:10F7100040F2C7312448F3F755FA244B3BE741F652
:10F72000F070D3F810E500EA06102EF0030EC3F8CF
:10F7300010E52B6840EA014003EB820EDEF810353D
:10F7400023F4473323F47C73CEF81035DEF81035FC
:10F750001843CEF810052B790CFB0343083338F817
:10F76000130040EA423242F0200228F813202A799E
:10F770000CFB024C0CF1080C38F81C305FE7002140
:10F780008E4698E7F4AB0100E8AB01000004055099
:10F7900000A01050880600200000AD0B0400AD0B47
:10F7A000146E01003C5D0100E06D010000820D500F
:10F7B0002DE9F8435A4D4C0915F804C001F01F0615
:10F7C000B4445FFA8CFC002A47D0362590F804E058
:10F7D00005FB0ECE534D0EF1080E35F81E7017F0D6
:10F7E000020F02D117F0200F5ED117F01C0F02D0CC
:10F7F0005778012F58D0022C59D84B4F57F8247006
:10F80000F740FF0753D5012C06F1200E00F083804E
:10F81000022C14BF454C464C264654F82E40362741
:10F8200024F47068947892F80190A400127828F07B
:10F830000F0844EA490444EA080444EA022242F078
:10F84000010246F82E20027907FB02C2083235F881
:10F85000124044F0030425F8124013B3362602790F
:10F86000304D06FB02C2083235F8122092071BD534
:10F8700000241F7802684FEA870E02EB8702C2F865
:10F880001045C2F81045027906FB02C2083235F86D
:10F89000124024F4604424F0200425F812405A78E1
:10F8A0008AB92448BDE8F8832348BDE8F883234992
:10F8B000234840F2C733234AF3F78EF940F2C731A9
:10F8C0002048F3F77FF99C7841F6F073120402F4B4
:10F8D000403203EA0113134302682405724404F41E
:10F8E000801423431849D2F810452140C2F810155E
:10F8F000D2F810150B43C2F81035037906FB03CC80
:10F900000CF1080C35F81C3043EA473343F0200370
:10F9100025F81C30C5E70D4C264654F82E407EE7EE
:10F92000F4AB010088060020E8AB010000A01050F5
:10F93000000405500000AD0B0400AD0B146E010077
:10F940003C5D0100E06D01000FE0ECFF00820D5016
:10F9500000B54FF06C0E90F804C0054B0EFB0C3C4C
:10F96000CCF8081001790EFB0133DA605DF804FB76
:10F970008806002010B5BAB14FF0360C104C4B0978
:10F980000079E35C01F01F010B440CFB00F10D4C0E
:10F9900051FA83F3083334F81330990643BF5B0BF5
:10F9A00013700948094810BD09490A4840F20D334F
:10F9B000094AF3F711F940F20D310748F3F702F95C
:10F9C000F4AB0100880600200000AD0B0400AD0B75
:10F9D000D0AB01003C5D0100C0AA01006C232DE901
:10F9E000F0411E4E077903FB076898F8684014B190
:10F9F0001B48BDE8F08105464046462221461030AE
:10FA000005F0CDF9D8F8583021462A6813B904E03A
:10FA1000082916D001318B42FAD10023C2F30830F5
:10FA2000C2F844310130D2F84431F4F725F86C22A1
:10FA3000012302FB076686F8683033660948BDE893
:10FA4000F0810949094840F2CF33094AF3F7C4F875
:10FA500040F2CF310648F3F7B5F800BF8806002022
:10FA60000C00AD0B0000AD0B38AB01003C5D01009C
:10FA700000AB01006C210279044B01FB023393F8C7
:10FA80006800003818BF0120704700BF88060020BA
:10FA9000FFF7D4BC6C234FF05C0C0079024A13FBD7
:10FAA00000C01044FEF7ACBD880600206C234FF068
:10FAB0005C0C0079024A13FB00C01044FEF780BDC5
:10FAC00088060020F8B536255D4B4FEA511E13F825
:10FAD0000E3001F01F0190F804C00B44DBB205FBAF
:10FAE0000C3C584C0CF1080C34F81CC01CF01C0FDA
:10FAF00000F08E800668D6F81473BF0309D44FF463
:10FB00000037C6F81473067905FB0633083334F85A
:10FB100013C01CF0200F1BD01CF0020318D14FEAB9
:10FB20005C3C05684FEA8C0101F580742B512B5920
:10FB300003680B44D3F8101541F00101C3F8101508
:10FB40002AB10123026803FA0CF3C2F81433F8BD9A
:10FB5000002A69D0CCF3820CBCF1040F23D0BCF195
:10FB6000050F31D0BEF1020F22D8374B53F82E309B
:10FB7000CB40D8071CD5BEF1010F42D0BEF1020F19
:10FB800038D0324BDB68CB4003F001039A1C2F4B7B
:10FB900003EB8103D3F8801021F4403141EA0242A3
:10FBA000C3F88020F8BDBEF1020F4FF0030310D957
:10FBB0002749284840F2C733274AF3F70DF840F2A7
:10FBC000C7312548F2F7FEFFBEF1020F4FF00203E6
:10FBD000EED81D4A52F82E20CA40D207E8D5BEF111
:10FBE000010F1A4604D0BEF1020FD0D11B4BCFE754
:10FBF0001B4BCDE7194BDA68CA4002F00102023212
:10FC0000C6E7174BDA68CA4002F001020232BFE7CA
:10FC10001449104840F2FA33134AF2F7DDFF40F27C
:10FC2000FA311148F2F7CEFF10490A4840F20E436C
:10FC30000D4AF2F7D1FF40F20E410B48F2F7C2FF36
:10FC4000F4AB010088060020E8AB010000A01050D2
:10FC5000146E01003C5D0100E06D010000040550E0
:10FC600000820D50ACAB0100C0AA0100DCAB01006A
:10FC7000FFF724BBFFF786BB01490248FFF738B9FD
:10FC80008806002000A00D5001490248FFF730B956
:10FC9000F406002000C0105010B518B3037A1C49B8
:10FCA0000B2B01EB030292F8542025D800244FF0CF
:10FCB000010C1B0103F1A04303F56223C3F82C459B
:10FCC000036802EB420201EB8202D36043681361D6
:10FCD00090F808E08B680CFA0EF0034382F814E009
:10FCE0008B6010BD0B490C48CD230C4AF2F774FF12
:10FCF000CD210A48F2F766FF0949074840F2BB6385
:10FD0000084AF2F769FF40F2BB610648F2F75AFF72
:10FD10000000002044AC01003C5D010008AC010083
:10FD200084AC010050AC0100F8B51C4B1B78012BD2
:10FD30001CD138B3EFF31185202383F31288BFF36E
:10FD40006F8F4FF0FF3E6FF0404C1549D1E90067CF
:10FD5000B6457CEB0704F9D3C7F31303C0E900638E
:10FD600085F31188BFF36F8F0E48F8BD0E490F4819
:10FD70004FF48B730E4AF2F72FFF4FF48B710C4840
:10FD8000F2F720FF0B49094840F21713084AF2F72F
:10FD900023FF40F217110648F2F714FF000000207D
:10FDA00040270E500000AD0B98AC01003C5D0100F7
:10FDB00008AC0100C4AC0100F8B5594C23780BB174
:10FDC0005848F8BD05270426072067225649D1F870
:10FDD000105525F00205C1F81055D1F8105545F021
:10FDE0000105C1F81055C1F8A476C1F8AC6602F05F
:10FDF00001010B440138DBB24FEA5202F7D1052B67
:10FE00007FD105464FF0010E454E5FFA85FC002D6F
:10FE100079D0012D7DD90122662113460EFA02F216
:10FE200021EA020191FAA1F20133DBB29C45B2FA58
:10FE300082F2F3D101353275052D224482F854C087
:10FE400006F10C06E1D1012200253849830802FAA7
:10FE500003F313F0670F18BF455004303028F5D175
:10FE6000E420F3F709FE0125002240F6FF762E4B31
:10FE70002F48D3F8101521F00201C3F81015C3F86C
:10FE80002863C3F88021C3F88020C3F88421C3F815
:10FE90008420C3F88821C3F88820C3F88C21C3F8D4
:10FEA0008C20C3F89021C3F89020C3F89421C3F8A4
:10FEB0009420C3F89821C3F89820C3F89C21C3F874
:10FEC0009C20C3F8A021C3F8A020C3F8A421C3F844
:10FED000A420C3F8A821C3F8A820C3F8AC21C3F814
:10FEE000AC201D66134A0068134BA2FB0020800C57
:10FEF00000EB40002B43C0EB4010984725700F48A3
:10FF0000F8BD0F48F8BD357584F854500C360125FE
:10FF10007BE701230C363372022584F8553074E7F1
:10FF2000000000200C00AD0B00200E5000210E50F0
:10FF30008406002083DE1B43C05C01000000AD0B83
:10FF40000100AD0BF0B5464C83B02378012B7AD17C
:10FF50000D4600296BD0277D002F5CD163680646D3
:10FF600003F0010304F1140101A80193FEF728FB3B
:10FF70003C4B984247D12F7063683B4A23F0010302
:10FF80006360A36843F00103A360D2F810359D07B6
:10FF90003BD4D2F8103543F00203C2F81035C6B195
:10FFA000D2F8481711F0010105D1D2F8483743F0D3
:10FFB0000103C2F848372C4BD3F84027D3F8442725
:10FFC0005400F9D429B9D3F8482722F00102C3F824
:10FFD0004827264A264B12682649A3FB02438A4239
:10FFE0004FEA934303EB431312D91F4A01E0013B4D
:10FFF0000ED0D2F84017D2F844174900F7D41E4A61
:020000021000EC
:10000000002B08BF104603B0F0BD1C4803B0F0BD84
:10001000194803B0F0BD1A491A4840F215231A4A8C
:10002000F2F7DAFD40F215211748F2F7CBFD174938
:1000300014484FF40573144AF2F7CEFD4FF40571DE
:100040001148F2F7BFFD12490E4840F213230E4A41
:10005000F2F7C2FD40F213210B48F2F7B3FD00BFE7
:10006000000000200000AD0B00200E508406002090
:1000700083DE1B433F420F000700AD0B0C00AD0BAE
:10008000E4AC01003C5D010008AC0100D0AC010013
:1000900098AC01002DE9F843444F9DF82090397841
:1000A000002953D0044600285CD04FF00108017AA3
:1000B00008FA01F111F0670F33D01D467B686FEA33
:1000C000030C0CF0670C1CEA010F27D01646FFF753
:1000D000E3FDEFF31180202383F31288BFF36F8FCA
:1000E0000021227A324B92009950237A0B2B45D86B
:1000F000B5F5801F4ED21B0103F1A04303F5622327
:10010000C3F82065C3F8245580F31188BFF36F8FBF
:10011000B9F1000F08D12748BDE8F8832648BDE8AB
:10012000F8832648BDE8F883237A883708FA03F372
:10013000D7E8EF2F1A43C7E8E12F0029F8D1237A37
:100140001F4A08FA03F3C2F82433E4E71D491E48A6
:1001500040F2F6231D4AF2F73FFD40F2F6211B481C
:10016000F2F730FD1A49184840F2F723174AF2F720
:1001700033FD40F2F7211548F2F724FD15491248E6
:1001800040F27E43144AF2F727FD40F27E411248C6
:10019000F2F718FD11490C4840F284430E4AF2F779
:1001A0001BFD40F284410C48F2F70CFD00000020DA
:1001B00000210E500000AD0B0400AD0B0800AD0B8C
:1001C00000200E5008AD01003C5D010008AC0100AC
:1001D00044AC010084AC010050AC010060AD0100F2
:1001E0002DE9F0433F4B83B0D3F82C43002C47D08C
:1001F0004FF0010800273C4D05F1880694FAA4F061
:10020000B0FA80F02B1893F8541008FA00F201EBC2
:10021000410305EB830393F814E06FEA0209864576
:1002200024EA02044FEA410C43D1DB685BB3D6E811
:10023000EF3F03EA0902C6E8EE2FBEF1000FF6D148
:10024000C340DB0729D401F10C0305EBC30255F8C9
:1002500033905368DFF894E082009644DEF8002083
:1002600062B18C44CEF8007005EB8C0CDCF810E029
:10027000DCF80C104A46CDF800E08847002CBDD1D0
:1002800003B0BDE8F083194A8000024411680029D8
:10029000F4D01360002CB1D1F2E70B2815DC020179
:1002A00002F1A04202F56222D2F82435D2F820955C
:1002B000D0E70F490F4840F2B7330F4AF2F78CFCF2
:1002C00040F2B7310C48F2F77DFC0C49094840F286
:1002D0008E430B4AF2F780FC40F28E410848F2F759
:1002E00071FC00BF00200E500000002000210E50C5
:1002F00080AD01003C5D010008AC010084AC010050
:1003000050AC010010B52C4BD3F80443E1040CD5DC
:10031000D3F830214AB10021284AC3F830111268BD
:10032000D3F83031002A3AD09047A2040CD5224BA2
:10033000D3F8342142B10020214AC3F834011268B5
:10034000D3F83431FAB1904763040FD51A4BD3F880
:1003500038215AB100211A4AC3F838111268D3F86B
:10036000383122B1BDE810400120104710BD1549B9
:1003700015484FF4C273154AF2F72EFC4FF4C271C0
:100380001248F2F71FFC0F490F4840F27D130F4A45
:10039000F2F722FC40F27D110C48F2F713FC0C49F5
:1003A00009484FF4BA73094AF2F716FC4FF4BA71D0
:1003B0000648F2F707FC00BF00E01050E4D9012026
:1003C000E0D9012014AE01003C5D0100A4AD0100A4
:1003D000F0AD010008B5FFF795FFBDE80840FEF756
:1003E000B1BA00BFB0F1FF3F64D0012910B54FEAA8
:1003F000501C0ED0BCF1020F22D93E493E4840F2BB
:10040000C7333E4AF2F7E8FB40F2C7313B48F2F708
:10041000D9FBB3B3BCF1020FEFD8394B00F01F008A
:1004200053F82C30C340DB07E7D5BCF1010F4BD0AC
:10043000BCF1020F56D1334B01FA00F45C6010E0BE
:100440002F4B00F01F0053F82C30C340DB07D4D5EE
:10045000BCF1010F2FD0BCF1020F4FF0000C27D1DF
:10046000284B03EB8000D0F88040274B234043EA21
:1004700082030B4343EA0C0343F4A063C0F88030CB
:1004800010BDBCF1020FB8D81D4B00F01F0053F88F
:100490002C30C340DC07B0D5BCF1010F1BD0BCF140
:1004A000020F0CD04FF0020C184B01FA00F49C60C4
:1004B000164BD6E770474FF0000C154BD1E7114BA8
:1004C00001FA00F49C60CCE7114B0CFA00F45C607C
:1004D0004FF0020CC5E70E4B0CFA00F49C604FF095
:1004E000020CBEE7094B01FA00F44FF0020C5C600D
:1004F000DEE700BF146E01003C5D0100E06D01000D
:1005000014B1010000040550F0F0FCFF00A01050F1
:1005100000820D502DE9F04F91F821700C460646EF
:1005200090F804B083B0002F00F0C380012791F849
:10053000223000933268894B89498A4DDFF828823E
:100540008A4208BF1D46894B6269D3F84033B5FB28
:10055000F2F51C2B00F0BC804FEACB0909EB0B0332
:1005600008EB830394F823109A7F61F300029A77D3
:100570003379217C03EBC30308EB83039A7F61F398
:1005800041029A7794F823A0BAF1000F23D1237E79
:100590000121012B94BF0023012352462068FFF75D
:1005A00021FF5346524601216068FFF71BFF534667
:1005B0005146A27EA068FFF715FF237C5246012119
:1005C000E06883F00103FFF70DFF0123524619464F
:1005D000E069FFF707FFD94408EB8909002F52D0E3
:1005E0004FF0FF33C9F82030E369D4F80890A07CBD
:1005F000217E627ED4F80CE0277C0193D4E900BA16
:1006000094F824C0336894F82040BCF1000F10D156
:10061000DDF804C0C3F800B6C3F804A6C3F8089612
:10062000C3F80CC6C3F810E6C3F8B875009FC3F84A
:10063000B075C3F8C0054A4883420CBF04200220AD
:10064000854273D37E2D65D8E8077BD4003A18BF66
:1006500001220229C3F82C5537D0032932D00129B1
:100660002DD0C3F85425C3F8AC45337903EBC3034D
:1006700058F8233003B33068C0F3083003B0BDE846
:10068000F04FF3F7F9B9E3684FF0FF3EC9F82030B7
:10069000227C99F81E3062F3410389F81E30E36929
:1006A000D4F80890A07C217E627E0193D4E900BA40
:1006B000A6E7022300933DE703B0BDE8F08F42F0C8
:1006C0000202CEE742F00602CBE742F00402C8E79E
:1006D000022D16D9237E13F0FD0F12D10BEBCB03A5
:1006E00008EB83039A7F4FEACB0942F008029A771E
:1006F0006B08009A0133DBB29A4238BF1A46009267
:100700002CE70BEBCB0308EB83039A7F6FF3C30259
:100710009A7721E71649174840F2E143164AF2F763
:100720005BFA40F2E1411448F2F74CFA13491148E0
:100730004FF49C63104AF2F74FFA4FF49C610E4855
:10074000F2F740FA0E490B4840F2E2430A4AF2F748
:1007500043FA40F2E2410848F2F734FA0020A107D8
:1007600000A004500024F400E8D9012000C0FF00DC
:10077000B8AE01003C5D010038AE01006CAE010076
:1007800008AF01002DE9F843002939D00479224E41
:1007900004EBC404A70006EB8404257F864665BBF2
:1007A0001E4DD0F800E0DFF87890DFF878C0D1F87F
:1007B0001480CE4508BFAC46BCFBF8F508FB15CC51
:1007C000654502D81848BDE8F88315F00108F9D14D
:1007D0007E2DF7D8CE4514BF4FF0020E4FF0040E19
:1007E0007545EFD36360F251FFF794FE012384F85F
:1007F0001D8023770D48BDE8F8830D48BDE8F883D8
:100800000C490D4840F255230C4AF2F7E5F940F245
:1008100055210A48F2F7D6F9E8D901200020A107AE
:1008200000A004500024F4000400AD0B0000AD0B48
:100830000C00AD0BE4AD01003C5D010024AF0100F4
:100840002DE9F84390F804809C4F08EBC80307EBB0
:100850008302127F002A00F02481064600689C0073
:10086000C0F30830F3F716F93B594FEAC809F3B162
:100870000123326892496424C2F8081335686B601A
:1008800004E00120FDF79AFE013C08D0D5F80431C0
:10089000002BF6D00023C5F80431D5F8043100222E
:1008A00009EB080307EB83035A77C5F8002509EB2A
:1008B000080207EB8202917F3368CC07D3F8002649
:1008C000D3F80406D3F8083600F1CC80511C1FD0B1
:1008D0005F2A4FEA521400F2CC807A4902F01F02DC
:1008E00051F82410D140CD0740F1C380012C00F015
:1008F000CC807549754D022C18BF294601EB820248
:10090000D2F880407249214041F00201C2F88010C3
:10091000591C1FD05F2B4FEA531100F2AA80694A7D
:1009200003F01F0352F82120DA40D20740F1A180E2
:10093000012900F0AE80644A644C022918BF2246A7
:1009400002EB8303D3F88010614A0A4042F00202AE
:10095000C3F88020451C1ED05F284FEA501200F2D9
:100960008880584B00F01F0053F82230C340DC074A
:100970007FD5012A00F08B80534B5449022A18BFBF
:100980000B4603EB8003D3F88010514A0A4042F033
:100990000202C3F8802009EB080307EB83031B6AFC
:1009A000591C1CD05F2B4FEA531162D8454A03F003
:1009B0001F0352F82120DA40D2075AD501296AD004
:1009C000414A4248022918BF024602EB8303D3F88A
:1009D00080103F4A0A4042F00202C3F88020326889
:1009E000D2F80C36D2F810265D1C1CD05F2B4FEAD3
:1009F00053103ED8334903F01F0351F82010D9405B
:100A0000CC0736D5012848D02F49304C022818BFD2
:100A1000214601EB8303D3F880002D49014041F0CA
:100A20000201C3F88010511C1CD05F2A4FEA5211FA
:100A30001FD8244B02F01F0253F82130D340DB07AC
:100A400017D501292BD0204B2048022918BF034677
:100A500003EB8203D3F880101D4A0A4042F00202E1
:100A6000C3F880200023C14407EB89073B77BDE82A
:100A7000F8831849184840F2C733184AF2F7ACF81F
:100A800040F2C7311548F2F79DF8154936E7144B87
:100A900077E7134A54E7124A97E71149B9E7104B31
:100AA000D6E710490C4840F2B6230F4AF2F794F803
:100AB00040F2B6210C48F2F785F800BFE8D90120D2
:100AC0000700F81F14B101000004055000A01050E9
:100AD000F0F0FCFF146E01003C5D0100E06D0100D0
:100AE00000820D5060AF010024AF01002DE9F84FE6
:100AF0000479AF4D04EBC40305EB83031B7F002B8C
:100B000000F0E4810B6806468C469646E700002B11
:100B100000F0E380DCE90223002A00F0EE801B0CE9
:100B200040F0C881BCF80630002B40F0C3811EF0B5
:100B300008094ED13B1905EB8302517F9B00002928
:100B400040F0EA80EB5823B11EF0140F04BF0123DC
:100B5000537707EB040805EB8808D8F820B008F1B4
:100B60000C0ABBF1FF3F9CE80F008AE80F001ED083
:100B700098F81E204FEA5B1390073CD5022B00F239
:100B8000A0808C4A0BF01F0B52F8232022FA0BF2A4
:100B9000D10740F19680012B00F04F81864A8749AA
:100BA000022B18BF0A46012303FA0BF35360DCF84B
:100BB00000303668002B3AD003F06043B3F1005F99
:100BC00035D000233C4405EB84047D486377BDE8C1
:100BD000F88F3B1905EB83031B6A0133AAD07949CF
:100BE00079484FF46C73794AF1F7F6FF4FF46C7162
:100BF0007648F1F7E7FF022B63D86E4A0BF01F0B24
:100C000052F8232022FA0BF2D2075AD5012B00F01A
:100C10001681694A6949022B18BF0A46012303FA63
:100C20000BF39360DCF800303668002BC4D1DCF89D
:100C3000083023B103F06043B3F1005FC1D11EF06F
:100C4000010318BF0123C6F84C371EF0020318BF7A
:100C50000123C6F814370023DCE901800721DCF802
:100C60000C20DCF800C0C6F83CC7C6F84087C6F8C0
:100C70000407C6F80827C6F80831554AD6F808010F
:100C8000C6F80015D2F840131C2900F0AF803B19BC
:100C900055F82330B9F1000F04D1002B00F0D180BA
:100CA000012333603B1955F82330002B37D0042340
:100CB0001EF0040F14BFC6F80833C6F804334548C5
:100CC00085E74549404840F2C733444AF1F784FF7D
:100CD00040F2C7314148F1F775FF4B68002B3FF4F4
:100CE00019AF3F49384840F2AB33384AF1F774FF47
:100CF00040F2AB313548F1F765FF002B3FF412AFFE
:100D0000384931484FF46B73304AF1F765FF4FF4BF
:100D10006B712E48F1F756FF3348BDE8F88F2C4B26
:100D2000D3F840331C2B7ED03B1905EB83031B6AA1
:100D3000581C1DD03A1905EB8202917F5A09890788
:100D400040F19080022ABCD81A4903F01F0351F8E1
:100D50002210D940C807B4D5012A00F0A78016494F
:100D60001648022A18BF0146012202FA03F38B60DB
:100D7000B9F1000FA3D101234FF06408736005E0BF
:100D80000120FDF71BFCB8F1010808D0D6F80431AA
:100D9000002BF5D00023C6F80431D6F80431002228
:100DA0003B1905EB83035A77C6F8002587E700BF98
:100DB000E8D9012014B101000004055000A0105032
:100DC0000A00AD0BCCB001003C5D010024AF010076
:100DD00000C0FF000000AD0B146E0100E06D0100CB
:100DE0008CAF0100D4AF01000B00AD0B391905EB3E
:100DF000810090F81EC089001CF0080F3FF447AF37
:100E00004FF0820CC6F884CC6958002942D0C6F84D
:100E10000031D6F800310123C6F80433B9F1000FD0
:100E20007FF445AF3CE73B1905EB83039B7F1B0732
:100E300044BF0023C6F8843C76E72A4AB3E6294A31
:100E4000ECE601233360D6F80831002BFBD0D6F84E
:100E50000831002B3FF426AF0023C6F80831D6F83E
:100E600008311FE7022A3FF62CAF1F4903F01F038A
:100E700051F82210D940C9077FF523AF012A17D0B6
:100E80001A491B48022A18BF0146012202FA03F33D
:100E90004B606DE7B9F1000FD3D0D2F840331C2B73
:100EA000C1D0036A5A1C7FF445AF08E70D495BE7E0
:100EB0000C49EAE70F49104840F2AD330F4AF1F709
:100EC0008BFE40F2AD310D48F1F77CFE0C490A482B
:100ED00040F2AA33094AF1F77FFE40F2AA310748EF
:100EE000F1F770FE00820D5014B1010000040550AE
:100EF00000A010501CB001003C5D010024AF0100B7
:100F000060AF01004E4BD3F840331C2B34D04D4B17
:100F1000D3F8082102B97047002270B54A4DC3F8D2
:100F200008212A68D3F80831002A79D02B6A591C85
:100F300018D0A87F5909860736D502294AD84348D0
:100F400003F01F0350F82100D840C40742D50129FF
:100F500072D03F483F4C022918BF2046012101FAB8
:100F600003F383606B7F002B40D100232B726968F1
:100F70003948BDE870401047334B9B7F1B07C6D5EF
:100F8000304BD3F80423D007C1D5D3F80021002A71
:100F9000BDD000220121C3F80021D3F80001C3F81D
:100FA000842CC3F80813B2E7022913D8274803F0AA
:100FB0001F0350F82100D840C0070BD501293DD0B0
:100FC0002348244C022918BF2046012101FA03F3CB
:100FD0004360C7E72149224840F2C733214AF1F76D
:100FE000FBFD40F2C7311F48F1F7ECFD0123154E20
:100FF0006424736004E00120FDF7E0FA013C08D0AE
:10100000D6F80431002BF6D00023C6F80431D6F808
:10101000043100230B4A6B77C2F800352A68A4E735
:1010200011490F4840F21643104AF1F7D5FD40F23E
:1010300016410E48F1F7C6FD0D488FE70C48C4E78E
:1010400000C0FF0000A00450E8D9012014B1010045
:101050000004055000A01050F0D90120146E0100CA
:101060003C5D0100E06D010004B1010024AF01000E
:1010700000820D5000B97047F3F78EB938B5436957
:10108000044653B19847054638B100F1FF03FE2BE3
:101090000BD8E36842421A7000E00025E268284657
:1010A000537843F00103537038BD2E230649074897
:1010B000074AF1F791FD216806482A46F1F78CFDB1
:1010C0002E210348F1F77EFD7CB101003C5D01005B
:1010D00020B1010094B1010040B1C368587810F00C
:1010E000010003D01878B0FA80F04009704700BFC3
:1010F000EFF31183202383F31288BFF36F8FFEE792
:1011000008B5FFF7F5FF00BFF8B505460C46EFF34D
:101110001187202383F31288BFF36F8F174B9E68CC
:10112000FFF7EEFF042D1CD02CB1E369C3F30803D5
:101130000BB1022D08D187F31188BFF36F8F3046B2
:10114000BDE8F840F2F73EBC0D498E230D4A0E482B
:10115000F1F742FD0D48F1F73FFD8E210948F1F707
:1011600031FD0B498723074A0748F1F735FD094848
:10117000F1F732FD87210348F1F724FD0CDA012055
:1011800004AD0100BCB101003C5D010038B20100BA
:10119000E0B1010000B2010038B50D4B421C53F81C
:1011A000204053F82250AC4206D30DE0037FDB070A
:1011B0000BD50834AC4207D260680028F6D123680A
:1011C00008349847AC42F7D338BDFFF757FFF0E734
:1011D000D0B20100012270B53C4B032086B03C4EDA
:1011E0003C4D1A70FFF7D8FF02F0DEFF0420FFF736
:1011F000D3FFAE424FD838BF344623D2D4E90223BE
:10120000D4E90001D4F824C0CDF814C0D4F820C02B
:10121000CDF810C0D4F81CC0CDF80CC0D4F818C05C
:10122000CDF808C0D4F814C0CDF804C0D4F810C06C
:10123000CDF800C000F01EFD23685C653034AC4280
:1012400029D8DBD301F0A2FBAE4219D2204C224EAA
:1012500005E001F06BFE3034AC4229D810D2D4E95D
:101260000A23B3F1FF3F08BFB2F1FF3FF3D052EAC8
:1012700003012068EDD03146183002F04BFAEAE75E
:1012800001F0FCFBF0F71CFB144A137B23F0010375
:10129000137306B070BD12494423124A1248F1F785
:1012A0009BFC1248F1F798FC44210E48F1F78AFCA8
:1012B0000B4968230B4A0C48F1F78EFC0B48F1F7F9
:1012C0008BFC68210748F1F77DFC00BF88DA01201C
:1012D000B05B0100B05B01005D240100108A0020BA
:1012E00090B201006CB201003C5D01005CB10100F4
:1012F00080B5002086B0FFF74FFF404B03F5006636
:1013000086F3088883F30A880023E0223C4C84F8A3
:101310002220E37723766376A37684F82030626A0E
:1013200042F4E022626284F82330F2F715FBF2F710
:1013300081FC4FF0FF33A362E362F2F759FEF2F74C
:10134000C9FC304800F09CFD2F4B304A934203D833
:101350000FD224339342FBD92D49CC232D4A2E485A
:10136000F1F73AFC2D48F1F737FCCC212948F1F789
:1013700029FC4FF0010A00245046FFF70DFF022020
:10138000274DFFF709FF01F033FC264B264F4FF4A2
:101390008052264905932846254BCDE9034ACDE9DD
:1013A000014400947D6100F065FC6B7B814623F075
:1013B000040328466B7300F055FF0F23DFF8748099
:1013C00003931D4B4FF4A0721C49059340461C4BE0
:1013D000CDE90144CDF810A0009700F04BFC98F83F
:1013E0000D30494623F004032846114A3C74C7F8DF
:1013F0000C807E6088F80D30F2F7F8FB90DA01205F
:1014000000ED00E0C88A002040510100385301007F
:1014100044B101006CB201003C5D01005CB101000F
:10142000108A0020C8B201000CDA0120D0E30120AC
:10143000D511010058890020C0B2010090E20120BE
:101440004514010008B50D4B9B6893F90E30002B35
:1014500009DB2024EFF3118384F31288BFF36F8F2D
:10146000F2F7EEFBF6E7064906481C23064AF1F7B9
:10147000B3FB1C210448F1F7A5FB00BF0CDA0120E7
:101480000CB301003C5D0100E8B2010003460022FC
:101490001B601046C3E902225B6070472DE9F043F0
:1014A00083B0EFF30587002F40F0A28004469046FA
:1014B0001E46EFF31189202383F31288BFF36F8F49
:1014C0005A4802F085F8002800F08480574802F05E
:1014D000A5F8574BE1689D6899B995F90E3001312F
:1014E000C4E902515148236102F080F8002800F05D
:1014F0008C8089F31188BFF36F8F002003B0BDE8A3
:10150000F083A068A84201D12369E8E758EA0603FE
:1015100055D095F90E1090F90E306FF07E02994279
:10152000A8BF19469142B8BF11468B4243DC4946D9
:1015300022463E48CDF80080019600F093FF002837
:10154000DBD0EFF31185202383F31288BFF36F8F75
:10155000364802F03DF800283CD0344802F05EF8EE
:10156000A06890B1236821699C420AD04BB193F9DD
:101570000E309942A8BF19466FF07E039942B8BF5A
:10158000194690F90E3099420CD17FB9274802F0E4
:101590002DF8002839D085F31188BFF36F8F6FF0D5
:1015A0000A00ABE701F06CF80028EED029461F488E
:1015B00001F068F9F3E701F063F80746B7E71B4865
:1015C00002F014F808B389F31188BFF36F8F6FF03E
:1015D0000F0093E78823174A17491848F1F7FCFAD8
:1015E00012491748F1F7F8FA88211248F1F7EAFA98
:1015F00014496F23144A1148F1F7EEFA1348F1F732
:10160000EBFA6F211048F1F7DDFA4FF49A73094AAB
:101610000F490A48F1F7E0FA04490E48F1F7DCFAFD
:101620004FF49A710348F1F7CDFA00BF30DA012088
:101630000CDA012084610100E46101003C5D0100DD
:10164000FC61010058B3010034B301006CB3010028
:10165000B4610100CC6101002DE9F843EFF305838B
:10166000002B72D183680446002B6BD05D4A9268D0
:10167000934264D1C368002B74D0012B04D0013B8A
:10168000C3600020BDE8F883EFF31186202383F3C5
:101690001288BFF36F8F544801F09AFF002878D06A
:1016A000514801F0BBFFA068216990F90E309942C2
:1016B0001DD1EFF31183202282F31288BFF36F8FC5
:1016C00083F31188BFF36F8F002B55D02568AC4290
:1016D00000D07DB900234448C4E9023301F086FFFD
:1016E000002864D086F31188BFF36F8FC9E700F03C
:1016F000C7FFDEE7AB68002B69D0D5E900320027D1
:101700004FF000084FF0000913605A606B7BC5E989
:10171000008923F002036B7305F11800AF6002F03B
:1017200003F9A56095F90E3028462361C5F8B0701D
:1017300000F098FD31462C4801F0A4F8A1E74FF0E5
:10174000FF309FE76FF015009CE72849D723284A10
:101750002848F1F741FA2848F1F73EFAD721244802
:10176000F1F730FA25492348EF23214AF1F734FAFB
:10177000EF211F48F1F726FA2149A823214A1D48E5
:10178000F1F72AFA2048F1F727FAA8211D48F1F7C6
:1017900019FA88231D4A1E491648F1F71DFA124905
:1017A0001C48F1F719FA88211848F1F70BFA4FF4A1
:1017B0009A73164A18490F48F1F70EFA0A49174862
:1017C000F1F70AFA4FF49A711048F1F7FBF914494E
:1017D000084891230B4AF1F7FFF991210948F1F7E5
:1017E000F1F900BF0CDA012030DA012058B3010012
:1017F00034B301003C5D01006CB3010094B30100FF
:10180000D8B30100ACB30100F0B301008461010062
:10181000E4610100FC610100B4610100CC610100E0
:10182000F4B3010003466AB18A420BD300F1100CF5
:10183000C3E9021200201B605B60C3F810C0C3F84C
:1018400014C070476FF01500704700BF2DE970435A
:101850000446EFF31186202585F31288BFF36F8FBE
:10186000424801F0B5FE002867D0404801F0D6FE9E
:10187000EFF3118385F31288BFF36F8F83F3118821
:10188000BFF36F8F002B4BD02568AC4200D0ADB9B1
:10189000D4E902329A4218BF0133022104F1100048
:1018A000A36002F0C3FB28BB304801F09FFE38B3B1
:1018B00086F31188BFF36F8FBDE87083AB68002B90
:1018C00049D0D5E9003200244FF000084FF000095C
:1018D00013605A606B7BC5E9008923F002036B73C8
:1018E00005F11800AC6002F01FF82846C5F8B040BA
:1018F00000F0B8FC3146BDE870431C4800F0C2BFA0
:101900004FF49A731A4A1B491B48F1F765F91749B6
:101910001A48F1F761F94FF49A711548F1F752F945
:101920001749A823174A1448F1F756F91648F1F752
:1019300053F9A8211348F1F745F988230C4A1349B4
:101940000D48F1F749F909491148F1F745F988219E
:101950000748F1F737F90F4907489123094AF1F78A
:101960003BF991210748F1F72DF900BF34DA012046
:1019700084610100B46101003C5D0100CC610100A3
:10198000D8B30100ACB30100F0B30100E461010081
:10199000FC610100F4B30100F0B5044616461D4693
:1019A00083B0EFF3058111B152EA050350D1EFF393
:1019B0001187202383F31288BFF36F8F2B4801F028
:1019C00007FE38B3294801F029FEA16861B1013949
:1019D0002648A16001F00AFE50B387F31188BFF3D7
:1019E0006F8F002003B0F0BD56EA05030AD11F48EF
:1019F00001F0FCFDE0B187F31188BFF36F8F6FF04A
:101A00000F00EFE722463946CDE90065174800F0A0
:101A100029FDE7E78823164A16491748F1F7DCF84D
:101A200012491648F1F7D8F888211148F1F7CAF899
:101A30004FF49A730E4A12490F48F1F7CDF80B494B
:101A40001048F1F7C9F84FF49A710948F1F7BAF85C
:101A50000D4988230D4A0848F1F7BEF80C48F1F704
:101A6000BBF888210948F1F7ADF800BF34DA01204E
:101A700084610100E46101003C5D0100FC61010042
:101A8000B4610100CC6101002CB401000CB4010070
:101A9000F0B301002DE9F04F834683B0EFF31183DB
:101AA0002024019384F31288BFF36F8F4D4801F017
:101AB0008FFD00286DD005464A4801F0AFFDEFF3D9
:101AC000118384F31288BFF36F8F83F31188BFF300
:101AD0006F8F002B50D04FF0000A002600276FF0C8
:101AE0000A09D046DBF80040A34500D094B9002293
:101AF00002210BF11000CBF8082002F097FA10B980
:101B0000BAF1000F2CD00199364803B0BDE8F04F70
:101B100000F0B8BEA368002B49D0D4E900321360AE
:101B20005A60637BC4E9006723F00203637304F126
:101B30001800C4F8088001F0F7FE2046C4F8B09001
:101B400000F090FBEFF31183202282F31288BFF3A1
:101B50006F8F83F31188BFF36F8F6BB1AA46C1E714
:101B6000204801F043FD60B3019B83F31188BFF36C
:101B70006F8F03B0BDE8F08F1B49A8231B4A1C4898
:101B8000F1F72AF81B48F1F727F8A8211748F1F7D1
:101B900019F88823184A19491548F1F71DF8114911
:101BA0001748F1F719F888211348F1F70BF8154990
:101BB0000F4891230D4AF1F70FF891210B48F1F7E7
:101BC00001F84FF49A730C4A0F490948F1F704F8E9
:101BD00004490E48F1F700F84FF49A710648F0F7FF
:101BE000F1FF00BF34DA0120D8B30100ACB301002B
:101BF0003C5D0100F0B3010084610100E46101007B
:101C0000FC610100F4B30100B4610100CC6101008A
:101C1000EFF30580003818BF0120704710B548B1B8
:101C200004461F2204F1780003F0C1F8002084F874
:101C3000970010BD014B9C68F3E700BF0CDA012050
:101C40000B4B9A68537B13F001030FD1D2F89C2001
:101C50001168B1F1F03F09D04FF0F031116083F31A
:101C60001188BFF36F8F0223184602DF704700BF51
:101C70000CDA01202DE9F04F85B0119D04460F2D9F
:101C80009B460E9F0F9E64D005F110001E2863D85E
:101C9000073222F0070C0422A5734FF0F03E002516
:101CA0004FF000084FF00009129B01EB0C0A237360
:101CB000109B0097CDE90163627304F15802C4E9F7
:101CC00016225B46C4E90689A560E5735246C1F851
:101CD00000E02046C4E9271CC4F8A450F1F75CFFDB
:101CE000109BC4E919B7E66665652367EFF31187B2
:101CF000202383F31288BFF36F8F304801F068FC14
:101D000000284CD02E4E2D4801F088FC336A2B4819
:101D10006367346201F06AFC88B387F31188BFF30C
:101D20006F8F139B8BB119461F2204F1780003F0CB
:101D30003EF884F89750B3680BB1D3F8A8305046FA
:101D4000C4F8A83005B0BDE8F08F139B84F8783054
:101D5000F1E71C4883429BD040F245231A4A1B49B5
:101D60001B48F0F739FF29461A486FF00F030E227F
:101D7000F0F732FF40F245211348F0F723FF4FF40C
:101D80009A73154A15491248F0F726FF0B49144873
:101D9000F0F722FF4FF49A710F48F0F713FF8823F2
:101DA0000D4A10490A48F0F717FF04490E48F0F7AA
:101DB00013FF88210848F0F705FF00BF48DA01202B
:101DC0000CDA0120451401007CB40100A0B401002C
:101DD0003C5D010020B5010084610100B461010097
:101DE000CC610100E4610100FC610100F0B587B045
:101DF000DDE91276EFF305854DBB0595109D044690
:101E000004950F9D03950E9D02950D9D01950C9DCA
:101E10000095FFF72FFFB6F1FF3F08BFB7F1FF3F77
:101E200002D1204607B0F0BD56EA070305D120468F
:101E300001F07CF8204607B0F0BD3A46334604F185
:101E400018000A4901F066FC204607B0F0BD0849B9
:101E500040F2D623074A0848F0F7BEFE0748F0F7DD
:101E6000BBFE40F2D6210348F0F7ACFE5D24010032
:101E700058B301007CB401003C5D010054B5010081
:101E8000002340F2011210B50446C0E927338281D5
:101E900002F084F9014B9C6010BD00BF0CDA0120F8
:101EA00038B590F90D20437B002A32DBDC0630D1B7
:101EB000314A43F080039042437346D0D9073AD465
:101EC0002E4C214651F8183F8B422CD0E56963B166
:101ED00090F90EC093F90E20944501D0624524DCA0
:101EE0009D4202D01B68002BF4D1C0E90015286088
:101EF000E061A5698D4214D09DB1A368002B2ED05E
:101F00005A7BD20606D1DA897F2A03D9AA690AB98F
:101F1000636138BDAB4202D0284601F0A9FA656181
:101F200038BDE568E9E7E569DFE75A68C0E90032EE
:101F300010605860DDE7124912485023124AF0F74A
:101F40004BFE50211048F0F73DFE10490D484F233D
:101F50000D4AF0F741FE4F210B48F0F733FE0C49D4
:101F6000ED230C4A0748F0F737FE0B48F0F734FE34
:101F7000ED210848F0F726FE588900200CDA0120F0
:101F8000C4B501003C5D01007CB50100A0B50100B5
:101F90000CB60100E0B50100F0B3010038B590F9CE
:101FA0000D20437B002A19DB274D2A4652F8184F93
:101FB000AB68944222D00CB3834208D01BB35A7B47
:101FC000D20604D1DA897F2A01D9A269C2B1A3421B
:101FD00002D0204601F04CFA6C6138BD1B4A03F078
:101FE0007F03904243731BD013F0010322D1D0E949
:101FF00000210A60516003604360D5E7EC68DBE7CD
:102000001C466C6138BD1249ED23124A1248F0F7A4
:10201000E3FD1248F0F7E0FDED210E48F0F7D2FDA8
:102020000F490D4857230F4AF0F7D6FD57210D48A9
:10203000F0F7C8FD0C49084858230A4AF0F7CCFDD0
:1020400058210848F0F7BEFD0CDA0120588900201D
:102050000CB60100E0B501003C5D0100F0B30100E9
:10206000A0B501007CB50100C4B5010038B5054636
:102070000C46FFF793FF6B7B43F002036B73B4B125
:10208000AC6023689C4213D093B195F90E1093F97C
:102090000E20914201D08A420CDC62689A4202D042
:1020A0001B68002BF3D1C5E900421560656038BD9F
:1020B0006268F8E75A68C5E9003215605D6038BDAE
:1020C000054C08B50549064891232246F0F784FDE2
:1020D00091212046F0F776FDACB30100F4B3010086
:1020E0003C5D0100074C08B50749D223224607484A
:1020F000F0F772FD0648F0F76FFDD2212046F0F7A9
:1021000061FD00BF34B6010060B601003C5D010016
:10211000CCB6010038B590F90D1003460029427B7A
:10212000474937DB42F08002884242737DD0D207B4
:1021300064D4444C204650F8182F824242D0E569BE
:1021400062B193F90EC092F90E108C4501D0614531
:102150003ADC954202D01268002AF4D1C3E90005A6
:102160002B60E361A569A268854226D02DB39A420F
:1021700009D0002A4CD0537BDB0604D1D3897F2BB6
:1021800001D9AB69DBB1AA4202D0284601F070F94F
:10219000656138BD02F07F02884242731AD012F0A6
:1021A000010121D1D0E90020026050605A7B196002
:1021B00042F0800259605A73B9E7E568D7E71546DF
:1021C000656138BDE569C9E75168C3E900210B6065
:1021D0005360C7E71C491D4857231D4AF0F7FCFC14
:1021E00057211B48F0F7EEFC1A4918485823184AA3
:1021F000F0F7F2FC58211648F0F7E4FC15491348B3
:102200005023134AF0F7E8FC50211148F0F7DAFCAC
:102210001149ED23114A0D48F0F7DEFC1048F0F7A4
:10222000DBFCED210D48F0F7CDFC074907484F23B3
:10223000074AF0F7D1FC4F210548F0F7C3FC00BF77
:10224000588900200CDA0120A0B501003C5D010096
:102250007CB50100C4B501000CB60100E0B5010079
:10226000F0B3010038B50446EFF31185202383F362
:102270001288BFF36F8F184801F0AAF970B11648A1
:1022800001F0CCF92046FFF70BFE134801F0AEF940
:1022900090B185F31188BFF36F8F38BD88230F4A43
:1022A0000F491048F0F798FC0B490F48F0F794FCE1
:1022B00088210A48F0F786FC4FF49A73074A0B49C5
:1022C0000848F0F789FC04490948F0F785FC4FF409
:1022D0009A710248F0F776FC38DA01208461010037
:1022E000E46101003C5D0100FC610100B46101009A
:1022F000CC61010038B50446EFF31185202383F348
:102300001288BFF36F8F1F4801F062F9D8B11D48E2
:1023100001F084F9A3686BB1D4E9003200200021F8
:1023200013605A600022637BC4E9000123F00203BA
:102330006373A260134801F059F990B185F31188D5
:10234000BFF36F8F38BD88230F4A10491048F0F74C
:1023500043FC0C490F48F0F73FFC88210A48F0F78E
:1023600031FC4FF49A73084A0B490948F0F734FCE2
:1023700004490A48F0F730FC4FF49A710248F0F72C
:1023800021FC00BF38DA012084610100E461010012
:102390003C5D0100FC610100B4610100CC61010001
:1023A00038B50446EFF31185202383F31288BFF379
:1023B0006F8F234801F00CF918B3214801F02EF972
:1023C000637B13F0280213D1A16859B1D4E900311D
:1023D00000200B6059600021637BC4E90001A2600A
:1023E00003F0FD0323F0040320466373FFF758FD59
:1023F000134801F0FBF890B185F31188BFF36F8F9C
:1024000038BD88230F4A10491048F0F7E5FB0C4906
:102410000F48F0F7E1FB88210A48F0F7D3FB4FF4AF
:102420009A73084A0B490948F0F7D6FB04490A4851
:10243000F0F7D2FB4FF49A710248F0F7C3FB00BFEC
:1024400038DA012084610100E46101003C5D010093
:10245000FC610100B4610100CC6101000121183868
:10246000FFF79EBF2DE9F047434EDFF810A1444B24
:10247000B46850451C60DDE9089871D004460D46EB
:102480001746EFF31183202383F31288BFF36F8F76
:10249000504601F09DF8002854D0504601F0BEF897
:1024A0003946B7683846FFF7E1FDB8F1FF3F08BF8E
:1024B000B9F1FF3F06D04A464346324907F11800BA
:1024C00001F028F9204601F091F890B32B4801F073
:1024D0008DF8F0B1FFF7B4FBB3681DB15A7B12F071
:1024E000090F14D06FF00A00274AC3F8AC50C3F8A4
:1024F000B0005368002143F08053536081F311888A
:10250000BFF36F8FB368D3F8B000BDE8F087FFF773
:10251000E9FD1E494FF4B7731D4A1E48F0F75CFBF6
:1025200016491D48F0F758FB4FF4B7711848F0F7FB
:1025300049FB16494FF4B773154A1648F0F74CFBA0
:102540002146EEE78823124A12481449F0F744FB6B
:1025500051461348F0F740FB88210D48F0F732FB55
:1025600010490C4840F267230F4AF0F735FB40F260
:1025700067210D48F0F726FB0CDA012038DA01203C
:102580003CDA01205D24010000ED00E0B4610100AF
:10259000846101003C5D0100CC610100E461010047
:1025A000FC610100F4B601007CB5010070B5054680
:1025B000EFF31186202383F31288BFF36F8F244833
:1025C00001F006F8002833D0214801F027F82C68E4
:1025D000A5421BD084B1A368002B37D0D4E90032C8
:1025E0000020002113605A600022637BC4E90001CF
:1025F00023F002036373A260154800F0F7FF38B1BF
:1026000086F31188BFF36F8F204670BD0024F3E777
:102610004FF49A730F4A10491048F0F7DDFA0C494D
:102620000F48F0F7D9FA4FF49A710A48F0F7CAFA4E
:102630008823084A0B490948F0F7CEFA04490A48AA
:10264000F0F7CAFA88210348F0F7BCFAFFF738FD23
:1026500038DA012084610100B46101003C5D0100B1
:10266000CC610100E4610100FC61010010B5044689
:10267000FFF740FE04F11800BDE8104001F054B926
:10268000F8B504460D46EFF31187202383F3128833
:10269000BFF36F8F6D4800F09BFF002800F09F8014
:1026A0006A4800F0BBFF637B03F01F02002A0CBFE7
:1026B000012600260DD09B074FD4A573634800F078
:1026C00095FF00287BD087F31188BFF36F8F3046CA
:1026D000F8BD5F4A03F07F039442637300F08D807E
:1026E00013F0010340F09380D4E9002002605060B1
:1026F00023606360637B69B243F08003DA07A173F0
:10270000637300F18E80534D284650F8183F834282
:1027100044D0D5F81CC053B193F90E20914201D09A
:102720008A4240DC634502D01B68002BF4D1C4E927
:10273000000CCCF80040EC61AC69844208D03CB19C
:10274000AB689C4202D0204600F092FE6C61B5E777
:10275000EC68AB689C42F6D1F8E7A268002A6AD020
:10276000D4E9001000236DB201604860A5732360B6
:10277000636013689A4214D09BB193F90E108D4296
:1027800001D0A94215DC5168994202D01B68002B88
:10279000F3D1C4E900210C6054608FE7D5F81CC068
:1027A000C5E75168F5E75A68C4E9003214605C6017
:1027B000C2E75A68C4E9003214605C607EE74FF4F7
:1027C0009A73254A25492648F0F706FA1F492548F5
:1027D000F0F702FA4FF49A711F48F0F7F3F98823E3
:1027E0001D4A21491E48F0F7F7F918491F48F0F72C
:1027F000F3F988211848F0F7E5F91D4918485723DF
:102800001C4AF0F7E9F957211A48F0F7DBF91A49A1
:1028100013485823174AF0F7DFF958211548F0F705
:10282000D1F915490E485023124AF0F7D5F9502135
:102830001048F0F7C7F9114909489123104AF0F7F9
:10284000CBF991210E48F0F7BDF900BF38DA01202D
:10285000588900200CDA012084610100B461010074
:102860003C5D0100CC610100E4610100FC610100FC
:10287000A0B501007CB50100C4B50100F4B30100AE
:10288000ACB30100F8B505460C4611B9EFF3058667
:1028900046B1284600F0AAFEF8B184F31188BFF3D0
:1028A0006F8FF8BD1D4F7A69BB689A42F1D000F076
:1028B0009DFE10B3FFF7C4F96FF00A01BB68184A18
:1028C000C3F8AC60C3F8B010536843F08053536052
:1028D00086F31188BFF36F8FF8BD4FF49A73114AD6
:1028E00011481249F0F778F929461148F0F774F9C0
:1028F0004FF49A710B48F0F765F94FF4B773094A32
:1029000009480A49F0F768F929460948F0F764F9D7
:102910004FF4B7710348F0F755F900BF0CDA012006
:1029200000ED00E0846101003C5D0100B461010044
:10293000CC61010020B180F31188BFF36F8F704725
:1029400038B5EFF30584BCB90E4D6A69AB689A429D
:1029500012D0FFF775F96FF00A01AB680A4AC3F8A5
:10296000AC40C3F8B010536843F08053536084F315
:102970001188BFF36F8F38BD80F31188BFF36F8F5D
:1029800038BD00BF0CDA012000ED00E010B5EFF318
:102990001184202383F31288BFF36F8F2B4800F03C
:1029A00017FEB0B1294800F039FEEFF30583002B84
:1029B0003CD1274B9A68D37B012B28D0013BD373A2
:1029C000224800F013FE90B184F31188BFF36F8F9B
:1029D00010BD88231F4A20492048F0F7FDF81B4905
:1029E0001F48F0F7F9F888211A48F0F7EBF84FF490
:1029F0009A73184A1B491948F0F7EEF813491A4818
:102A0000F0F7EAF84FF49A711248F0F7DBF817493B
:102A100040F2FF23164A1148F0F7DEF81548F0F7A8
:102A2000DBF840F2FF211248F0F7CCF8124940F2EF
:102A3000FE230F4A0948F0F7CFF80E48F0F7CCF81C
:102A400040F2FE210A48F0F7BDF800BF38DA012055
:102A50000CDA012084610100E46101003C5D0100A9
:102A6000FC610100B4610100CC61010030B70100DC
:102A70007CB50100F0B3010058B3010070B5EFF36D
:102A80001186202383F31288BFF36F8F4B4800F029
:102A90009FFD002856D04A4D484800F0BFFDAB6866
:102AA000DA7B002A7BD0EFF30581002968D1294623
:102AB0000132DA7351F8184F8C4241D0002C3FD0CC
:102AC0005A7BD20631D1DA897F2A2ED9A26962BB1C
:102AD0001C463A486C6100F089FD002840D086F31E
:102AE0001188BFF36F8FEFF31183202282F31288D6
:102AF000BFF36F8FFBB9EFF30584E4B96969AA6886
:102B0000914218D0FFF79CF86FF00A01AB682D4A8C
:102B1000C3F8AC40C3F8B010536843F0805353601F
:102B200084F31188BFF36F8F70BDA342D1D02046CC
:102B300000F09EFCCDE783F31188BFF36F8F70BD6B
:102B4000EC68BDE78823204A20492148F0F744F883
:102B50001A492048F0F740F888211B48F0F732F86E
:102B60004FF49A73184A1C491948F0F735F813497D
:102B70001A48F0F731F84FF49A711348F0F722F839
:102B8000174940F20B33174A1148F0F725F8164859
:102B9000F0F722F840F20B311248F0F713F813491E
:102BA00040F20A330F4A0A48F0F716F80E48F0F7D9
:102BB00013F840F20A310B48F0F704F838DA012034
:102BC0000CDA012000ED00E084610100E461010005
:102BD0003C5D0100FC610100B4610100CC610100B9
:102BE00058B301007CB50100F0B3010064B70100E7
:102BF000024A134643F81829DA61704724DA0120A3
:102C000070B5EFF30584002C40F08180EFF311865E
:102C1000202383F31288BFF36F8F444800F0D8FC61
:102C2000002866D0424D414800F0F8FCAA68EB69E4
:102C30009A4215BF136823461946116852681160FD
:102C40004A60A868EC6963B190F90E2093F90E1000
:102C50008A4201D0914233DCA34202D01B68002B90
:102C6000F2D1344AC0E900242060E861AC699442A2
:102C700024D01CB3AB689C4202D0204600F0F8FB85
:102C80002A486C6100F0B2FC18B3FEF7D9FFAB68BC
:102C90001EB15A7B12F0090F19D06FF00A00264AB4
:102CA000C3F8AC60C3F8B0005368002143F0805310
:102CB000536081F31188BFF36F8F70BDEC68D9E763
:102CC0005A68C0E9003210601A4A5860CEE7FFF730
:102CD00009FA4FF4B773194A19491A48EFF77CFFFC
:102CE00012491948EFF778FF4FF4B7711348EFF71F
:102CF00069FF8823114A15491248EFF76DFF0B4908
:102D00001348EFF769FF88210C48EFF75BFF114983
:102D100040F23443104A0B48EFF75EFF0F48EFF7DD
:102D20005BFF40F234410C48EFF74CFF38DA0120EA
:102D30000CDA012024DA012000ED00E084610100BA
:102D4000B46101003C5D0100CC610100E46101005F
:102D5000FC61010058B301007CB50100F0B3010033
:102D6000F8B5EFF30583002B59D150EA010305466E
:102D70000C464ED0EFF31187202383F31288BFF364
:102D80006F8F3D4800F024FC002857D03B4E3A4856
:102D900000F044FCB0683A4B1860FFF7FFF8B068E9
:102DA00023462A463749183000F0B4FCB26804467E
:102DB000537B314843F00403537300F017FC0028A1
:102DC0004AD0FEF73DFFB3681FB15A7B12F0090FDE
:102DD00023D06FF00A002C49C3F8AC70C3F8B000E0
:102DE0004B68002243F080534B6082F31188BFF39D
:102DF0006F8FB368D3E90A13B3F1004F08BF914254
:102E000001D00020F8BD00F06BFF201A20EAE0702E
:102E1000F8BDFFF7F5FE0020F4E7FFF763F91B4963
:102E200040F24C431A4A1B48EFF7D6FE1A48EFF718
:102E3000D3FE40F24C411648EFF7C4FE8823174AF0
:102E400017491448EFF7C8FE0B491648EFF7C4FEC0
:102E500088211248EFF7B6FE4FF4B7730F4A1249B4
:102E60000C48EFF7B9FE04491048EFF7B5FE4FF4F0
:102E7000B7710A48EFF7A6FE38DA01200CDA012014
:102E80003CDA01205D24010000ED00E058B30100B0
:102E90007CB501003C5D0100F0B3010084610100DC
:102EA000E4610100FC610100B4610100CC6101003A
:102EB00070B5EFF3058616BB05460C46FFF750FFCD
:102EC000B4F1FF3F08BFB5F1FF3F034614D04FF404
:102ED0007A7247F611203146C3FB020147F61222EF
:102EE0000023EDF7BBFEB0F1004F71F1000100D2FD
:102EF00070BD6FF0004070BD4FF0FF3070BD0749EE
:102F000040F27643064A0748EFF766FE0648EFF7B9
:102F100063FE40F276410248EFF754FE58B30100D9
:102F20007CB501003C5D0100F0B3010038B50446FA
:102F3000EFF31185202383F31288BFF36F8F2148AD
:102F400000F046FBF8B11F4800F068FB637B5B07AD
:102F500008D41C4800F04AFB18B385F31188BFF36E
:102F60006F8F38BD04F1180000F0DEFC637B204653
:102F700023F004036373FEF793FF2946BDE838404E
:102F80001048FFF77FBC88230F4A10491048EFF71D
:102F900023FE0C490F48EFF71FFE88210A48EFF780
:102FA00011FE4FF49A73084A0B490948EFF714FED3
:102FB00004490A48EFF710FE4FF49A710248EFF700
:102FC00001FE00BF38DA012084610100E4610100E4
:102FD0003C5D0100FC610100B4610100CC610100B5
:102FE000014B9868704700BF0CDA01202DE9F84FBB
:102FF000054690F80CB0EFF3118A202383F3128872
:10300000BFF36F8FAB4800F0E3FA002800F00D81AA
:10301000A84800F003FB6B7B1A0700F18280D909F6
:1030200043F0080269D16A73AB686BB1D5E900322D
:1030300013605A60002300220021C5E900236B7B46
:10304000A96023F002036B7305F1180000F06CFC1B
:10305000AC6D05F15807A74222D00CB300264FF003
:1030600000084FF0000900E0D4B1A368002B00F085
:10307000C280D4E9003213605A60637BC4E90089DE
:1030800023F00203637304F11800A66000F04CFC07
:103090002046C4F8B060FEF703FFAC6DA742E3D151
:1030A000854CA3689D4200F081800027A669834A71
:1030B000964275D0002E73D0B34202D0304600F055
:1030C000D7F928466661F0F78DFD284600F0AEFA84
:1030D000002F67D1A3689D422ED0764800F086FA73
:1030E000002800F092808AF31188BFF36F8F1BF0E5
:1030F000010F40F0CE80BDE8F88F714A03F07F03E6
:1031000043F0080395426B7300F0AF8013F00103A6
:1031100040F0B580D5E900210A6051602B606B60FA
:1031200082E7644800F062FA00286ED08AF31188C2
:10313000BFF36F8FBDE8F88FEFF30586002ECCD17B
:103140002B7BDB0738D455465A4800F04FFA00284D
:103150007BD0FEF775FDA3681DB15A7B12F0090FF5
:1031600071D06FF00A00574AC3F8AC50C3F8B000F2
:103170005368002143F08053536081F31188BFF3FB
:103180006F8F514940F2AF13504A5148EFF724FD79
:103190005048EFF721FD40F2AF114C48EFF712FD18
:1031A000E66889E74C48FEF76BFE93E7EFF3058787
:1031B000003F18BF012779E73E4800F017FA20B317
:1031C0008AF31188BFF36F8F86F31188BFF36F8F77
:1031D0000423184602DFEFF3118A202383F31288B9
:1031E000BFF36F8F3348554600F0F2F9E8B131482C
:1031F00000F014FAA8E7394935489123384AEFF727
:10320000EBFC91213648EFF7DDFC4FF49A73354A19
:1032100035492F48EFF7E0FC26493448EFF7DCFC4E
:103220004FF49A712F48EFF7CDFC88232D4A30498F
:103230002748EFF7D1FC1F492E48EFF7CDFC882136
:103240002848EFF7BFFCFEF74DFF4FF4B773254A50
:1032500025491F48EFF7C0FC16492448EFF7BCFC8E
:103260004FF4B7711F48EFF7ADFC234918485723B7
:10327000164AEFF7B1FC57211448EFF7A3FC1F499A
:1032800013485823114AEFF7A7FC58210F48EFF7CE
:1032900099FC40F24C530D4A0D481949EFF79CFC3C
:1032A00029461848EFF798FC40F24C510748EFF7D1
:1032B00089FC00BF38DA01200CDA012024DA012071
:1032C0005889002000ED00E098B701007CB50100AE
:1032D0003C5D0100A4B70100C88A0020F4B30100DE
:1032E000ACB3010084610100B4610100CC61010054
:1032F000E4610100FC610100A0B50100C4B501005A
:10330000C8B70100D4B701002DE9F8430646884646
:103310001746EFF31189202383F31288BFF36F8FD1
:103320002B4800F055F9002841D00546284800F008
:1033300075F93468A64228D02CB3A368C4F8B080CD
:103340002761002B41D0D4E9003213605A6000227B
:1033500000230021C4E90023637BA16023F0020362
:1033600004F11800637300F0DFFA2046FEF798FDC1
:10337000174800F03BF950B189F31188BFF36F8F04
:103380002846BDE8F8832546F2E70025F0E74FF42C
:103390009A73104A10491148EFF71EFC0C49104867
:1033A000EFF71AFC4FF49A710A48EFF70BFC8823E9
:1033B000084A0C490948EFF70FFC05490A48EFF79E
:1033C0000BFC88210348EFF7FDFBFEF779FE00BFF9
:1033D00038DA012084610100B46101003C5D010024
:1033E000CC610100E4610100FC61010010B582B014
:1033F000DDE90434CDE90034069CFFF733F81CB155
:10340000024B9B681B69236002B010BD0CDA0120DF
:1034100008B5A8B10F4B984212D303F1180290429D
:103420000ED20D4AC01A02FB00F10C4BB3EBF10FA8
:1034300006D30121C01002FB00F0094B195408BD4E
:10344000084909483823094AEFF7C6FB38210748DD
:10345000EFF7B8FB808B0020ABAAAAAAAAAAAA0AF7
:1034600040DA01201CB801003C5D0100F4B7010006
:1034700070B5144B144E1D7C044605EB450306EB5A
:10348000C306304600F050FA0022104B5A55E3892B
:103490007F2B16D80E4B1A689AB10E4B94F90E106A
:1034A0001B6899420DDB637BDB060AD10A4B9C4209
:1034B00007D0013A3046BDE870400849D31700F004
:1034C00029B970BD0CDA0120808B002040DA012080
:1034D0006007002044DA01205889002011340100DF
:1034E00038B5EFF31185202383F31288BFF36F8F74
:1034F0002A4800F06DF8002832D0284800F08EF8F5
:10350000274A284B94681868A04226D00021127CD4
:1035100025481960825CBAB1E3897F2B14D8234B0C
:103520001B688BB1224B94F90E201B689A420BDB6F
:10353000637BDB0608D11F4B9C4205D02046FEF77B
:10354000E9FD2046FFF794FF144800F04FF8A8B1BA
:1035500085F31188BFF36F8F38BDFFF789FFF3E75D
:103560008823154A15491648EFF736FB0B491548CD
:10357000EFF732FB88211048EFF724FB4FF49A73E2
:103580000D4A11490E48EFF727FB04490F48EFF7A2
:1035900023FB4FF49A710848EFF714FB38DA012047
:1035A0000CDA01203CDA012040DA0120600700201B
:1035B00044DA01205889002084610100E46101009F
:1035C0003C5D0100FC610100B4610100CC610100BF
:1035D000006838B1044B00F003001B7CC01A18BF10
:1035E00001207047012070470CDA01200023016898
:1035F0000360EFF30583084A43B99368127C43EAFA
:103600000200401AB0FA80F0400970479368587B76
:10361000C007F3D5012070470CDA0120024B1A7C59
:103620009B681343036070470CDA012038B50446E9
:10363000EFF31185202383F31288BFF36F8F1F48A8
:10364000FFF7C6FFE0B11D48FFF7E8FF1C4A136A09
:10365000A3420FD02BB15A6FA2420ED01346002BBB
:10366000F9D11648FFF7C2FFC0B185F31188BFF347
:103670006F8F38BD5B6F1362F3E7626F5A67F0E7D5
:103680008823104A10491148EFF7A6FA0B49104851
:10369000EFF7A2FA88210B48EFF794FA4FF49A73E8
:1036A000084A0C490948EFF797FA04490A48EFF726
:1036B00093FA4FF49A710348EFF784FA48DA01203D
:1036C0000CDA012084610100E46101003C5D01002D
:1036D000FC610100B4610100CC61010010B40C4B2D
:1036E0005A68036882420AD04BB1D3E904210469C5
:1036F000121944691A6141EB0401596103680022FF
:1037000041680B60596010BC02604260704700BFA6
:1037100064070020B3F1FF3F08BFB2F1FF3F2DE97E
:10372000F84F00F0A380D0F800B08146BBF1000F45
:1037300040F0C3801C4615461E468160EFF311879A
:10374000202383F31288BFF36F8F6A48FFF740FF8F
:103750008246002800F0A3806648FFF75FFF002C38
:1037600045DB654B1B68002B00F086805E46D84623
:10377000624B01351A6844F1000415EB0B0546EB6A
:1037800004065B68C9E90456AD1846EB03065C4ABB
:10379000D2E9001E914212D089B1D9E90430D1E9B1
:1037A000044CA34270EB0C0B39DB1B1B60EB0C00D1
:1037B0008E45C9E9043002D009680029EFD1C9E972
:1037C000002ECEF80090C2F804901368934201D006
:1037D000994531D04748FFF709FF00287AD087F391
:1037E0001188BFF36F8F28463146BDE8F88F6FF020
:1037F0000103424A4FF0000AD2E900125B1A4FF06F
:10380000FF3161EB02025B1B62EB0402012B72F1E0
:103810000001BCBF5A460123C9E90432B7E7E41AE4
:103820004B686CEB0000C1E90440C9E90013C3F820
:103830000090C1F80490C8E72F4909680029C9D150
:10384000BAF1000F21D0D3E90423B2EB080263EBF5
:10385000E873B2F1004F73F1000113DA002BACBF33
:10386000104600200021F3F7ADFAB3E700252E46FD
:1038700028463146BDE8F88FF3F78EFA8046834636
:10388000C61775E76FF00040ECE7F3F785FA1C4ABE
:1038900013689342F6D0002BF4D08046D3E78823F8
:1038A000184A19491948EFF797F912491848EFF7DC
:1038B00093F988211348EFF785F916496F23164AC3
:1038C0001248EFF789F91548EFF786F96F2112488A
:1038D000EFF778F94FF49A730A4A11490B48EFF75A
:1038E0007BF904490F48EFF777F94FF49A710548CF
:1038F000EFF768F950DA01204CDA0120988B0020AC
:103900006407002084610100E46101003C5D010066
:10391000FC6101004CBA010028BA0100F0B30100BB
:10392000B4610100CC610100F8B50446EFF31186E3
:10393000202383F31288BFF36F8F3648FFF748FECA
:10394000002858D03348FFF769FE236893B3324DFF
:1039500020462F68AF4236D0FFF7C0FE00224FF05E
:103960000043BC42C4E904230AD000242948FFF7DD
:103970003DFE80B386F31188BFF36F8F2046F8BDFC
:10398000264B1B68CBB100202A68AA4218D0BAB1D6
:10399000D2E904321B1A62EBE072B3F1004F72F10C
:1039A00000010DDA002AACBF184600200021F3F711
:1039B00009FADAE76FF01504D8E7F3F7EDF9E3E772
:1039C0006FF00040F2E7FFF789FE00224FF000435E
:1039D000C4E90423C9E74FF49A73114A1149124804
:1039E000EFF7FAF80B491148EFF7F6F84FF49A7130
:1039F0000B48EFF7E7F88823094A0D490A48EFF723
:103A0000EBF804490B48EFF7E7F888210448EFF793
:103A1000D9F800BF50DA0120640700204CDA0120F9
:103A200084610100B46101003C5D0100CC610100D2
:103A3000E4610100FC6101002DE9F04F83B00190C9
:103A4000EFF311854FF0200B8BF31288BFF36F8FCC
:103A50006C48FFF7BDFD019A002800F0A4806A4F72
:103A600068480192FFF7DAFDD7F80080DFF89CA1E3
:103A7000019AB845CAF8002000F09280B8F1000F12
:103A800000F0AF80DFF888915E4ECDF804B003E01F
:103A9000B8F1000F00F0B280D8E90443D017A24279
:103AA00070EB030E55DBD9E900204FF0000C4FF00E
:103AB000000B121940EBE473C8E904BC4046C9E9A5
:103AC0000023FFF70BFE3046FFF790FD002878D06B
:103AD00085F31188BFF36F8F4046D8F808309847B8
:103AE000EFF31185019B83F31288BFF36F8F30468C
:103AF000FFF76EFD002856D03046FFF78FFDDAF84D
:103B00000020D7F80080121BB845CAF80020BFD1AA
:103B100000246FF00040D9F80030CAF800409B182C
:103B2000C9F80030D9F8043043EBE273C9F8043027
:103B30000021F3F747F93348FFF758FD002840D03C
:103B400085F31188BFF36F8F03B0BDE8F04FFFF727
:103B5000C7BCA41AC8F8104063EB00043B68C8F85F
:103B600014400024CAF80040D9F80040A418D9F83D
:103B70000420C9F8004042EB0002BB42C9F804200F
:103B80000BD053B1D3E90403B0F1004F73F100023D
:103B900003DA002BB8BF0020CAE76FF00040C7E788
:103BA000DFF86C90B4E788231A4A1B491B48EFF7EB
:103BB00013F814491A48EFF70FF888211548EFF762
:103BC00001F84FF49A73134A16491448EFF704F8B2
:103BD0000C491548EFF700F84FF49A710D48EEF7CD
:103BE000F1FF0B49CAF80080D1E900309B1840EB87
:103BF000E272C1E900326FF0004099E74346D01706
:103C0000AFE700BF50DA0120640700204CDA012042
:103C1000988B002084610100E46101003C5D01009B
:103C2000FC610100B4610100CC61010070B5EFF3EB
:103C30001186202383F31288BFF36F8F1F48FFF78D
:103C4000C7FCE0B11D48FFF7E9FC1D4B1B6893B1B1
:103C5000002001461B4B1A685D688418174841EB29
:103C60000505FFF7C3FCC0B186F31188BFF36F8F62
:103C70002046294670BDF3F78FF8C117EAE788237D
:103C8000114A12491248EEF7A7FF0C491148EEF706
:103C9000A3FF88210C48EEF795FF4FF49A730A4A68
:103CA0000D490B48EEF798FF04490C48EEF794FFD6
:103CB0004FF49A710448EEF785FF00BF50DA0120F7
:103CC0004CDA0120988B002084610100E46101003E
:103CD0003C5D0100FC610100B4610100CC610100A8
:103CE00008B5FFF7A3FF08BDFFF7A0BF2DE9F0411E
:103CF0000446EFF31185202383F31288BFF36F8FFF
:103D00005B48FFF765FC002800F094805848FFF7F7
:103D100085FC27685FB15648FFF768FC002800F073
:103D2000978085F31188BFF36F8FBDE8F081D4E9E8
:103D30000A61701C41F10002022872F100021CD3DA
:103D4000013E41F1FF38B8F1000FBCBF00264FF033
:103D50000008FFF7C9FF013041F10001801948EB6D
:103D60000101012871F1000141DA6FF001024FF009
:103D7000FF3320463F49FFF7CDFC236B226A013316
:103D80002363D2B13A48FFF731FC002860D085F3B5
:103D90001188BFF36F8F2046236A9847EFF3118590
:103DA000202383F31288BFF36F8F3148FFF710FC95
:103DB00000283FD02E48FFF731FC54F8186FA64278
:103DC000A9D0002EA7D03046FEF794FA0023284849
:103DD000C6F8B030FFF70AFC002839D085F3118807
:103DE000BFF36F8F3046BDE8F041FEF73BBAFFF7F7
:103DF0007BFF6FF002026FF00043013041F10001E0
:103E0000801948EB010182428B4103DA3A464FF0B8
:103E10000043AEE7FFF768FF6FF00102431C41F17A
:103E20000000991948EB0003521A4FF0FF3161EB83
:103E300003039EE78823104A10491148EEF7CCFE91
:103E40000B491048EEF7C8FE88210B48EEF7BAFE82
:103E50004FF49A73084A0C490948EEF7BDFE04492D
:103E60000A48EEF7B9FE4FF49A710348EEF7AAFE3E
:103E700054DA0120ED3C010084610100E46101009D
:103E80003C5D0100FC610100B4610100CC610100F6
:103E90002DE9F84314461D46064690461F46EFF3AB
:103EA0001189202383F31288BFF36F8F2748FFF710
:103EB0008FFB68B32548FFF7B1FBB5F1FF3F08BFA3
:103EC000B4F1FF3F1AD0002D09DB012C75F100037E
:103ED000BCBF0124002514F1FF3845F1FF37002451
:103EE0003046FFF721FDDDE908014246C6E90A0137
:103EF0003B46304616493463FFF70CFC1348FFF786
:103F000075FB98B189F31188BFF36F8FBDE8F88313
:103F10008823104A10491148EEF75EFE0B491048FD
:103F2000EEF75AFE88210B48EEF74CFE4FF49A73D9
:103F3000084A0C490948EEF74FFE04490A48EEF7D3
:103F40004BFE4FF49A710348EEF73CFE54DA012021
:103F5000ED3C010084610100E46101003C5D010071
:103F6000FC610100B4610100CC61010010B50446A0
:103F7000FFF7DAFCA8B9636A0BB12046984704F151
:103F80001800FEF713FB60B1FEF76CF9EFF3118038
:103F9000202383F31288BFF36F8FBDE81040FEF734
:103FA000C9BC10BD2DE9F041866804460D4636B106
:103FB0007378012B22D0022B0CD000233370002009
:103FC000E368A060C3F38632154365F39433E3607E
:103FD000BDE8F0813378002BEFD056F8047C002F39
:103FE000EBD006F11400FFF79FFC0023A6F11408A4
:103FF00041463846F36200F0B1FADEE716F8533C6A
:104000009A07DAD5A6F160073846FEF72FFB082D90
:104010000CBF6FF00302002216F8533C3265DB063A
:10402000CBD13846FEF71EF9C7E700BFF8B5054605
:104030000E46EFF31187202383F31288BFF36F8FAF
:104040002048FFF7C5FA70B31E48FFF7E7FA2C685F
:10405000A54216D0D4E9003213605A6000233146DD
:10406000204623606360FFF79DFF1648FFF7BEFA06
:1040700048B187F31188BFF36F8F201E18BF01204E
:10408000F8BD0024F1E74FF49A730F4A0F49104826
:10409000EEF7A2FD0B490F48EEF79EFD4FF49A7123
:1040A0000948EEF78FFD8823074A0B490848EEF7C9
:1040B00093FD04490948EEF78FFD88210248EEF789
:1040C00081FD00BF58DA012084610100B461010064
:1040D0003C5D0100CC610100E4610100FC61010074
:1040E00070B504460D46EFF31186202383F3128842
:1040F000BFF36F8F2248FFF76BFA18B32048FFF722
:104100008DFA01212068C4E9021584420FD0D0E95C
:10411000003213605A60002303604360FFF742FFE0
:10412000044631461648FEF7ADFB204670BD1448E4
:10413000FFF75CFAA0B186F31188BFF36F8F0024FC
:10414000204670BD88230F4A0F491048EEF744FD02
:104150000B490F48EEF740FD88210A48EEF732FD83
:104160004FF49A73074A0B490848EEF735FD0449A6
:104170000948EEF731FD4FF49A710248EEF722FD3F
:1041800058DA012084610100E46101003C5D010016
:10419000FC610100B4610100CC610100014BC0F879
:1041A000A8307047280800200148EDF757BF00BF2E
:1041B000A8BB010070B5124C124DAC4212D80FD200
:1041C0000026D4E9011204F10C0320461B605B6059
:1041D000183444F8046CEDF797FEAC4202D8F0D3E3
:1041E000002070BD08492523084A0948EEF7F4FC71
:1041F0000848EEF7F1FC25210448EEF7E3FC00BF88
:1042000028080020400800203CBC0100D0BB010071
:104210003C5D01005CB1010010B5074C82B04FF06D
:10422000FF334FF4805205480549009400F006FA28
:10423000002002B010BD00BF64BC0100A08B0020B4
:10424000D03302202DE9F0470546DFF8FC81DFF886
:10425000FCA184B0EFF31189202383F31288BFF30C
:104260006F8F4046FFF7B4F9002800F0C280404647
:10427000FFF7D4F9D5F8BC40002C7FD0D5F8C0208A
:104280002368944208BFC5F8C030C5F8BC30D5F8E3
:10429000D430404643F00203C5F8D430E368666882
:1042A00023F0040343F00103E360FFF79FF90028C4
:1042B00000F0AD8089F31188BFF36F8F002E00F0FE
:1042C000B6802046B047EFF31189202383F312888C
:1042D000BFF36F8F4046FFF77BF9002800F089801D
:1042E0004046FFF79BF9E268D10622F001033CD477
:1042F000E3609A0715D4D5F8D430404623F0020382
:10430000C5F8D430C3F30024FFF770F900287ED03D
:1043100089F31188BFF36F8F002C9BD1FEF770FCDF
:1043200098E7DAF8000023F00203E3600028E2D007
:10433000426800219442036807D0002BDBD001467D
:10434000184642681B689442F7D10368002947D099
:104350000B60DAF80430834208BFCAF80410002367
:1043600040F8083BFDF772FAC5E722F01102E2605F
:1043700004F11000FDF76AFAE368BAE7D5F8D43023
:1043800023F004025C07C5F8D420C3F380010FD4E6
:10439000D00616D52C48C5F8D410FFF727F9002809
:1043A00035D089F31188BFF36F8F04B0BDE8F08773
:1043B00005F1CC04002201212046FEF7A5FF0028CC
:1043C000F8D100234FF0FF364FF0FF374946404603
:1043D000CDE9006705F1C4020293FFF707F839E75A
:1043E000DAF80420CAF800308242B8D1CAF80430A2
:1043F000B5E78823164A17491748EEF7EDFB12492F
:104400001648EEF7E9FB88211148EEF7DBFB4FF485
:104410009A730F4A12491048EEF7DEFB0A49114819
:10442000EEF7DAFB4FF49A710948EEF7CBFB0E4931
:1044300009484FF438730D4AEEF7CEFB4FF438714C
:104440000A48EEF7BFFB00BF5CDA0120788C002041
:1044500084610100E46101003C5D0100FC61010038
:10446000B4610100CC61010094BC010070BC01008A
:10447000F8B5C3680D469A07C3F3400611D45F0729
:1044800012D500232B603046F8BDFDF7C1FBD7F8ED
:10449000D430E0B9D907C3F3C00248D50AB35A07EC
:1044A0001FD46FF00F06ECE70F680446002F2ED0E4
:1044B000DB0735D5A768002F3CD002262F60234BA1
:1044C0009A68D7F8B8309A42DFD0D7F8D430D807F6
:1044D000C3F380022BD5002AE3D1C3F3C003002B22
:1044E000DFD100232360D7F8C030DBB11C60C7F8F0
:1044F000C040002207F1C4001146FEF705FFE36843
:10450000304643F00403E3602B68A360F8BD87687E
:104510000F60C368DE07CDD417B96FF01506B0E79A
:104520000126CCE7C7F8BC40C7F8C040E1E76FF010
:104530001206A6E70649074840F25713064AEEF767
:104540004BFB40F257110448EEF73CFB0CDA01201C
:10455000ACBC01003C5D010070BC010030B583B013
:10456000019009B34B680C46002B47D0EFF311853F
:10457000202383F31288BFF36F8F2648FFF728F8B4
:1045800070B32448FFF74AF8204601A9FFF770FFEF
:1045900004462048FFF72AF890B185F31188BFF34D
:1045A0006F8F204603B030BD1B491C4840F27D137D
:1045B0001B4AEEF711FB40F27D111948EEF702FBA2
:1045C0004FF49A73174A18491448EEF705FB11493E
:1045D0001648EEF701FB4FF49A711248EEF7F2FA23
:1045E0008823104A12490D48EEF7F6FA0949114896
:1045F000EEF7F2FA88210B48EEF7E4FA0E49074885
:104600004FF4BF73064AEEF7E7FA4FF4BF71044860
:10461000EEF7D8FA5CDA0120C8BC01003C5D01006D
:1046200070BC010084610100B4610100CC61010033
:10463000E4610100FC610100DCBC0100F0B589B05F
:104640000E9D002841D0002957D00446D0F8D40050
:1046500010F0010045D1C4F8BC00C4F8C00004F15A
:10466000C400C4E9310004F1CC00C4E9330055B3FF
:104670002E7940F20110002E08BF01204FF0FF36C6
:104680004FF0FF37C4F8D400CDE906670026039346
:104690002046CDE901661F4B00940496FDF7A6FB6A
:1046A00055B1296811B12046FDF7B8FA6B791BB1F5
:1046B000237B43F0010323732046FEF737FCC4F845
:1046C000B84009B0F0BD0120D8E71349134840F2C3
:1046D0003233134AEEF780FA40F232311048EEF7E7
:1046E00071FA10490D484FF44D730D4AEEF774FA04
:1046F0004FF44D710A48EEF765FA0B49074840F24E
:104700003333074AEEF768FA40F233310448EEF7E4
:1047100059FA00BF4542010030BD01003C5D010077
:1047200070BC0100FCBC010038BD010038B5054675
:10473000002941D051F8043C0C1F002BB8BFE418ED
:1047400000F0EAF81D4A136833B963601460284624
:10475000BDE8384000F0E6B8A34208D92068211827
:104760008B4201BF19685B6809182160EDE71A46A2
:104770005B680BB1A342FAD911685018A0420BD163
:1047800020680144501811608342E0D118685B68CA
:10479000084453601060DAE702D90C232B60D6E797
:1047A000206821188B4202BF19685B680918636092
:1047B00008BF21605460CAE738BD00BF64DA012039
:1047C000F8B5CD1C064625F0030508350C2D38BF7D
:1047D0000C25002D01DBA94203D90C2333600020F6
:1047E000F8BD00F099F821490A6814469CB9204F99
:1047F0003B6823B92146304600F03CF83860294632
:10480000304600F037F8431C23D10C233046336088
:1048100000F088F8E3E723685B1B17D40B2B03D960
:1048200023601C44256004E06368A2420CBF0B6057
:104830005360304600F076F804F10B00231D20F0A1
:104840000700C21A1CBF1B1AA350C9E7224664689E
:10485000CCE7C41C24F00304A042E3D0211A304664
:1048600000F008F80130DDD1CFE700BF64DA0120A5
:1048700060DA012038B50023054D044608462B6058
:10488000EFF70CFD431C02D12B6803B1236038BD48
:1048900068DA01200CB4184B30B50C1E9DB01D68B1
:1048A00008DA8B234FF0FF302B601DB0BDE830409D
:1048B00002B070474FF402730290069002A9ADF85F
:1048C000143014BF04F1FF332346209A2846049382
:1048D00007934FF6FF73ADF8163021AB019300F04C
:1048E00027F8431CBCBF8B232B60002CDDD0029B20
:1048F00000221A70D9E700BF6C07002007B50093AB
:1049000013460A4601460348006800F06FFA03B0F8
:104910005DF804FB6C0700200148EFF7D5BC00BF31
:10492000400800200148EFF7E9BC00BF4008002024
:104930002DE9F04F98468B899DB007461B060D4622
:10494000144610D50B6973B94021FFF739FF286071
:10495000286130B90C233B604FF0FF301DB0BDE83B
:10496000F08F40236B610023CDF80C804FF00109DC
:10497000DFF8A081099320238DF8293030238DF8AA
:104980002A3023469A4613F8012B0AB1252AF9D179
:10499000BAEB040B0BD05B4622462946384600F0A2
:1049A00050FA013000F0A780099A5A4409929AF807
:1049B0000030002B00F09F8000234FF0FF320AF1FF
:1049C000010A049307938DF853301A93CDE9052318
:1049D000544605224F4814F8011B00F0FFFA049AD0
:1049E000D8B9D00644BF20238DF85330110744BFF7
:1049F0002B238DF853309AF800302A2B15D0079AC4
:104A0000544600204FF00A0C214611F8013B303B80
:104A1000092B4BD9B0B1079214E0A0EB0803A246D2
:104A200009FA03F313430493D2E7039B191D1B6890
:104A3000002B0391BBBF5B4242F002020793079336
:104A4000B8BF049223782E2B0AD163782A2B32D157
:104A5000039B02341A1D1B6843EAE3730392059318
:104A6000DFF8B4A003222178504600F0B7FA38B13D
:104A7000A0EB0A004022049B0134824013430493BC
:104A800014F8011B062225488DF8281000F0A6FA1C
:104A9000002836D0224B1BBB039B073323F00703B0
:104AA00008330393099B334409936AE70CFB0232F2
:104AB0000C460120A8E7002301344FF00A0C1946E8
:104AC0000593204610F8012B303A092A03D9002B10
:104AD000C6D00591C4E70CFB012104460123F0E791
:104AE00003AB2A4604A9384600930E4BAFF300806F
:104AF000421C0646D6D1AB895B063FF52DAF09981F
:104B00002CE703AB2A4604A938460093054B00F076
:104B10000BF8EDE73FBE010045BE010049BE0100B4
:104B200000000000434E01002DE9FF470F7E914633
:104B300080460C46782F9A460C9D01F1430207D817
:104B4000622F0AD8002F00F0E080582F00F0BB80C1
:104B500004F1420684F842703AE0A7F16303152B92
:104B6000F6D801A151F823F0C14B0100D54B01004B
:104B7000514B0100514B0100514B0100514B0100C1
:104B8000D54B0100514B0100514B0100514B01002D
:104B9000514B0100F14C0100654C0100A74C010094
:104BA000514B0100514B0100134D0100514B0100CD
:104BB000654C0100514B0100514B0100AF4C01000D
:104BC0002B6804F142061A1D1B682A6084F84230E3
:104BD0000123ABE0236829681F0601F10400286067
:104BE00001D50D6803E05E06FBD5B1F90050002D3C
:104BF00061687ADA2D200029A16084F843002DDA5B
:104C00006D425E480A231646B5FBF3F103FB1157CC
:104C1000C75D06F8017D2F460D46BB42F4D9082B2F
:104C20000BD12368DF0708D5236961689942DEBF8D
:104C3000302306F8013C06F1FF36921B22614B46F9
:104C400003AA21464046CDF800A000F055F90130F6
:104C500071D14FF0FF3004B0BDE8F08723F00403BA
:104C60002360CDE72B682068191D2960050601D552
:104C70001D6802E04106FBD51D886F2F3F4814BF19
:104C80000A230823002184F843106668002EA660DA
:104C9000B9DB216821F004012160002DB3D1002E81
:104CA000B1D11646BBE7236843F020032360782781
:104CB000334884F84570296823680E1D2E601E064F
:104CC00003D50D6804E02D48F3E75D06F9D50D889E
:104CD000D90744BF43F0200323600DB11023D1E76F
:104CE000236823F020032360F8E724480A23CCE755
:104CF0002B682668181D6169286035061B6801D578
:104D0000196002E07006FBD5198000231646236166
:104D100095E72B6800211A1D2A601E6862683046DC
:104D200000F05CF908B1801B6060636823610023B8
:104D300084F8433083E72369324649464046D047EA
:104D4000013086D023689B0714D4E068039B984207
:104D5000B8BF18467FE70123324649464046D04750
:104D600001303FF476AF0135E36803995B1AAB423B
:104D7000F1DCEAE7002504F11906F5E750BE010071
:104D800061BE01000A44431E914200D1704710B534
:104D900011F8014B914203F8014FF9D110BD0244C3
:104DA0000346934200D1704703F8011BF9E701392C
:104DB000034610B532B111F8014F013A03F8014B27
:104DC000002CF7D11A440021934200D110BD03F802
:104DD000011BF9E70246014410B58A42134603D08D
:104DE0001C780132002CF8D1181A10BD30B51446C9
:104DF0009BB005461A46002C05DA8B2303604FF062
:104E0000FF301BB030BD4FF402730091049169462E
:104E1000ADF80C3014BF04F1FF3323460293059321
:104E20004FF6FF73ADF80E301E9BFFF781FD431C5C
:104E3000BCBF8B232B60002CE3D0009B00221A7098
:104E4000DFE72DE9F0471F468E6882460C46BE42DA
:104E500090460B682DD8B1F90C2012F4906F26D033
:104E60006569096905EB4505A3EB01097B1C05EBA9
:104E7000D5754B446D109D4238BF1D46530527D54F
:104E80002946FFF79DFC064660B34A462169FFF7B5
:104E900079FFA38923F4906343F08003A381266103
:104EA0004E446561A5EB090526603E46A560BE42FD
:104EB00000D93E4632464146206800F09DF8A3687E
:104EC00000209B1BA360236833442360BDE8F08768
:104ED0002A4600F0ABF806460028E0D1216950468A
:104EE000FFF724FC0C234FF0FF30CAF80030A389F1
:104EF00043F04003A381E9E72DE9F04716469846C1
:104F00008A6807460B690C46DDF820909342B8BFCB
:104F10001346336091F843200AB1013333602368AC
:104F2000990642BF336802333360256815F00605E1
:104F300006D104F1190AE36832689B1AAB422BDCF4
:104F400094F843302268003B18BF0123920630D406
:104F500004F1430241463846C847013023D0236854
:104F60001A3454F80A2C03F00603042B0ABF54F831
:104F70000E5C002533684FF0000608BFED1A54F8A8
:104F8000123C08BF25EAE5759342C4BF9B1AED1891
:104F9000B5421AD1002008E0012352464146384666
:104FA000C847013003D14FF0FF30BDE8F08701352D
:104FB000C1E7E1185A1C30200233224481F8430033
:104FC00094F8451082F84310C2E701232246414677
:104FD0003846C8470130E6D00136D9E7C9B20346A2
:104FE000024410B59342184601D1002003E0047832
:104FF00001338C42F6D110BD884210B501EB02049A
:1050000002D98442234607D8431EA14208D011F892
:10501000012B03F8012FF8E7024401468A4200D130
:1050200010BD13F8014D02F8014DF7E7F8B507463A
:1050300015460C4621B91146BDE8F840FFF7C0BB44
:1050400022B9FFF773FB00242046F8BD00F013F8E7
:10505000A842F9D229463846FFF7B2FB0646002897
:10506000F1D021462A46FFF78DFE214638463446C8
:10507000FFF75CFBE8E751F8043C181F002BBCBFAE
:085080000B58C0187047000036
:085088002CBCFE7F01000000BA
:10509000716C0000000000002943000000000000C7
:1050A0000000000040510100B54101000000000077
:1050B000000000006451010000000000AC5101003C
:1050C000000000008851010000000000D0510100E4
:1050D000000000001852010000000000F45101001F
:1050E000994A000000000000656C0000000000000C
:1050F00045420000000000001942010000000000CD
:10510000295200000000000000000000A852010029
:105110000000000084520100000000006052010005
:10512000000000003C52010000000000F0520100AD
:10513000000000001453010000000000CC520100E8
:105140000C6D01001C6D0100FC5B0100D407002008
:10515000D8BE0120714600000000000000000000E1
:1051600000000000906E0100B46E0100D05B0100F1
:10517000DA0700204CBF0120994D0000000000001C
:1051800000000000A80000209C6E0100CC6E010011
:10519000D05B0100DC07002058BF0120994D0000C2
:1051A0000000000000000000B8000020A86E010010
:1051B000E46E0100D05B0100DE07002064BF012027
:1051C000994D00000000000000000000C800002011
:1051D0002C6D010000000000B05B0100D60700202C
:1051E00000000000054B000000000000000000006F
:1051F00000000000047001001C700100545C0100FC
:10520000E8070020E8000020795F0000055E00004C
:1052100000000000D8000020107001007470010030
:10522000545C0100EA0700201C010020995F000087
:10523000055E0000000000000C010020146F01005A
:10524000446F0100185C0100E007002070BF0120DE
:10525000215A0000000000000000000000000000D3
:10526000206F0100746F0100185C0100E20700204C
:1052700088BF0120215A000000000000000000004B
:10528000000000002C6F0100A46F0100185C0100F9
:10529000E4070020A0BF0120215A00000000000008
:1052A0000000000000000000386F0100D46F010012
:1052B000185C0100E6070020B8BF0120215A000059
:1052C000000000000000000000000000406D010030
:1052D00000000000B85B0100D807002000000000BB
:1052E000B14B0000000000000000000000000000C2
:1052F000D8700100E4700100F45B0100EC070020AD
:1053000050010020ED6800001D6100000000000059
:105310004001002028A9010030A901000000000080
:10532000EE070020C0D90120FDDB000000000000D6
:0853300000000000280300202A
:10533800000000003D3B0000000000003D3B000075
:10534800000000003D3B0000000000003D3B000065
:10535800000000003D3B0000000000003D3B000055
:10536800000000003D3B0000000000003D3B000045
:10537800000000003D3B0000000000003D3B000035
:10538800000000003D3B0000000000003D3B000025
:10539800000000003D3B0000000000003D3B000015
:1053A800000000003D3B0000000000003D3B000005
:1053B800000000003D3B0000000000003D3B0000F5
:1053C800000000003D3B0000000000003D3B0000E5
:1053D800000000003D3B0000000000003D3B0000D5
:1053E800000000003D3B0000000000003D3B0000C5
:1053F800000000003D3B0000000000003D3B0000B5
:10540800000000003D3B0000000000003D3B0000A4
:10541800000000003D3B0000000000003D3B000094
:10542800000000003D3B0000000000003D3B000084
:10543800000000003D3B0000000000003D3B000074
:10544800000000003D3B0000000000003D3B000064
:10545800000000003D3B0000000000003D3B000054
:10546800000000003D3B0000000000003D3B000044
:10547800000000003D3B0000000000003D3B000034
:10548800000000003D3B0000000000003D3B000024
:10549800000000003D3B0000000000003D3B000014
:1054A800000000003D3B0000000000003D3B000004
:1054B800000000003D3B0000000000003D3B0000F4
:1054C800000000003D3B0000000000003D3B0000E4
:1054D800000000003D3B0000000000003D3B0000D4
:1054E800000000003D3B0000000000003D3B0000C4
:1054F800000000003D3B0000000000003D3B0000B4
:10550800000000003D3B0000000000003D3B0000A3
:10551800000000003D3B0000000000003D3B000093
:10552800000000003D3B0000000000003D3B000083
:10553800000000003D3B0000000000003D3B000073
:10554800000000003D3B0000000000003D3B000063
:10555800000000003D3B0000000000003D3B000053
:10556800000000003D3B0000000000003D3B000043
:10557800000000003D3B0000000000003D3B000033
:10558800050F0100B9E50000000000003D3B0000E8
:10559800000000003D3B0000000000003D3B000013
:1055A800000000003D3B0000000000003D3B000003
:1055B800000000003D3B0000000000003D3B0000F3
:1055C800000000003D3B0000000000003D3B0000E3
:1055D800000000003D3B0000000000003D3B0000D3
:1055E800000000003D3B0000000000003D3B0000C3
:1055F800000000003D3B0000000000003D3B0000B3
:10560800000000003D3B0000000000003D3B0000A2
:10561800000000003D3B0000000000003D3B000092
:10562800000000003D3B0000000000003D3B000082
:10563800000000003D3B0000000000003D3B000072
:10564800000000003D3B0000000000003D3B000062
:10565800000000003D3B0000000000003D3B000052
:10566800000000003D3B0000000000003D3B000042
:10567800000000003D3B0000000000003D3B000032
:10568800000000003D3B0000000000003D3B000022
:10569800000000003D3B0000000000003D3B000012
:1056A800000000003D3B0000000000003D3B000002
:1056B800000000003D3B0000000000003D3B0000F2
:1056C800000000003D3B0000000000003D3B0000E2
:1056D800000000003D3B0000000000003D3B0000D2
:1056E800000000003D3B0000000000003D3B0000C2
:1056F800000000003D3B0000000000003D3B0000B2
:10570800000000003D3B0000000000003D3B0000A1
:10571800000000003D3B0000000000003D3B000091
:10572800000000003D3B0000000000003D3B000081
:10573800000000003D3B0000000000003D3B000071
:10574800000000003D3B0000000000003D3B000061
:10575800000000003D3B0000000000003D3B000051
:10576800000000003D3B0000000000003D3B000041
:10577800000000003D3B0000000000003D3B000031
:10578800000000003D3B0000000000003D3B000021
:10579800000000003D3B0000000000003D3B000011
:1057A800000000003D3B0000000000003D3B000001
:1057B800000000003D3B0000000000003D3B0000F1
:1057C800000000003D3B0000000000003D3B0000E1
:1057D800000000003D3B0000000000003D3B0000D1
:1057E800000000003D3B0000000000003D3B0000C1
:1057F800000000003D3B0000000000003D3B0000B1
:10580800000000003D3B0000000000003D3B0000A0
:10581800000000003D3B0000000000003D3B000090
:10582800000000003D3B0000000000003D3B000080
:10583800000000003D3B0000000000003D3B000070
:10584800000000003D3B0000000000003D3B000060
:10585800000000003D3B0000000000003D3B000050
:10586800000000003D3B0000000000003D3B000040
:10587800000000003D3B0000000000003D3B000030
:10588800000000003D3B0000000000003D3B000020
:10589800000000003D3B0000000000003D3B000010
:1058A800000000003D3B0000000000003D3B000000
:1058B800000000003D3B0000000000003D3B0000F0
:1058C800000000003D3B0000000000003D3B0000E0
:1058D800000000003D3B0000000000003D3B0000D0
:1058E800000000003D3B0000000000003D3B0000C0
:1058F800000000003D3B0000000000003D3B0000B0
:10590800000000003D3B0000000000003D3B00009F
:10591800000000003D3B0000000000003D3B00008F
:10592800000000003D3B0000000000003D3B00007F
:10593800000000003D3B0000000000003D3B00006F
:10594800000000003D3B0000000000003D3B00005F
:10595800000000003D3B0000000000003D3B00004F
:1059680018520100E15B0000F4510100E15B000006
:10597800000000003D3B0000000000003D3B00002F
:10598800000000003D3B0000000000003D3B00001F
:10599800000000003D3B0000000000003D3B00000F
:1059A800000000003D3B0000000000003D3B0000FF
:1059B800000000003D3B0000000000003D3B0000EF
:1059C800000000003D3B0000000000003D3B0000DF
:1059D800000000003D3B0000000000003D3B0000CF
:1059E800000000003D3B0000000000003D3B0000BF
:1059F800000000003D3B0000000000003D3B0000AF
:105A0800000000003D3B000079FC0000B9E5000003
:105A1800000000003D3B0000000000003D3B00008E
:105A2800000000003D3B0000000000003D3B00007E
:105A3800000000003D3B0000000000003D3B00006E
:105A4800000000003D3B0000000000003D3B00005E
:105A5800E1010100B9E50000000000003D3B000045
:105A6800000000003D3B0000000000003D3B00003E
:105A7800000000003D3B0000000000003D3B00002E
:105A8800000000003D3B0000000000003D3B00001E
:105A9800000000003D3B0000000000003D3B00000E
:105AA800000000003D3B0000000000003D3B0000FE
:105AB800000000003D3B0000000000003D3B0000EE
:105AC800000000003D3B0000000000003D3B0000DE
:105AD800000000003D3B0000000000003D3B0000CE
:105AE800000000003D3B0000000000003D3B0000BE
:105AF800000000003D3B0000000000003D3B0000AE
:105B0800000000003D3B0000000000003D3B00009D
:105B1800000000003D3B0000000000003D3B00008D
:105B2800000000003D3B0000000000003D3B00007D
:105B3800000000003D3B0000000000003D3B00006D
:105B4800000000003D3B0000000000003D3B00005D
:105B5800000000003D3B0000D5030100B9E500004E
:105B6800000000003D3B0000000000003D3B00003D
:105B7800000000003D3B0000000000003D3B00002D
:105B8800000000003D3B0000000000003D3B00001D
:105B9800000000003D3B000089FC0000B9E5000062
:085BA800000000003D3B00007D
:085BB0001D4B0000C14A00007A
:105BB800854B0000714C0000694C00006D4B0000E3
:085BC8005D4B0000754B00006D
:105BD000094E0000854C0000954C0000B14C0000BF
:105BE000BD4C0000C94C000095500000E94C00007D
:045BF00000000000B1
:085BF400E164000045640000BB
:105BFC000D450000FD47000051480000000000006A
:0C5C0C009D4500000000000000000000AA
:105C1800BD5900007D5B000095590000A5590000A2
:105C2800000000000000000000000000000000006C
:105C3800000000000000000000000000000000005C
:0C5C480000000000000000000000000050
:105C5400415C0000115E0000315C0000695D0000E1
:105C64006D5C00009D5C0000DD5C0000F15C0000E8
:105C7400215D0000315D0000F15C0000115D000059
:105C8400415D00004D5D0000B95F0000595D0000FA
:0C5C94005D5D000000000000000000004A
:105CA00000A0105000820D500004055000000000BC
:105CB0000338FDD87047000000000000000000001D
:105CC0000338FDD87047000053280000574553544F
:105CD0005F544F504449522F7A65706879722F692A
:105CE0006E636C7564652F7A65706879722F647263
:105CF00069766572732F6770696F2E680000000007
:105D000028666C616773202620282831203C3C20BF
:105D10003429207C202831203C3C20352929292089
:105D2000213D20282831203C3C203429207C20287B
:105D300031203C3C203529290000000041535345C7
:105D40005254494F4E204641494C205B25735D20FB
:105D5000402025733A25640A000000000950756C44
:105D60006C20557020616E642050756C6C20446FFF
:105D7000776E2073686F756C64206E6F7420626537
:105D800020656E61626C65642073696D756C746109
:105D90006E656F75736C790A0000000028666C618F
:105DA00067732026202831203C3C203129292021DE
:105DB0003D2030207C7C2028666C61677320262083
:105DC0002831203C3C20322929203D3D2030000054
:105DD00028666C616773202620282831554C203CAA
:105DE0003C202831382929207C202831554C203C62
:105DF0003C202831392929292920213D20282831F2
:105E0000554C203C3C202831382929207C20283141
:105E1000554C203C3C20283139292929000000001C
:105E2000094F75747075742063616E6E6F742062B3
:105E30006520696E697469616C697A6564206C6F4C
:105E40007720616E6420686967680A002863666766
:105E50002D3E706F72745F70696E5F6D61736B2041
:105E60002620286770696F5F706F72745F70696E4B
:105E7000735F74292831554C203C3C202870696E92
:105E800029292920213D20305500000009556E7335
:105E90007570706F727465642070696E0A0000001E
:105EA000726164696F20696E6974206661696C65EE
:105EB00064000000626164206C656E0062616420B1
:105EC0007478206C656E0000000000000000000087
:105ED00090563412574553545F544F504449522FF3
:105EE0007A65706879722F6C69622F686561702FAE
:105EF000686561702E6300006368756E6B5F757313
:105F0000656428682C2063290000000009756E650F
:105F1000787065637465642068656170207374616E
:105F200074652028646F75626C652D667265653FC7
:105F30002920666F72206D656D6F72792061742003
:105F400025700A006C6566745F6368756E6B2868FF
:105F50002C2072696768745F6368756E6B28682CA3
:105F600020632929203D3D206300000009636F72F2
:105F7000727570746564206865617020626F756EFB
:105F800064732028627566666572206F7665726636
:105F90006C6F773F2920666F72206D656D6F727927
:105FA0002061742025700A006279746573202F20A7
:105FB0003855203C3D203078376666665500000035
:105FC00009686561702073697A6520697320746F50
:105FD0006F206269670A00006279746573203E2051
:105FE000686561705F666F6F7465725F6279746512
:105FF000732862797465732900000000096865617F
:10600000702073697A6520697320746F6F20736DD7
:10601000616C6C0A00000000686561705F737A2033
:106020003E206368756E6B737A2873697A656F6654
:1060300028737472756374207A5F686561702929AA
:10604000000000006368756E6B305F73697A6520CD
:106050002B206D696E5F6368756E6B5F73697A651F
:10606000286829203C3D20686561705F737A0000D4
:10607000574553545F544F504449522F7A657068C6
:1060800079722F696E636C7564652F7A65706879B3
:10609000722F6B65726E656C2E680000216B5F69F4
:1060A000735F7072655F6B65726E656C28290000A6
:1060B000096B5F63757272656E745F6765742063E8
:1060C000616C6C6564207072652D6B65726E656CB9
:1060D0000A000000286E696C290000004661696CA6
:1060E000656420746F207265626F6F743A207370FC
:1060F000696E6E696E6720656E646C6573736C792A
:106100002E2E2E0A00000000574553545F544F5066
:106110004449522F7A65706879722F6C69622F75C5
:1061200074696C732F6F6E6F66662E6300000000DB
:106130007374617465203D3D203055007472616E4A
:1061400073697420213D202828766F6964202A29EC
:10615000302900007374617465203D3D202831555D
:106160004C203C3C202831292900000073746174C4
:1061700065203D3D202831554C203C3C20283029CD
:1061800029000000574553545F544F504449522F43
:106190007A65706879722F696E636C7564652F7AA1
:1061A00065706879722F7370696E6C6F636B2E689F
:1061B000000000007A5F7370696E5F756E6C6F63CC
:1061C0006B5F76616C6964286C290000094E6F74FE
:1061D000206D79207370696E6C6F636B2025700A77
:1061E000000000007A5F7370696E5F6C6F636B5FB5
:1061F00076616C6964286C290000000009496E769C
:10620000616C6964207370696E6C6F636B202570BC
:106210000A000000574553545F544F504449522FD1
:106220007A65706879722F6C69622F7574696C7306
:106230002F6E6F746966792E6300000072302F61D3
:10624000313A2020307825303878202072312F6183
:10625000323A2020307825303878202072322F6171
:10626000333A20203078253038780A0072332F6195
:10627000343A2020307825303878207231322F6936
:10628000703A2020307825303878207231342F6CE5
:10629000723A20203078253038780A0020787073E0
:1062A000723A20203078253038780A004661756CC3
:1062B00074696E6720696E737472756374696F6E4A
:1062C000206164647265737320287231352F7063A6
:1062D000293A203078253038780A0000556E6861F8
:1062E0006E646C6564204952516E3A2025640A0040
:1062F0002A2A2A2A2A205553414745204641554CEF
:1063000054202A2A2A2A2A0A000000002020446950
:10631000766973696F6E206279207A65726F0A0000
:106320002020556E616C69676E6564206D656D6FC8
:106330007279206163636573730A000020205374CF
:1063400061636B206F766572666C6F772028636F70
:106350006E746578742061726561206E6F7420764A
:10636000616C6964290A000020204E6F20636F7001
:10637000726F636573736F7220696E737472756385
:1063800074696F6E730A00002020496C6C65676148
:106390006C206C6F6164206F66204558435F5245E6
:1063A0005455524E20696E746F2050430A0000000D
:1063B0002020496C6C6567616C20757365206F6681
:1063C0002074686520455053520A00002020417413
:1063D00074656D707420746F20657865637574657D
:1063E00020756E646566696E656420696E7374728B
:1063F000756374696F6E0A002A2A2A2A2A20425578
:1064000053204641554C54202A2A2A2A2A0A0000A1
:106410002020537461636B696E67206572726F72BE
:106420000A0000002020556E737461636B696E670B
:10643000206572726F720A00202050726563697362
:1064400065206461746120627573206572726F7279
:106450000A000000202042464152204164647265D7
:1064600073733A20307825780A0000002020496DA7
:10647000707265636973652064617461206275730D
:10648000206572726F720A002020496E73747275F3
:106490006374696F6E20627573206572726F720A21
:1064A000000000002020466C6F6174696E672D70DB
:1064B0006F696E74206C617A7920737461746520E1
:1064C000707265736572766174696F6E2065727241
:1064D0006F720A002A2A2A2A2A204D505520464146
:1064E000554C54202A2A2A2A2A0A000020205374B4
:1064F00061636B696E67206572726F722028636FCB
:106500006E746578742061726561206D6967687466
:10651000206265206E6F742076616C6964290A00C0
:106520002020446174612041636365737320566960
:106530006F6C6174696F6E0A0000000020204D4D81
:1065400046415220416464726573733A2030782565
:10655000780A00002020496E737472756374696F45
:106560006E204163636573732056696F6C61746953
:106570006F6E0A00574553545F544F504449522F91
:106580007A65706879722F617263682F61726D2FFE
:10659000636F72652F636F727465785F6D2F6661CC
:1065A000756C742E63000000212828285343425F35
:1065B00054797065202A29202828307845303030D9
:1065C00045303030554C29202B2030783044303045
:1065D000554C2920292D3E43465352202620283150
:1065E000554C203C3C20283055202B20345529295F
:1065F0002900000009537461636B696E67206F7234
:106600002044617461204163636573732056696F30
:106610006C6174696F6E206572726F722077697435
:10662000686F757420737461636B20677561726441
:106630002C20757365722D6D6F6465206F72206EEE
:10664000756C6C2D706F696E74657220646574650D
:106650006374696F6E0A0A005265736572766564C9
:1066600020457863657074696F6E20280000000013
:1066700053707572696F757320696E746572727587
:106680007074202849525120000000005350534597
:106690004C20696E20746872656164206D6F64655A
:1066A00020646F6573206E6F7420696E6469636126
:1066B0007465205053500A0065736620213D2028E0
:1066C00028766F6964202A2930290000094553463D
:1066D00020636F756C64206E6F7420626520726534
:1066E0007472696576656420737563636573736638
:1066F000756C6C792E205368616C6C206E657665C4
:1067000072206F636375722E0A0000002A2A2A2AFB
:106710002A2048415244204641554C54202A2A2AD6
:106720002A2A0A002020427573206661756C742045
:106730006F6E20766563746F72207461626C652081
:10674000726561640A00000020204465627567205C
:106750006576656E740A000020204661756C7420B1
:10676000657363616C6174696F6E20287365652061
:1067700062656C6F77290A00415243485F45584370
:10678000455054207769746820726561736F6E207C
:1067900025780A0A00000000094661756C742065BE
:1067A0007363616C6174696F6E20776974686F756B
:1067B000742046535220696E666F0A000948617260
:1067C000644661756C7420776974686F75742048CD
:1067D00046535220696E666F205368616C6C206E60
:1067E00065766572206F636375720A002A2A2A2A09
:1067F0002A204465627567206D6F6E69746F722020
:10680000657863657074696F6E202A2A2A2A2A0ABD
:10681000000000002A2A2A2A2A202573202564291C
:10682000202A2A2A2A2A0A00574553545F544F50D7
:106830004449522F7A65706879722F617263682FAC
:1068400061726D2F636F72652F636F727465785F0D
:106850006D2F6972715F6D616E6167652E630000F7
:106860007072696F203C3D20282831554C203C3CFB
:106870002028332929202D203129000009696E762E
:10688000616C6964207072696F7269747920256423
:1068900020666F7220256420697271212076616CF8
:1068A000756573206D757374206265206C657373F4
:1068B000207468616E20256C750A0A0000000020B3
:1068C0000000000006000100574553545F544F502C
:1068D0004449522F7A65706879722F617263682F0C
:1068E00061726D2F636F72652F6D70752F61726DA0
:1068F0005F6D70752E63000009436F6E6669677582
:1069000072696E6720257520737461746963204D08
:10691000505520726567696F6E73206661696C659A
:10692000640A0A00094D61726B696E672025752043
:10693000617265617320666F722064796E616D6942
:106940006320726567696F6E73206661696C656448
:106950000A0A0000095265717565737420746F200E
:10696000636F6E6669677572653A2025752072657A
:1069700067696F6E732028737570706F72746564C9
:106980003A202575290A0A002128726567696F6E09
:106990005B6964785D2E64745F6174747220262074
:1069A0002831554C203C3C20283029292900000062
:1069B0000952414D5F4E4F4341434845207769742A
:1069C000682044545F4D454D5F4341434845414233
:1069D0004C45206174747269627574650A0A00001E
:1069E000094661696C656420746F20616C6C6F632B
:1069F000617465204D505520726567696F6E732014
:106A000066726F6D2044540A0A0000000200000004
:106A1000246A0100464C4153485F30005352414DB7
:106A20005F30000000000000146A01000200000056
:106A3000E04F1600000000201C6A01002100000049
:106A4000E0EF0220574553545F544F504449522FB2
:106A50007A65706879722F6C69622F6C6962632F36
:106A60006E65776C69622F6C6962632D686F6F6BFE
:106A7000732E63002828282873697A655F74292893
:106A80003138382929203C3C20313029202D20283C
:106A9000282875696E747074725F742928265F6582
:106AA0006E642929202D203078323030303030305B
:106AB000302929203E3D203230343800096D656D83
:106AC0006F727920737061636520617661696C61B2
:106AD000626C6520666F72206E65776C69622068F3
:106AE000656170206973206C657373207468616ED2
:106AF00020746865206D696E696D756D20726571B1
:106B000075697265642073697A652073706563695D
:106B10006669656420627920434F4E4649475F4E5F
:106B200045574C49425F4C4942435F4D494E5F5285
:106B3000455155495245445F484541505F53495A74
:106B4000450A00006C6F636B20213D202828766F7A
:106B50006964202A293029002A6C6F636B20213D4B
:106B6000202828766F6964202A2930290000000037
:106B7000096E6F6E2D726563757273697665206C30
:106B80006F636B20616C6C6F636174696F6E2066FC
:106B900061696C65640A0000574553545F544F5057
:106BA0004449522F7A65706879722F7375627379D0
:106BB000732F72616E646F6D2F72616E646F6D5FA3
:106BC000656E74726F70795F6465766963652E6354
:106BD000000000006465766963655F69735F7265D4
:106BE00061647928656E74726F70795F6465762967
:106BF0000000000009456E74726F7079206465763C
:106C0000696365202573206E6F74207265616479F5
:106C10000A000000574553545F544F504449522FC7
:106C20007A65706879722F696E636C7564652F7A06
:106C300065706879722F647269766572732F656EFC
:106C400074726F70792E68006170692D3E6765748B
:106C50005F656E74726F707920213D202828766FF1
:106C60006964202A293029000943616C6C626163E0
:106C70006B20706F696E7465722073686F756C64D9
:106C8000206E6F74206265204E554C4C0A00000047
:106C9000574553545F544F504449522F7A6570689A
:106CA00079722F647269766572732F636C6F636B90
:106CB0005F636F6E74726F6C2F636C6F636B5F6377
:106CC0006F6E74726F6C5F6E72662E6300000000F0
:106CD00074797065203C20434C4F434B5F434F4ECB
:106CE00054524F4C5F4E52465F545950455F434F8C
:106CF000554E5400657272203E3D20300000000069
:106D0000B14800000146000000000000636C6F63A2
:106D10006B403130653030300000000085470000A6
:106D2000C1440000B9440000FD440000726E6700D9
:106D30001000000001FF00006501000000100000CD
:106D40007272616D2D636F6E74726F6C6C657240E0
:106D50003530303462303030000000005745535435
:106D60005F544F504449522F7A65706879722F6989
:106D70006E636C7564652F7A65706879722F6472C2
:106D800069766572732F6770696F2F6770696F5FBF
:106D90007574696C732E680063616C6C6261636BFF
:106DA00000000000094E6F2063616C6C6261636BD0
:106DB000210A000063616C6C6261636B2D3E686147
:106DC0006E646C6572000000094E6F2063616C6C2C
:106DD0006261636B2068616E646C6572210A0000F9
:106DE000574553545F544F504449522F6D6F64754B
:106DF0006C65732F68616C2F6E6F726469632F6EA0
:106E00007266782F68616C2F6E72665F6770696F4B
:106E10002E6800006E72665F6770696F5F70696EE2
:106E20005F70726573656E745F636865636B282A53
:106E3000705F70696E290000574553545F544F507E
:106E40004449522F7A65706879722F647269766549
:106E500072732F6770696F2F6770696F5F6E7266EC
:106E6000782E6300657272203D3D204E5246585F79
:106E7000535543434553530063622D3E68616E642E
:106E80006C6572007F000000FFFF0100FF0700003B
:106E90006770696F40313061303030006770696F02
:106EA00040643832303000006770696F40353034EC
:106EB000303000001F00000000A010500000000053
:106EC0000000000000C0105001000000FFFF0000A3
:106ED00000820D50000000000100000000A00D50D5
:106EE00000000000FF070000000405500000000043
:106EF0000200000000000000000000007F00000011
:106F0000FFFF0100FF070000000104050206080959
:106F10000F000000766261742D707772000000002F
:106F2000726673772D707772000000007266737757
:106F30002D63746C0000000070646D2D696D752DFB
:106F40007077720000000080FFFFFF7F000000806C
:106F500000000080FFFFFF7F0000008000000000B5
:106F600000000000746F010000FF0A00885101005A
:106F70000F00000000000080FFFFFF7F0000008086
:106F800000000080FFFFFF7F000000800000000085
:106F900000000000A46F010000FF0A00AC510100D6
:106FA0000300000000000080FFFFFF7F0000008062
:106FB00000000080FFFFFF7F000000800000000055
:106FC00000000000D46F010000FF0A00AC51010076
:106FD0000500010000000080FFFFFF7F000000802F
:106FE00000000080FFFFFF7F00000080881300008A
:106FF000000000000470010000FF0A00645101005D
:107000000100000075617274406337303030000059
:1070100075617274406336303030000000700C507F
:1070200000000000000000004870010000C20100E4
:107030000000D60100000000000000400000000039
:1070400082DA012081DA012000700C5054700100B6
:10705000020000006C70010002000000647001007A
:107060000201000048800000478000014800000045
:107070004706000100600C50000000000000000006
:10708000A070010000100E000000000F00000000C2
:10709000000000400000000084DA012083DA0120B3
:1070A00000600C50AC70010002000000C4700100D0
:1070B00002000000BC7001000201000029800000F5
:1070C0002880000129000000280600017F00000040
:1070D000FFFF0100FF07000073706940346130302A
:1070E0003000000000A00450000000000048E8014B
:1070F000000000000000000000000000FFFFFFFF94
:10710000000000000000000000000000FFFFFFFF83
:10711000010000010100000041610000FFFF0000CC
:1071200034710100FFFFFFFF0000000000000000BD
:107130000000000000A004504071010002000000A7
:107140005C710100030000005071010003010000A8
:107150004180000442800005448000064100000494
:1071600042000005440000068851010007000100AC
:107170007F000000FFFF0100FF0700005745535448
:107180005F544F504449522F7A65706879722F646A
:107190007269766572732F74696D65722F6E72668F
:1071A0005F677274635F74696D65722E63000000BF
:1071B0002828282831554C203C3C202830292920DB
:1071C0007C202831554C203C3C2028312929207C2A
:1071D000202831554C203C3C2028322929207C2075
:1071E0002831554C203C3C2028332929207C20285C
:1071F00031554C203C3C2028342929207C20283142
:10720000554C203C3C2028352929207C202831550C
:107210004C203C3C2028362929207C202831554C04
:10722000203C3C2028372929207C202831554C201F
:107230003C3C2028382929207C202831554C203CF2
:107240003C2028392929207C202831554C203C3CE1
:10725000202831302929207C202831554C203C3CE5
:10726000202831312929292026207E282831554CF3
:10727000203C3C2028332929207C202831554C20D3
:107280003C3C2028342929207C202831554C203CA6
:107290003C2028372929207C202831554C203C3C93
:1072A0002028382929207C202831554C203C3C209E
:1072B00028392929207C202831554C203C3C202885
:1072C00031302929207C202831554C203C3C202875
:1072D0003131292929292026202831554C203C3CB0
:1072E00020286368616E2929292026262028286302
:1072F00068616E2920213D2073797374656D5F6329
:107300006C6F636B5F6368616E6E656C5F64617404
:10731000612E6368616E6E656C290000280A0000AA
:107320002008000014050000100400008A0200007C
:1073300008020000450100000401000006000000F2
:10734000090000000C00000008000000000809000F
:107350000100000002000000030000000400000023
:10736000000000000000000000000000000000001D
:107370000100000002000000030000000400000003
:10738000E7000000AC0D0000A7000000681000003E
:10739000DF000000CC100000670000009411000026
:1073A00027000000C01200009F00000050140000E1
:1073B0005F000000E0150000D7000000A8160000E4
:1073C0001F00000070170000E6000000F41A000023
:1073D00057000000E81C000017000000401F0000DC
:1073E000A60000006C200000DE000000FC21000070
:1073F00066000000C4220000260000008025000076
:107400009E000000102700005E000000F82A000027
:107410001E000000E02E0000E5000000C832000061
:1074200056000000B0360000A5000000803E0000BD
:10743000650000006842000025000000384A000096
:107440009D000000204E00005D000000F05500008F
:10745000D5000000D85900001D000000C05D0000EC
:10746000E400000078690000550000004871000049
:1074700015000000007D0000A4000000E88000006E
:10748000DC000000D084000064000000B888000028
:1074900024000000709400009C00000028A0000060
:1074A0005C000000E0AB0000D4000000B0B30000BE
:1074B0001C00000080BB0000E3000000D8D60000E4
:1074C0005400000078E600001400000000FA0000FC
:1074D000A3000000D0010100DB000000880D0100C6
:1074E000630000005815010023000000E02801009F
:1074F0009B000000384401005B000000A85B010015
:10750000D3000000606701001B000000007701004D
:10751000E200000098B1010053000000D8D0010043
:107520001300000000F40100A20000008807020020
:10753000DA000000101B020062000000B02A020006
:1075400022000000A85502009A0000007088020086
:107550005A00000050B70200D2000000A8D202007A
:107560001A00000000EE0200E1000000306303009A
:1075700052000000B0A103001200000000E8030068
:10758000A1000000100F0400D9000000083A040018
:1075900061000000485904002100000038AF0400D9
:1075A00099000000C8140500590000008872050009
:1075B000D100000050A505001900000000DC050006
:1075C000E000000060C606005100000060430700B4
:1075D0001100000000D00700A000000008220800F1
:1075E000D8000000F87708006000000078B60800B6
:1075F00020000000586209009800000090290A004D
:107600005800000010E50A00D0000000A04A0B005E
:1076100018000000E8BB0B0090000000C08C0D00BB
:10762000C8000000D8F310008800000008571400BC
:10763000C0000000B0E721008000000010AE28006C
:107640004000000028982B0000000000A0EF2E0052
:10765000127A000024F4000048E8010090D00300F2
:1076600020A1070040420F000000000000000000C1
:10767000C3A200008C450100BB8C0100F818030078
:10768000F0310600E0630C0005060708090A0B004C
:1076900002B00D60041303004C101000181010000D
:1076A0000000000000000000F1C0C340008008009E
:1076B0002A2100008421F80F86B92B210000C34045
:1076C0008000680981D9001841000DB9C3408000CD
:1076D000F8774079D1C0E07F0C72E078E4C2CB4506
:1076E0008000F877001D0110BF58C3411000C0187A
:1076F000CB46800068091AE82B21800F0000900219
:1077000000861470ACF2C341008008002A204000BB
:107710008420F80F86B82B20400081D90DB9A140F4
:107720006079001E41109CF00E0B2F858A20070304
:107730008A204601C34110004C13E20B6F85001EE6
:107740000110C34110000C12D20B6F853DD8C3410C
:107750001000D811C60B6F8535D8C34110009413A3
:10776000BA0B6F858A208607C3411000B413AE0B95
:107770006F858A204608C341100058149E0B6F8500
:1077800048D8C34110003C14920B6F8547D8C341C1
:1077900010002414860B6F8545D8C3411000841552
:1077A0007A0B6F85E0D8C341100058156E0B6F85BA
:1077B000DCD8C34110000816620B6F858A200403D1
:1077C000C3411000D015560B6F858A20C402C341F7
:1077D00010006816460B6F858A20C404C341100050
:1077E00040163A0B6F858A208404C341100074133D
:1077F0002A0B6F858A208601C341100070141E0B6E
:107800006F8582D8C34110009016120B6F858A20B5
:107810000405C34110004C18020B6F858A208700B5
:10782000C3411000F017F60A6F858A20C60CC341C9
:1078300010000418E60A6F858A20C60DC3411000A7
:10784000AC15DA0A6F85F6D8C340100000104080EE
:107850002180C3408000F80F40A021A00A09000049
:10786000F60C00000C72C4C6E6C2CB47F40000025E
:10787000F0D98DB96079C08708450087AD2601121F
:107880000D0E7110AD2001020D0895000D0E941023
:1078900009085100D2080000A140C6C6E6C2FC1C7F
:1078A000C8B6A1C1CB4480006809808468474846B7
:1078B000284518430FECC3408000F87780800BEC1C
:1078C0006340A141C142607CE1438C20C38F40C032
:1078D00043F48C23C2B727F28C23C1B229F28C2344
:1078E00082B62DF2630B3130634000168070800049
:1078F0000B6014750C7040C02FF20C715B0D3411CD
:1079000040C0C1403958CB45800050602C714C7349
:1079100020A58159001D01109FE84E0800000C723F
:107920001AF0A140C141460C2000E14214F0A140F0
:10793000C141EE092000E1420EF0A140C1414A0AD6
:107940002000E14208F0CB440000E024A141C14204
:10795000607CE14340C000C00F78877404141B347E
:10796000C6C6E078E2C2C342F2002400C3408000F1
:107970007307008811087100A0820525801FF000A0
:10798000000027F0C341F4000002008184201C00A5
:107990008C20048005F4C3434400CCCC04F0C343E2
:1079A0002C00CCCCCB4480004C0060A4441100805F
:1079B000D370002D00000425801F0FFFFFFF88F704
:1079C00094B87D7996B897B820A403F097B800A230
:1079D00000160070F40044015258C2C6E2C20016FC
:1079E0008D7080007307C3420000C0FD407A00160E
:1079F00081708000730730756C0FE2FF0845A1406D
:107A0000C2C6E07817083E000844C34080006809F9
:107A1000008802B885784F204C008F78CB44000056
:107A2000B0FE007CC34180007307208987E9C34210
:107A3000F20024002082ADB920A2C34101001C1035
:107A40000079E078F1C0C3400100B0134078C34032
:107A5000F200240020808DB9D1C0E07F20A000007A
:107A6000001681708000A1020A693708B5003471E0
:107A7000C341F300140C0081502182026C2080016C
:107A80008520010F00A105818420F00785200F00CB
:107A900005A100826C20C00180B8E07F00A2E07DDB
:107AA000C340F30014082080D2B993B994B995B9B2
:107AB000E07F20A0F1C0C34000009C264078A60FC4
:107AC000EFFF0043D1C0E07F6040E078E2C3A1C196
:107AD00004C4CB4500005027607D40C4860FEFFFF3
:107AE00000436040C2C7E078F1C0C3420000B8273D
:107AF000407A720FEFFF0043D1C0E07F6040E07832
:107B0000F1C0C3430000284F407BC342F300240D63
:107B10002082DDB9D1C0E07F20A2E078E4C2720803
:107B2000EF8148452185418840A94088218541A9A8
:107B3000418521903D7922AA24886185C342800035
:107B4000FC773D7923AB24886288058844214C006A
:107B5000326B04B844210301C1854420010C052384
:107B60000003257804AE40820185412A010425A83E
:107B7000412A0102018526A8018547A80C73001D32
:107B80000112C4C6E4C2DE0C2F80484508460185B8
:107B9000298E20A8288E018521A8218505961D788B
:107BA00002A9069621851D78060D6F8803A92185F7
:107BB00004A9069625964420420012692185442096
:107BC0000001457805A9128E218506A96185C3406B
:107BD00080000878001DC1110088458B3368457905
:107BE0000C7325ABC4C6E078E2C2D20F8F83084580
:107BF000C3400000B88D4078C340F300740B208070
:107C0000842101040F0911040180BA086F830F78E1
:107C100008ADC2C6E2C2C3430000B88E607B08450F
:107C2000CB44F300500B60847825021018BA04236B
:107C3000810FFFF8FFFF457920A4C2C6E4C2CB45FF
:107C4000F4004401C3400000EC9F6078C0850085CB
:107C5000C2781178D370A00001000C0DC6FFC4C615
:107C6000E2C2C341000068A940792B0831010845F0
:107C7000EE0A0F821F081101C342F4004401208262
:107C8000C340800000780018410021A06C218001D1
:107C900000A2A140C2C6E078E2C2C3410000D4AA5B
:107CA00040792B0871010845B60A0F821F0811019F
:107CB000C342F40044012082C340800000780018D1
:107CC000410021A06C21800100A2A140C2C6E07841
:107CD000F1C0C34000005CB14078C342800000782E
:107CE000208209E92182001A0100001E4070F40080
:107CF0004401D1C0E07EE078F1C0C3400000B0B2E2
:107D00004078C34280000078208209E92182001A6D
:107D10000100001E4070F4004401D1C0E07EE07814
:107D2000E2C2C3410000DCB34079360A0F82270863
:107D3000510100160070F3003C0DCB458000FC772C
:107D400054B80A0B2F8000A5308000850C794CB9FF
:107D500020A5C2C6C34180000078C340303900006E
:107D600000190100E07F01A1E6C2FC1CC8B6A3C156
:107D700028455B08B4016F71058D838DC08D648DBE
:107D8000218D428D6D208F00C0B841C0402C001263
:107D9000057BC14042C7BE0DAF82001C8130052665
:107DA0003E9015F4058DC342F3003008208212780E
:107DB00018B8B9B9FC1202800420800F000200003C
:107DC0003860820B2F8600416F726340A3C0041499
:107DD0001B34C6C6E6C2760A0F8048108000A3088E
:107DE00071004A240072C341B100AA6FC342F3007C
:107DF000180CC3404E00AA6F041A5000C343C35965
:107E000057AE041A100050228102041AD0000082DA
:107E1000CB447DFFF7D5C3437DFF5D7F0420800FFA
:107E2000FF07FCFF0520800F00F8010000A280A1E1
:107E300061A10281C343469F12006C20800185B876
:107E400002A161A2F0120080AD70C3431000B0180F
:107E50006C20800193BD4520000340230C02A1410A
:107E6000412DCF10F01A0080A820C0020114C014C8
:107E70000113CE04257808BEF961C57806A2C6C6EE
:107E8000F1C0C3400100C01A40784E0FCFFFD1C0EF
:107E9000E07EE078E6C3A5C108460AC00CC42843CA
:107EA0000EC10BC50DC740C08C24C39F8140CA20A2
:107EB00021038BE644C141C5CA240110CB45010012
:107EC0007C1EC140614143C7607D42C408458AE6CB
:107ED000060FEFFFCA256110A140C6C7F1C0C3411C
:107EE0008000C9600089001E027080008405FF11B7
:107EF0008180C3408000087820A0760BEF840C734B
:107F00000A0C4F88D1C0E07E494E4902C0181000CB
:107F1000D0F8FFFF6809800070F9FFFFF877800054
:107F2000140000000000000000000000000000003D
:107F30000000000000000000000000000000000041
:107F4000091CE4F71F20201FE10F0FE1F9FFFFF9E3
:107F5000012D0000027A00006C7232307878000047
:107F600002000504000507003C3C3C404042464AF4
:107F70003838383A3A3C404433333336383C3C4066
:107F8000726164696F5F6163636573735F696420C5
:107F90006973206F7574206F662072616E6765006B
:107FA0005B5241435D205B4552524F525D200000C1
:107FB00052414C207265736574206661696C65641A
:107FC0002100000066616C736500000052414C2086
:107FD000696E697469616C697A6174696F6E206633
:107FE00061696C65642100004661696C6564207498
:107FF0006F2073657420726164696F20746F2073E1
:108000006C656570206D6F64652100004661696C68
:1080100020746F2073757370656E6420726164697B
:108020006F20616363657373207769746820666F7E
:108030006C6C6F77696E67206572726F7220636F08
:1080400064653A2025780A00736D74635F7261631A
:108050005F7375626D69745F726164696F5F74727A
:10806000616E73616374696F6E000000736D746399
:108070005F7261635F6C6F636B5F726164696F5F96
:108080006163636573730000736D74635F72616332
:108090005F61626F72745F726164696F5F73756252
:1080A0006D697400736D74635F7261635F6765749B
:1080B0005F636F6E7465787400000000736D7463A5
:1080C0005F7261635F696E69740000006361645F81
:1080D000737461747573203D3D2052414C5F53545D
:1080E000415455535F4F4B0072616C5F7365745F11
:1080F00064696F5F6972715F706172616D7328206E
:1081000026282072702D3E726164696F2D3E726167
:108110006C20292C2052414C5F4952515F4341440D
:108120005F444F4E45207C2052414C5F4952515F85
:108130004341445F4F4B2029203D3D2052414C5F3D
:108140005354415455535F4F4B00000072616C5FB4
:108150007365745F6C6F72615F63616428202628A9
:108160002072702D3E726164696F2D3E72616C20C9
:10817000292029203D3D2052414C5F535441545504
:10818000535F4F4B0000000072616C5F7365745F5A
:1081900072665F66726571282026282072702D3EF7
:1081A000726164696F2D3E72616C20292C207261AE
:1081B00064696F5F706172616D732D3E72782E6CB1
:1081C0006F72612E72665F667265715F696E5F685D
:1081D0007A2029203D3D2052414C5F535441545553
:1081E000535F4F4B0000000072616C5F7365745FFA
:1081F000706B745F74797065282026282072702D4A
:108200003E726164696F2D3E72616C20292C205290
:10821000414C5F504B545F545950455F5254544F3A
:10822000462029203D3D2052414C5F535441545536
:10823000535F4F4B0000000072616C5F73746F708E
:108240005F74696D65725F6F6E5F707265616D629C
:108250006C65282026282072702D3E726164696F3B
:108260002D3E72616C20292C2066616C736520297B
:10827000203D3D2052414C5F5354415455535F4F74
:108280004B00000072616C5F7365745F6C6F7261AC
:108290005F73796D625F6E625F74696D656F75742F
:1082A000282026282072702D3E726164696F2D3E51
:1082B00072616C20292C20726164696F5F70617239
:1082C000616D732D3E72782E6C6F72612E73796DB5
:1082D000625F6E625F74696D656F75742029203D01
:1082E0003D2052414C5F5354415455535F4F4B0016
:1082F00072616C5F7365745F6C6F72615F6D6F64E8
:108300005F706172616D73282026282072702D3E87
:10831000726164696F2D3E72616C20292C20267277
:108320006164696F5F706172616D732D3E72782E4A
:108330006C6F72612E6D6F645F706172616D73201E
:1083400029203D3D2052414C5F5354415455535FC9
:108350004F4B000072616C5F7365745F6C6F72618C
:108360005F73796E635F776F7264282026282072AE
:10837000702D3E726164696F2D3E72616C20292CF4
:1083800020726164696F5F706172616D732D3E72FE
:10839000782E6C6F72612E73796E635F776F726483
:1083A0002029203D3D2052414C5F535441545553A8
:1083B0005F4F4B0072616C5F7365745F64696F5FE0
:1083C0006972715F706172616D7328202628207256
:1083D000702D3E726164696F2D3E72616C20292C94
:1083E0002052414C5F4952515F52585F54494D45AC
:1083F0004F5554207C2052414C5F4952515F52549A
:10840000544F465F5245515F44495343415244459E
:1084100044207C2052414C5F4952515F5254544F8A
:10842000465F524553505F444F4E452029203D3D05
:108430002052414C5F5354415455535F4F4B000001
:1084400072616C5F7274746F665F7365745F616490
:108450006472657373282026282072702D3E726125
:1084600064696F2D3E72616C20292C2072616469F1
:108470006F5F706172616D732D3E7274746F662EE2
:10848000726571756573745F616464726573732C72
:10849000205254544F465F414444524553535F4C1D
:1084A000454E4754482029203D3D2052414C5F53C2
:1084B00054415455535F4F4B0000000072616C5F94
:1084C0007274746F665F7365745F706172616D65FD
:1084D00074657273282026282072702D3E726164A4
:1084E000696F2D3E72616C20292C20726164696F66
:1084F0005F706172616D732D3E7274746F662E725F
:108500006573706F6E73655F73796D626F6C735FA7
:10851000636F756E742029203D3D2052414C5F539E
:1085200054415455535F4F4B0000000072616C5F23
:108530007274746F665F7365745F72785F74785F6E
:1085400064656C61795F696E64696361746F7228D8
:108550002026282072702D3E726164696F2D3E7254
:10856000616C20292C20726164696F5F7061726197
:108570006D732D3E7274746F662E64656C61795FE5
:10858000696E64696361746F722029203D3D2052D9
:10859000414C5F5354415455535F4F4B0000000012
:1085A00072616C5F7365745F64696F5F6972715F3C
:1085B000706172616D73282026282072702D3E72C2
:1085C0006164696F2D3E72616C20292C2052414CF0
:1085D0005F4952515F52585F444F4E45207C2052B4
:1085E000414C5F4952515F52585F54494D454F5578
:1085F00054207C2052414C5F4952515F52585F4891
:1086000044525F4552524F52207C2052414C5F49A8
:1086100052515F52585F4352435F4552524F52206E
:1086200029203D3D2052414C5F5354415455535FE6
:108630004F4B000072616C5F7365745F64696F5FBC
:108640006972715F706172616D73282026282072D3
:10865000702D3E726164696F2D3E72616C20292C11
:108660002052414C5F4952515F4341445F444F4E59
:1086700045207C2052414C5F4952515F52585F4423
:108680004F4E45207C2052414C5F4952515F525819
:108690005F54494D454F5554207C2052414C5F4911
:1086A00052515F52585F4844525F4552524F5220D8
:1086B0007C2052414C5F4952515F52585F435243B4
:1086C0005F4552524F522029203D3D2052414C5F80
:1086D0005354415455535F4F4B00000072616C5F1F
:1086E0007365745F7278282026282072702D3E7280
:1086F0006164696F2D3E72616C20292C2072702D8F
:108700003E726164696F5F706172616D735B696411
:108710005D2E72782E74696D656F75745F696E5F1A
:108720006D732029203D3D2052414C5F53544154EC
:1087300055535F4F4B00000072616C5F7365745F4F
:1087400072665F66726571282026282072702D3E41
:10875000726164696F2D3E72616C20292C207261F8
:1087600064696F5F706172616D732D3E74782E6CF9
:108770006F72612E72665F667265715F696E5F68A7
:108780007A2029203D3D2052414C5F53544154559D
:10879000535F4F4B0000000072616C5F7365745F44
:1087A0006C6F72615F6D6F645F706172616D732871
:1087B0002026282072702D3E726164696F2D3E72F2
:1087C000616C20292C2026726164696F5F70617270
:1087D000616D732D3E74782E6C6F72612E6D6F64B7
:1087E0005F706172616D732029203D3D2052414CC4
:1087F0005F5354415455535F4F4B000072616C5F9F
:108800007365745F74785F6366672820262820721A
:10881000702D3E726164696F2D3E72616C20292C4F
:1088200020726164696F5F706172616D732D3E7457
:10883000782E6C6F72612E6F75747075745F7077BF
:10884000725F696E5F64626D2C20726164696F5F34
:10885000706172616D732D3E74782E6C6F72612E33
:1088600072665F667265715F696E5F687A20292043
:108870003D3D2052414C5F5354415455535F4F4B43
:108880000000000072616C5F7365745F6C6F7261F1
:108890005F706B745F706172616D73282026282091
:1088A00072702D3E726164696F2D3E72616C202979
:1088B0002C2026726164696F5F706172616D732D27
:1088C0003E74782E6C6F72612E706B745F70617283
:1088D000616D732029203D3D2052414C5F5354412E
:1088E0005455535F4F4B000072616C5F7365745F4A
:1088F0006C6F72615F73796E635F776F726428204B
:1089000026282072702D3E726164696F2D3E72615F
:108910006C20292C20726164696F5F706172616DD7
:10892000732D3E74782E6C6F72612E73796E635F57
:10893000776F72642029203D3D2052414C5F535493
:10894000415455535F4F4B0072616C5F7365745FA8
:1089500064696F5F6972715F706172616D73282005
:1089600026282072702D3E726164696F2D3E7261FF
:108970006C20292C2052414C5F4952515F52545473
:108980004F465F455843485F56414C4944207C2040
:1089900052414C5F4952515F5254544F465F5449C3
:1089A0004D454F55542029203D3D2052414C5F53A9
:1089B00054415455535F4F4B0000000072616C5F8F
:1089C0007274746F665F7365745F726571756573D9
:1089D000745F616464726573732820262820727046
:1089E0002D3E726164696F2D3E72616C20292C20CE
:1089F000726164696F5F706172616D732D3E727434
:108A0000746F662E726571756573745F61646472EC
:108A10006573732029203D3D2052414C5F535441E2
:108A20005455535F4F4B000072616C665F73657401
:108A300075705F6C6F7261282072702D3E72616478
:108A4000696F2C202672702D3E726164696F5F70B1
:108A50006172616D735B69645D2E74782E6C6F72E8
:108A6000612029203D3D2052414C5F5354415455D3
:108A7000535F4F4B0000000072616C5F7365745F61
:108A800064696F5F6972715F706172616D732820D4
:108A900026282072702D3E726164696F2D3E7261CE
:108AA0006C20292C2052414C5F4952515F54585F31
:108AB000444F4E452029203D3D2052414C5F5354A8
:108AC000415455535F4F4B0072616C5F7365745F27
:108AD000706B745F7061796C6F6164282026282048
:108AE00072702D3E726164696F2D3E72616C202937
:108AF0002C2072702D3E7061796C6F61645B6964CB
:108B00005D2C2072702D3E7061796C6F61645F62C4
:108B100075666665725F73697A655B69645D202955
:108B2000203D3D2052414C5F5354415455535F4FBB
:108B30004B00000072616C5F7365745F64696F5F06
:108B40006972715F706172616D73282026282072CE
:108B5000702D3E726164696F2D3E72616C20292C0C
:108B60002052414C5F4952515F4341445F4F4B207B
:108B70007C2052414C5F4952515F54585F444F4EE4
:108B800045207C2052414C5F4952515F52585F54FE
:108B9000494D454F55542029203D3D2052414C5FC1
:108BA0005354415455535F4F4B00000072616C5F4A
:108BB0007365745F74785F696E66696E6974655F0A
:108BC000707265616D626C65282026282072702D98
:108BD0003E726164696F2D3E72616C2029202920EC
:108BE0003D3D2052414C5F5354415455535F4F4BD0
:108BF0000000000072616C5F7365745F74785F637E
:108C000077282026282072702D3E726164696F2DAE
:108C10003E72616C20292029203D3D2052414C5F4D
:108C20005354415455535F4F4B000000736D7463B0
:108C30005F7261635F74785F63616C6C6261636BC8
:108C400000000000736D74635F7261635F72785F30
:108C500063616C6C6261636B00000000736D746330
:108C60005F7261635F707265706172655F6361649A
:108C700000000000736D74635F7261635F63616421
:108C80005F6F6E6C795F63616C6C6261636B000037
:108C900072616C665F73657475705F666C72632871
:108CA0002072702D3E726164696F2C20267261649F
:108CB000696F5F706172616D732D3E72782E666CA4
:108CC00072632029203D3D2052414C5F5354415452
:108CD00055535F4F4B00000072616C5F7365745FAA
:108CE0007278282026282072702D3E726164696F88
:108CF0002D3E72616C20292C207261635F636F6E60
:108D00006669672D3E726164696F5F706172616D43
:108D1000732E666C72632E72785F74696D656F7501
:108D2000745F6D732029203D3D2052414C5F5354A8
:108D3000415455535F4F4B0072616C665F736574AD
:108D400075705F666C7263282072702D3E7261646C
:108D5000696F2C2026726164696F5F706172616D4A
:108D6000732D3E74782E666C72632029203D3D2061
:108D700052414C5F5354415455535F4F4B000000D8
:108D800072616C5F7365745F747828202628207286
:108D9000702D3E726164696F2D3E72616C202920D6
:108DA00029203D3D2052414C5F5354415455535F5F
:108DB0004F4B0000736D74635F7261635F666C722A
:108DC000635F74785F63616C6C6261636B00000069
:108DD000736D74635F7261635F666C72635F7278F8
:108DE0005F63616C6C6261636B00000072616C5F59
:108DF0006765745F616E645F636C6561725F697201
:108E0000715F73746174757328202672702D3E72C1
:108E10006164696F2D3E72616C2C202672616469F9
:108E20006F5F6972712029203D3D2052414C5F5394
:108E300054415455535F4F4B0000000072616C5F0A
:108E40006765745F666C72635F72785F706B745F86
:108E500073746174757328202672702D3E7261647C
:108E6000696F2D3E72616C2C2026666C72635F7098
:108E70006B745F7374617475732029203D3D2052BB
:108E8000414C5F5354415455535F4F4B0000000019
:108E900072616320666C72633A207278207472612A
:108EA0006E73616374696F6E202872656365707498
:108EB000696F6E29204572726F720A0072616C5F71
:108EC0007365745F706B745F7061796C6F61642837
:108ED000202672702D3E726164696F2D3E72616C46
:108EE0002C20736D74635F7261635F666C72635F85
:108EF00074785F667261676D656E7465645F6461E6
:108F000074612E74785F6669666F5B736D74635FFE
:108F10007261635F666C72635F74785F66726167CB
:108F20006D656E7465645F646174612E74785F66EC
:108F300069666F5F7074725F696E6465785D202E1C
:108F40007061796C6F61645F6275666665725B30D3
:108F50005D202B20736D74635F7261635F666C725A
:108F6000635F74785F667261676D656E7465645F78
:108F7000646174612E74785F6669666F5B736D748B
:108F8000635F7261635F666C72635F74785F667261
:108F900061676D656E7465645F646174612E747879
:108FA0005F6669666F5F7074725F696E6465785D35
:108FB000202E7061796C6F61645F696E6465782CD6
:108FC00020636F70795F73697A652029203D3D20A9
:108FD00052414C5F5354415455535F4F4B00000076
:108FE00072616C665F73657475705F666C7263281E
:108FF0002072702D3E726164696F2C2026666C723F
:10900000635F62757273745F72705F726164696FBF
:109010005F706172616D732E72782E666C72632060
:1090200029203D3D2052414C5F5354415455535FDC
:109030004F4B000072616C5F7365745F64696F5FB2
:109040006972715F706172616D73282026282072C9
:10905000702D3E726164696F2D3E72616C20292C07
:10906000206972712029203D3D2052414C5F5354AC
:10907000415455535F4F4B0072616C5F7365745F71
:109080007278282026282072702D3E726164696FE4
:109090002D3E72616C20292C20307846464646468B
:1090A0004646462029203D3D2052414C5F535441C5
:1090B0005455535F4F4B000072616C5F7365745F72
:1090C000666C72635F706B745F706172616D732840
:1090D000202672702D3E726164696F2D3E72616C44
:1090E0002C2026666C72635F62757273745F727097
:1090F0005F726164696F5F706172616D732E747805
:109100002E666C72632E706B745F706172616D732A
:109110002029203D3D2052414C5F5354415455532A
:109120005F4F4B0072616C5F636C6561725F697267
:10913000715F73746174757328202672702D3E728E
:109140006164696F2D3E72616C2C20726164696F7D
:109150005F697271207C2052414C5F4952515F54CB
:10916000585F444F4E452029203D3D2052414C5FE1
:109170005354415455535F4F4B00000072616320BC
:10918000666C72633A207478207472616E736163E6
:1091900074696F6E20287472616E736D6973736980
:1091A0006F6E29204572726F720A00005241432D82
:1091B000464C52432D425552535400005B25732DAB
:1091C00025735D205B253875206D735D20000000E0
:1091D000494E464F200000004C42543A20436861FB
:1091E0006E6E656C20697320627573792C206162E4
:1091F0006F7274696E67207472616E736D697373D8
:10920000696F6E00252E323138730A004C42543A91
:10921000204368616E6E656C2069732066726565B7
:109220002C20636F6E74696E75696E67207472614D
:109230006E736D697373696F6E00000072616C66A6
:109240005F73657475705F666C7263282072702D31
:109250003E726164696F2C2026666C72635F627572
:109260007273745F72705F726164696F5F70617254
:10927000616D732E74782E666C72632029203D3DDB
:109280002052414C5F5354415455535F4F4B0000A3
:1092900072616C5F7365745F72785F74785F66612A
:1092A0006C6C6261636B5F6D6F646528202628209B
:1092B00072702D3E726164696F2D3E72616C20295F
:1092C0002C2052414C5F46414C4C4241434B5F463F
:1092D000532029203D3D2052414C5F535441545569
:1092E000535F4F4B000000004552524F52000000A8
:1092F000464C52432D42555253543A20696E766182
:109300006C696420636F6E7465787420666F722078
:10931000726164696F2049442025750A00000000CD
:10932000464C52432D42555253543A20696E766151
:109330006C6964206D6F64756C6174696F6E207404
:1093400079706520666F7220726164696F2049448C
:109350002025750A00000000464C52432D4255520C
:1093600053543A207478206669666F207061796C76
:109370006F61642062756666657220257520697369
:10938000204E554C4C0A0000464C52432D4255523B
:1093900053543A207478206669666F207061796C46
:1093A0006F6164206C656E67746820257520697331
:1093B000204E554C4C0A0000736D74635F726163FC
:1093C0005F666C72635F74785F63616C6C6261632B
:1093D0006B000000707573685F7061636B65745F2C
:1093E000746F5F726164696F5F6669666F00000029
:1093F000736D74635F666C72635F74785F776F5FC1
:1094000073657475705F63616C6C6261636B00009F
:10941000736D74635F7261635F666C72635F706FBC
:1094200073745F74785F63616C6C6261636B00007E
:10943000736D74635F7261635F666C72635F727891
:109440005F63616C6C6261636B000000736D7463D9
:109450005F7261635F666C72635F706F73745F727B
:10946000785F63616C6C6261636B0000736D746341
:109470005F7261635F666C72635F627572737400C2
:1094800072616C665F73657475705F6766736B2875
:109490002072702D3E726164696F2C2026726164A7
:1094A000696F5F706172616D732D3E72782E6766B1
:1094B000736B2029203D3D2052414C5F5354415451
:1094C00055535F4F4B00000072616C5F7365745FB2
:1094D0007278282026282072702D3E726164696F90
:1094E0002D3E72616C20292C20726164696F5F705F
:1094F0006172616D732D3E72782E74696D656F7542
:10950000745F696E5F6D732029203D3D2052414C90
:109510005F5354415455535F4F4B000072616C666A
:109520005F73657475705F6766736B282072702D4A
:109530003E726164696F2C202672702D3E726164E8
:10954000696F5F706172616D735B69645D2E7478C1
:109550002E6766736B2029203D3D2052414C5F539E
:1095600054415455535F4F4B00000000736D7463BA
:109570005F7261635F66736B5F74785F63616C6C6D
:109580006261636B00000000736D74635F726163FE
:109590005F66736B5F72785F63616C6C6261636B53
:1095A00000000000C194C10072616C5F7365745F5C
:1095B000706B745F74797065282026282072702D76
:1095C0003E726164696F2D3E72616C20292C2052BD
:1095D000414C5F504B545F545950455F4746534B85
:1095E0002029203D3D2052414C5F53544154555356
:1095F0005F4F4B0072616C5F7365745F72665F668C
:10960000726571282026282072702D3E726164696F
:109610006F2D3E72616C20292C20726164696F5F2E
:10962000706172616D732E72782E6766736B2E7225
:10963000665F667265715F696E5F687A2029203D9A
:109640003D2052414C5F5354415455535F4F4B00A2
:1096500072616C5F7365745F6766736B5F6D6F6477
:109660005F706172616D73282026282072702D3E14
:10967000726164696F2D3E72616C20292C2026284E
:1096800020726164696F5F706172616D732E7278B0
:109690002E6766736B2E6D6F645F706172616D73A0
:1096A00020292029203D3D2052414C5F53544154F4
:1096B00055535F4F4B00000072616C5F7365745FC0
:1096C00064696F5F6972715F706172616D73282088
:1096D00026282072702D3E726164696F2D3E726182
:1096E0006C20292C2052414C5F4952515F4E4F4E05
:1096F000452029203D3D2052414C5F535441545553
:10970000535F4F4B0000000072616C5F7365745FC4
:109710007278282026282072702D3E726164696F4D
:109720002D3E72616C20292C2052414C5F52585FB3
:1097300054494D454F55545F434F4E54494E554F34
:1097400055535F4D4F44452029203D3D2052414C0B
:109750005F5354415455535F4F4B000072616C5F2F
:109760006765745F727373695F696E73742820260E
:10977000282072702D3E726164696F2D3E72616C9B
:1097800020292C2026727373695F746D7020292044
:109790003D3D2052414C5F5354415455535F4F4B14
:1097A0000000000072616C5F7365745F7374616EBA
:1097B000646279282026282072702D3E72616469C7
:1097C0006F2D3E72616C20292C2052414C5F535406
:1097D000414E4442595F4346475F52432029203D52
:1097E0003D2052414C5F5354415455535F4F4B0001
:1097F000736D74635F7261635F6C62745F6C6973D5
:1098000074656E5F6368616E6E656C0072616C5F3B
:109810006C725F666873735F696E697428202628AE
:109820002072702D3E726164696F2D3E72616C20F2
:10983000292C202672702D3E726164696F5F706101
:1098400072616D735B69645D2E74782E6C725F66F5
:109850006873732E72616C5F6C725F666873735F9E
:10986000706172616D732029203D3D2052414C5F33
:109870005354415455535F4F4B00000072616C5F6D
:109880007365745F74785F6366672820262820728A
:10989000702D3E726164696F2D3E72616C20292CBF
:1098A0002072702D3E726164696F5F706172616DCC
:1098B000735B69645D2E74782E6C725F6668737377
:1098C0002E6F75747075745F7077725F696E5F6408
:1098D000626D2C2072702D3E726164696F5F7061E1
:1098E00072616D735B69645D2E74782E6C725F6655
:1098F0006873732E72616C5F6C725F666873735FFE
:10990000706172616D732E63656E7465725F6672ED
:10991000657175656E63795F696E5F687A2029206D
:109920003D3D2052414C5F5354415455535F4F4B82
:109930000000000072616C5F7365745F64696F5F43
:109940006972715F706172616D73282026282072C0
:10995000702D3E726164696F2D3E72616C20292CFE
:109960002052414C5F4952515F54585F444F4E451D
:10997000207C2052414C5F4952515F4C525F464817
:1099800053535F484F502029203D3D2052414C5FAA
:109990005354415455535F4F4B00000072616C5F4C
:1099A0006C725F666873735F6275696C645F667220
:1099B000616D65282026282072702D3E72616469D1
:1099C0006F2D3E72616C20292C202672702D3E7204
:1099D0006164696F5F706172616D735B69645D2E54
:1099E00074782E6C725F666873732E72616C5F6C34
:1099F000725F666873735F706172616D732C20288B
:109A00002072616C5F6C725F666873735F6D656D09
:109A10006F72795F73746174655F7420292072704E
:109A20002D3E726164696F5F706172616D735B6915
:109A3000645D2E6C725F666873735F7374617465C6
:109A40002C2072702D3E726164696F5F706172616B
:109A50006D735B69645D2E74782E6C725F666873DB
:109A6000732E686F705F73657175656E63655F698E
:109A7000642C2072702D3E7061796C6F61645B693B
:109A8000645D2C2072702D3E7061796C6F61645F33
:109A90006275666665725F73697A655B69645D208D
:109AA00029203D3D2052414C5F5354415455535F52
:109AB0004F4B0000736D74635F7261635F6C72661D
:109AC0006873735F74785F63616C6C6261636B0071
:109AD0002C0F7995446566696E656420486F6F6BDD
:109AE000204944733A0A000052505F484F4F4B5F81
:109AF00049445F53555350454E443A2025640A006B
:109B000052505F484F4F4B5F5241435F5645525949
:109B10005F484947485F5052494F524954593A208B
:109B200025640A0052505F484F4F4B5F5241435FDC
:109B3000484947485F5052494F524954593A2025A5
:109B4000640A000052505F484F4F4B5F5241435FE1
:109B50004D454449554D5F5052494F524954593A29
:109B60002025640A0000000052505F484F4F4B5FB1
:109B70005241435F4C4F575F5052494F52495459DD
:109B80003A2025640A00000052505F484F4F4B5F57
:109B90005241435F564552595F4C4F575F505249AF
:109BA0004F524954593A2025640A000052505F48E8
:109BB0004F4F4B5F5241435F464C52505F4D4143C4
:109BC0003A2025640A00000052505F484F4F4B5F17
:109BD0005241435F464C52505F574F525F54583A80
:109BE0002025640A0000000052505F484F4F4B5F31
:109BF0005241435F464C52505F574F525F52583A62
:109C00002025640A0000000052505F484F4F4B5F10
:109C100049445F4C52314D41435F535441434B3AA9
:109C20002025640A0000000052505F484F4F4B5FF0
:109C300049445F4C42543A2025640A0052505F4820
:109C40004F4F4B5F49445F544553545F4D4F44451C
:109C50003A2025640A00000052505F484F4F4B5F86
:109C600049445F4449524543545F52505F41434326
:109C70004553533A2025640A0000000052505F48C3
:109C80004F4F4B5F49445F4D41583A2025640A00CD
:109C900072616C5F6765745F706B745F7061796C23
:109CA0006F6164282026282072702D3E72616469DD
:109CB0006F5F7461726765745F6174746163686516
:109CC000645F746F5F746869735F686F6F6B5B6903
:109CD000645D2D3E72616C20292C2072702D3E70C7
:109CE00061796C6F61645F6275666665725F7369E6
:109CF0007A655B69645D2C2072702D3E7061796CB1
:109D00006F61645B69645D2C202672702D3E7278F1
:109D10005F7061796C6F61645F73697A655B6964B8
:109D20005D2029203D3D2052414C5F535441545504
:109D3000535F4F4B0000000072616C5F6765745F9A
:109D40006C6F72615F72785F706B745F7374617453
:109D50007573282026282072702D3E726164696F09
:109D60005F7461726765745F617474616368656470
:109D70005F746F5F746869735F686F6F6B5B696452
:109D80005D2D3E72616C20292C202672702D3E7252
:109D90006164696F5F706172616D735B69645D2E90
:109DA00072782E6C6F72615F706B745F7374617424
:109DB00075732029203D3D2052414C5F535441543E
:109DC00055535F4F4B00000072616C5F6765745FB5
:109DD0006766736B5F72785F706B745F73746174C6
:109DE0007573282026282072702D3E726164696F79
:109DF0005F7461726765745F6174746163686564E0
:109E00005F746F5F746869735F686F6F6B5B6964C1
:109E10005D2D3E72616C20292C202672702D3E72C1
:109E20006164696F5F706172616D735B69645D2EFF
:109E300072782E6766736B5F706B745F7374617496
:109E400075732029203D3D2052414C5F53544154AD
:109E500055535F4F4B00000072616C5F6765745F24
:109E6000666C72635F72785F706B745F7374617439
:109E70007573282026282072702D3E726164696FE8
:109E80005F7461726765745F61747461636865644F
:109E90005F746F5F746869735F686F6F6B5B696431
:109EA0005D2D3E72616C20292C202672702D3E7231
:109EB0006164696F5F706172616D735B69645D2E6F
:109EC00072782E666C72635F706B745F737461740A
:109ED00075732029203D3D2052414C5F535441541D
:109EE00055535F4F4B00000052503A20535749548E
:109EF0004348205441534B202325642046524F4D64
:109F0000204153415020544F205343484544554C21
:109F10004544202873746172745F74696D655F696C
:109F20006E69745F6D733A25752C206E6F773A25D4
:109F3000752C20646966663A2564290A00000000D1
:109F400072616C5F7365745F7374616E64627928AB
:109F5000205441524745545F52414C2C2052414CB1
:109F60005F5354414E4442595F4346475F5243203A
:109F700029203D3D2052414C5F5354415455535F7D
:109F80004F4B000072616C5F636C6561725F697258
:109F9000715F73746174757328205441524745543E
:109FA0005F52414C2C2052414C5F4952515F414C11
:109FB0004C2029203D3D2052414C5F535441545583
:109FC000535F4F4B000000007461736B2073636834
:109FD0006564756C652061626F727465642062658A
:109FE000636175736520696E2074686520706173A4
:109FF000742025640A000000207461736B20696E70
:10A0000076616C69640A00002052503A20546173F2
:10A010006B20656E717565756520696D706F737302
:10A0200069626C652E205461736B20697320616CCA
:10A0300072656164792072756E6E696E670A0000E0
:10A040002052503A205741524E494E472054617396
:10A050006B20697320616C72656164792072756E22
:10A060006E696E670A00000052505F4641494C53CA
:10A07000414645202D202325640A000072616C5F53
:10A080007274746F665F6765745F7261775F726523
:10A0900073756C7428205441524745545F52414CAB
:10A0A0005F464F525F484F4F4B5F49442C207270C0
:10A0B0002D3E726164696F5F706172616D735B6880
:10A0C0006F6F6B5F69645D2E7274746F662E62775A
:10A0D0005F72616E67696E672C20267261775F64BC
:10A0E000697374616E63652C2026726573756C7478
:10A0F000735F6D657465722C2026727373695F726D
:10A100006573756C742029203D3D2052414C5F538E
:10A1100054415455535F4F4B0000000072616C5F17
:10A120006C725F666873735F68616E646C655F74A0
:10A13000785F646F6E6528205441524745545F52E2
:10A14000414C5F464F525F484F4F4B5F49442C2074
:10A150002672702D3E726164696F5F706172616D0D
:10A16000735B686F6F6B5F69645D2E74782E6C72C1
:10A170005F666873732E72616C5F6C725F66687382
:10A18000735F706172616D732C204E554C4C2029A9
:10A19000203D3D2052414C5F5354415455535F4F35
:10A1A0004B00000072616C5F6C725F666873735F76
:10A1B0006765745F6269745F64656C61795F696E1D
:10A1C0005F757328205441524745545F52414C5F9C
:10A1D000464F525F484F4F4B5F49442C20267270C8
:10A1E0002D3E726164696F5F706172616D735B684F
:10A1F0006F6F6B5F69645D2E74782E6C725F66683A
:10A2000073732E72616C5F6C725F666873735F70DC
:10A210006172616D732C2072702D3E7061796C6F6C
:10A2200061645F6275666665725F73697A655B68B3
:10A230006F6F6B5F69645D2C20266269745F646573
:10A240006C61795F75732029203D3D2052414C5F40
:10A250005354415455535F4F4B00000072616C5F83
:10A260006C725F666873735F68616E646C655F686B
:10A270006F7028205441524745545F52414C5F460D
:10A280004F525F484F4F4B5F49442C202672702D30
:10A290003E726164696F5F706172616D735B686F5C
:10A2A0006F6B5F69645D2E74782E6C725F66687385
:10A2B000732E72616C5F6C725F666873735F70613E
:10A2C00072616D732C20282072616C5F6C725F6606
:10A2D0006873735F6D656D6F72795F7374617465B8
:10A2E0005F7420292072702D3E726164696F5F7007
:10A2F0006172616D735B686F6F6B5F69645D2E6C1B
:10A30000725F666873735F73746174652029203DA2
:10A310003D2052414C5F5354415455535F4F4B00C5
:10A3200072616C5F7365745F736C6565702820542F
:10A3300041524745545F52414C2C20747275652040
:10A3400029203D3D2052414C5F5354415455535FA9
:10A350004F4B000072616C5F7365745F736C656571
:10A3600070282026282072702D3E726164696F5F0C
:10A370007461726765745F61747461636865645F5A
:10A38000746F5F746869735F686F6F6B5B695D2D75
:10A390003E72616C20292C20747275652029203D45
:10A3A0003D2052414C5F5354415455535F4F4B0035
:10A3B00020726164696F20706C616E6E65722069D5
:10A3C0007420627574206E6F206D6F7265207461E9
:10A3D000736B206163746976617465640A000000C0
:10A3E00072705F6765745F706B745F7061796C6FBA
:10A3F0006164000072705F6972715F6765745F739A
:10A40000746174757300000072705F63616C6C62DC
:10A4100061636B0072705F6765745F7374617475FC
:10A420007300000072705F7461736B5F61626F72C2
:10A430007400000072705F686F6F6B5F63616C6CBB
:10A440006261636B0000000072705F7461736B5F28
:10A45000617262697465720072705F7461736B5FC0
:10A46000656E71756575650072705F686F6F6B5FA3
:10A47000696E697400000000574553545F544F5093
:10A480004449522F6D6F64756C65732F6C69622F30
:10A490007573705F7A65706879722F6D6F64756C13
:10A4A00065732F736D74635F6D6F64656D5F686155
:10A4B0006C2F736D74635F6D6F64656D5F68616C45
:10A4C0002E6300007472616E736365697665720055
:10A4D000097472616E73636569766572206D757358
:10A4E000742062652070726F76696465640A00008A
:10A4F00025733A257520000028666C616773202655
:10A5000020282831554C203C3C2028323129292054
:10A510007C202831554C203C3C20283232292920EF
:10A520007C202831554C203C3C20283233292920DE
:10A530007C202831554C203C3C20283234292920CD
:10A540007C202831554C203C3C20283235292920BC
:10A550007C202831554C203C3C20283236292929A2
:10A5600029203D3D2030000009496E7465727275E6
:10A57000707420666C61677320617265206E6F7401
:10A5800020737570706F727465640A0021282866E4
:10A590006C6167732026202831554C203C3C2028D4
:10A5A0003136292929202626202128666C616773E7
:10A5B0002026202831554C203C3C202831372929A1
:10A5C000292026262028666C6167732026202831E2
:10A5D000203C3C20312929290000000009496E70E7
:10A5E00075742063616E6E6F7420626520656E61A4
:10A5F000626C656420666F7220274F70656E204420
:10A600007261696E272C20274F70656E20536F751D
:10A6100072636527206D6F64657320776974686F56
:10A620007574204F75747075740A000028666C612B
:10A630006773202620282831554C203C3C202831A7
:10A64000382929207C202831554C203C3C202831B9
:10A650003929292929203D3D2030207C7C2028666D
:10A660006C6167732026202831554C203C3C202803
:10A67000313729292920213D20300000094F7574E8
:10A68000707574206E6565647320746F2062652038
:10A69000656E61626C656420746F20626520696E0E
:10A6A000697469616C697A6564206C6F77206F7278
:10A6B00020686967680A000028666C616773202655
:10A6C00020282831554C203C3C2028323129292093
:10A6D0007C202831554C203C3C2028323229292925
:10A6E0002920213D20282831554C203C3C2028326F
:10A6F000312929207C202831554C203C3C2028320F
:10A7000032292929000000000943616E6E6F742010
:10A71000626F746820656E61626C6520616E642092
:10A7200064697361626C6520696E746572727570BC
:10A7300074730A0028666C6167732026202828310C
:10A74000554C203C3C202832312929207C202831BE
:10A75000554C203C3C202832322929292920213DF2
:10A7600020305500094D75737420656974686572F1
:10A7700020656E61626C65206F722064697361622E
:10A780006C6520696E74657272757074730A00006E
:10A790002828666C6167732026202831554C203CA0
:10A7A0003C20283232292929203D3D203029207C97
:10A7B0007C202828666C6167732026202831554C40
:10A7C000203C3C2028323429292920213D203029D1
:10A7D000207C7C202828666C61677320262028282E
:10A7E00031554C203C3C202832352929207C20281A
:10A7F00031554C203C3C202832362929292920215A
:10A800003D20282831554C203C3C20283235292930
:10A81000207C202831554C203C3C202832362929E8
:10A8200029290000094F6E6C79206F6E65206F66D4
:10A83000204750494F5F494E545F4C4F575F302C73
:10A84000204750494F5F494E545F484947485F3160
:10A850002063616E20626520656E61626C656420B4
:10A86000666F722061206C6576656C20696E746518
:10A8700072727570742E0A002828666C61677320E6
:10A8800026202831554C203C3C20283232292929C9
:10A89000203D3D203029207C7C202828666C616783
:10A8A00073202620282831554C203C3C2028323566
:10A8B0002929207C202831554C203C3C2028323648
:10A8C0002929292920213D203029207C7C20286627
:10A8D0006C616773202620302920213D2030000044
:10A8E000094174206C65617374206F6E65206F661A
:10A8F000204750494F5F494E545F4C4F575F302CB3
:10A90000204750494F5F494E545F484947485F319F
:10A910002068617320746F20626520656E61626CCF
:10A9200065642E0A000000006C6F72614030000008
:10A93000F05201000024F4000001000088510100E1
:10A9400007000100000000000100000000000000FE
:10A950008851010006000100885101000500100027
:10A960000300000038030020000000000102000086
:10A970000000000000010200070500001C06002086
:10A98000C00500203C050020B80400204004002041
:10A990002804002010040020F8030020E003002019
:10A9A000C8030020B003002098030020800300208B
:10A9B00074030020574553545F544F504449522F5D
:10A9C0006D6F64756C65732F68616C2F6E6F726448
:10A9D00069632F6E7266782F647269766572732F61
:10A9E0007372632F6E7266785F636C6F636B2E6336
:10A9F00000000000574553545F544F504449522FB4
:10AA00006D6F64756C65732F68616C2F6E6F726407
:10AA100069632F6E7266782F68616C2F6E72665F45
:10AA2000636C6F636B2E68006D5F636C6F636B5F4D
:10AA300063622E6D6F64756C655F696E69746961C0
:10AA40006C697A6564000000574553545F544F5059
:10AA50004449522F6D6F64756C65732F68616C2F5C
:10AA60006E6F726469632F6E7266782F6472697696
:10AA70006572732F7372632F6E7266785F63726193
:10AA800063656E2E630000006D5F63622E696E6900
:10AA90007469616C697A656420213D204E52465884
:10AAA0005F4452565F53544154455F554E494E4999
:10AAB0005449414C495A454400000000000100003F
:10AAC000574553545F544F504449522F6D6F64752E
:10AAD0006C65732F68616C2F6E6F726469632F6E83
:10AAE0007266782F647269766572732F7372632F42
:10AAF0006E7266785F6770696F74652E6300000020
:10AB0000574553545F544F504449522F6D6F6475ED
:10AB10006C65732F68616C2F6E6F726469632F6E42
:10AB20007266782F68616C2F6E72665F6770696FEE
:10AB300074652E6800000000696E646578203C2012
:10AB4000380000006E7266795F6770696F5F7069C8
:10AB50006E5F70726573656E745F636865636B28A2
:10AB600070696E290000000070696E5F69735F7420
:10AB700061736B5F6F757470757428705F696E7345
:10AB800074616E63652C2070696E290070696E5F58
:10AB900069735F696E70757428705F696E73746134
:10ABA0006E63652C2070696E2900000070696E5F0D
:10ABB0006861735F7472696767657228705F696E38
:10ABC0007374616E63652C2070696E29000000004B
:10ABD000705F6368616E6E656C000000696E745F23
:10ABE000656E61626C6500007F000000FFFF010080
:10ABF000FF070000000718232323232323232323F5
:10AC00002323232300010200574553545F544F5020
:10AC10004449522F6D6F64756C65732F68616C2F9A
:10AC20006E6F726469632F6E7266782F64726976D4
:10AC30006572732F7372632F6E7266785F677274BA
:10AC4000632E6300705F6368616E5F6461746100AE
:10AC5000574553545F544F504449522F6D6F64759C
:10AC60006C65732F68616C2F6E6F726469632F6EF1
:10AC70007266782F68616C2F6E72665F677274639C
:10AC80002E68000063635F6368616E6E656C203CD4
:10AC900020283132554C29006D5F63622E73746138
:10ACA0007465203D3D204E5246585F4452565F53D6
:10ACB000544154455F494E495449414C495A4544D1
:10ACC00000000000705F636F756E746572000000B5
:10ACD000705F6D61696E5F63635F6368616E6E650F
:10ACE0006C0000006D5F63622E6368616E6E656C60
:10ACF0005F646174615B305D2E6368616E6E656C6C
:10AD0000203D3D20300000006D5F63622E73746152
:10AD1000746520213D204E5246585F4452565F5381
:10AD2000544154455F554E494E495449414C495A46
:10AD300045440000737973636F756E7465725F6369
:10AD40006865636B286368616E6E656C29203D3DA4
:10AD5000204E5246585F535543434553530000001D
:10AD600063635F68203C3D2028307846464646466F
:10AD7000554C203C3C202830554C2929000000002F
:10AD80006D5F63622E6368616E6E656C5F64617493
:10AD9000615B695D2E6368616E6E656C203D3D2070
:10ADA00069647800574553545F544F504449522FBB
:10ADB0006D6F64756C65732F68616C2F6E6F726454
:10ADC00069632F6E7266782F647269766572732F6D
:10ADD0007372632F6E7266785F706F7765722E6321
:10ADE00000000000705F636F6E666967000000001E
:10ADF0006D5F706F667761726E5F68616E646C65BF
:10AE00007220213D202828766F6964202A29302964
:10AE1000000000006D5F736C6565706576745F6837
:10AE2000616E646C657220213D202828766F69640C
:10AE3000202A293029000000574553545F544F50B1
:10AE40004449522F6D6F64756C65732F68616C2F68
:10AE50006E6F726469632F6E7266782F68616C2FF3
:10AE60006E72665F7370696D2E6800007072657334
:10AE700063616C6572203E3D20282028705F7265FA
:10AE800067203D3D2028284E52465F5350494D5F74
:10AE9000547970652A29203078353030344130308B
:10AEA00030554C2929203F20283429203A202830A9
:10AEB000783032554C2929007072657363616C6576
:10AEC00072203C3D20282028705F726567203D3D40
:10AED0002028284E52465F5350494D5F5479706583
:10AEE0002A292030783530303441303030554C29E3
:10AEF00029203F202831323629203A20283078373F
:10AF000045554C2929000000282828707265736374
:10AF1000616C6572292025203229203D3D20302991
:10AF200000000000574553545F544F504449522F7E
:10AF30006D6F64756C65732F68616C2F6E6F7264D2
:10AF400069632F6E7266782F647269766572732FEB
:10AF50007372632F6E7266785F7370696D2E630013
:10AF6000705F63622D3E737461746520213D204ED5
:10AF70005246585F4452565F53544154455F554EB4
:10AF8000494E495449414C495A454400705F7866DE
:10AF900065725F646573632D3E705F74785F627580
:10AFA0006666657220213D202828766F6964202A14
:10AFB000293029207C7C20705F786665725F64652B
:10AFC00073632D3E74785F6C656E677468203D3DD9
:10AFD00020300000705F786665725F646573632D72
:10AFE0003E705F72785F62756666657220213D20F3
:10AFF0002828766F6964202A293029207C7C2070DB
:10B000005F786665725F646573632D3E72785F6C0E
:10B01000656E677468203D3D203000002828705F11
:10B02000786665725F646573632D3E72785F6C65E8
:10B030006E677468203C202831554C203C3C202809
:10B0400065617379646D615F737570706F72745F41
:10B05000626974735B705F696E7374616E63652D92
:10B060003E6472765F696E73745F6964785D2929E6
:10B07000292026262028705F786665725F646573D4
:10B08000632D3E74785F6C656E677468203C202881
:10B0900031554C203C3C202865617379646D615FBB
:10B0A000737570706F72745F626974735B705F69DF
:10B0B0006E7374616E63652D3E6472765F696E7344
:10B0C000745F6964785D2929292900002128666C4C
:10B0D0006167732026202831554C203C3C203329C1
:10B0E00029207C7C2028705F63622D3E73735F7023
:10B0F000696E203D3D2030784646464646464646E7
:10B1000029000000705F63622D3E68616E646C65AB
:10B11000720000007F000000FFFF0100FF07000039
:10B12000574553545F544F504449522F7A657068C5
:10B1300079722F6B65726E656C2F646576696365D5
:10B140002E630000646576203C3D205F646576696F
:10B1500063655F6C6973745F656E640009756E6525
:10B1600078706563746564206C69737420656E64BF
:10B17000206C6F636174696F6E0A00007263203E19
:10B180003D202D28307866662920262620726320EF
:10B190003C20300009646576696365202573206969
:10B1A0006E69743A20696E76616C696420657272AA
:10B1B0006F7220282564290A000000005745535467
:10B1C0005F544F504449522F7A65706879722F6BE3
:10B1D00065726E656C2F666174616C2E6300000091
:10B1E000726561736F6E20213D204B5F4552525F47
:10B1F0004B45524E454C5F50414E494300000000C4
:10B2000009417474656D7074656420746F20726593
:10B21000636F7665722066726F6D2061206B657258
:10B220006E656C2070616E696320636F6E64697413
:10B23000696F6E0A0000000009417474656D7074D6
:10B24000656420746F207265636F76657220667224
:10B250006F6D206120666174616C206572726F721F
:10B2600020696E204953520A00000000574553548C
:10B270005F544F504449522F7A65706879722F6B32
:10B2800065726E656C2F696E69742E630000000034
:10B290007468726561645F64617461203C3D205F25
:10B2A0005F7374617469635F7468726561645F641D
:10B2B0006174615F6C6973745F656E6400000000A7
:10B2C00069646C65000000006D61696E000000003B
:10B2D0009050010098500100E8500100F05001002A
:10B2E0004051010040510100574553545F544F50A5
:10B2F0004449522F7A65706879722F6B65726E655A
:10B300006C2F69646C652E63000000005F6B6572D2
:10B310006E656C2E637075735B305D2E6375727233
:10B32000656E742D3E626173652E7072696F203E8A
:10B330003D203000574553545F544F504449522FDD
:10B340007A65706879722F6B65726E656C2F6D759A
:10B350007465782E6300000021617263685F697311
:10B360005F696E5F6973722829000000096D75744A
:10B37000657865732063616E6E6F742062652075F9
:10B3800073656420696E7369646520495352730A5A
:10B39000000000006D757465782D3E6C6F636B5F07
:10B3A000636F756E74203E2030550000574553542E
:10B3B0005F544F504449522F7A65706879722F6BF1
:10B3C00065726E656C2F696E636C7564652F6B7347
:10B3D000636865642E68000021617263685F69724A
:10B3E000715F756E6C6F636B6564286B657929009E
:10B3F000090A00007468726561642D3E62617365BC
:10B400002E70656E6465645F6F6E0000574553541F
:10B410005F544F504449522F7A65706879722F6B90
:10B4200065726E656C2F73656D2E630028286172DE
:10B4300063685F69735F696E5F6973722829203D75
:10B440003D203029207C7C20282874696D656F752B
:10B4500074292E7469636B73203D3D202828286B66
:10B460005F74696D656F75745F74297B307D292900
:10B470002E7469636B7329290000000057455354EB
:10B480005F544F504449522F7A65706879722F6B20
:10B4900065726E656C2F7468726561642E6300005E
:10B4A000282828287072696F2929203D3D203135D0
:10B4B000202626207A5F69735F69646C655F746813
:10B4C000726561645F656E7472792828656E747246
:10B4D00079292929207C7C202828283135202D20F5
:10B4E0003129203E3D2028282D31362929292026A2
:10B4F000262028287072696F2929203E3D2028289F
:10B500002D313629292026262028287072696F2996
:10B5100029203C3D20283135202D203129292900A2
:10B5200009696E76616C6964207072696F72697402
:10B530007920282564293B20616C6C6F7765642035
:10B5400072616E67653A20256420746F2025640A55
:10B55000000000000954687265616473206D6179B0
:10B56000206E6F742062652063726561746564206B
:10B57000696E20495352730A000000005745535426
:10B580005F544F504449522F7A65706879722F6B1F
:10B5900065726E656C2F73636865642E63000000CE
:10B5A000217A5F69735F69646C655F746872656155
:10B5B000645F6F626A656374287468726561642988
:10B5C000000000002169735F7468726561645F64E4
:10B5D000756D6D79287468726561642900000000DA
:10B5E000574553545F544F504449522F7A65706801
:10B5F00079722F6B65726E656C2F696E636C756402
:10B60000652F6B7468726561642E68005F6B65728C
:10B610006E656C2E637075735B305D2E6375727230
:10B62000656E7420213D202828766F6964202A29C0
:10B6300030290000574553545F544F504449522F0E
:10B640007A65706879722F6B65726E656C2F696EA2
:10B65000636C7564652F6B737761702E68000000F2
:10B66000617263685F6972715F756E6C6F636B6541
:10B6700064286B657929207C7C205F6B65726E6520
:10B680006C2E637075735B305D2E63757272656EC0
:10B69000742D3E626173652E7468726561645F73B8
:10B6A0007461746520262028282831554C203C3CA4
:10B6B000202830292929207C20282831554C203C5D
:10B6C0003C202833292929290000000009436F6EF6
:10B6D0007465787420737769746368696E6720771E
:10B6E00068696C6520686F6C64696E67206C6F6355
:10B6F0006B210A0073697A656F66285F73636865FA
:10B70000645F7370696E6C6F636B29203D3D203000
:10B71000207C7C206C6F636B20213D20265F73634F
:10B720006865645F7370696E6C6F636B0000000026
:10B730005F6B65726E656C2E637075735B305D2E2A
:10B7400063757272656E742D3E626173652E7363EC
:10B750006865645F6C6F636B656420213D203155C3
:10B76000000000005F6B65726E656C2E6370757310
:10B770005B305D2E63757272656E742D3E6261730F
:10B78000652E73636865645F6C6F636B656420210D
:10B790003D20305500000000217465726D696E61B6
:10B7A000746500000961626F72746564205F63757F
:10B7B0007272656E74206261636B2066726F6D20B9
:10B7C000646561640A00000021657373656E7469C5
:10B7D000616C00000961626F727465642065737347
:10B7E000656E7469616C207468726561642025708F
:10B7F0000A000000574553545F544F504449522F9C
:10B800007A65706879722F6B65726E656C2F7469DA
:10B810006D65736C6963696E672E630028287469AF
:10B820006D656F75742920262620282875696E7429
:10B830007074725F742928736C6963655F74696DD5
:10B84000656F7574732929203C3D20282875696E21
:10B85000747074725F74292874696D656F757429CA
:10B860002920262620282875696E747074725F74EA
:10B87000292874696D656F75742929203C20282852
:10B8800075696E747074725F7429282628736C69E8
:10B8900063655F74696D656F757473295B282873C0
:10B8A000697A655F7429282828696E742973697A12
:10B8B000656F6628636861725B31202D2028322015
:10B8C0002A202128215F5F6275696C74696E5F743C
:10B8D000797065735F636F6D70617469626C655FC9
:10B8E00070285F5F747970656F665F5F28736C693D
:10B8F00063655F74696D656F757473292C205F5F74
:10B90000747970656F665F5F282628736C6963655C
:10B910005F74696D656F757473295B305D292929C2
:10B92000295D29202D203129202B202873697A6553
:10B930006F6628736C6963655F74696D656F757494
:10B940007329202F2073697A656F662828736C69C4
:10B9500063655F74696D656F757473295B305D290C
:10B960002929295D29292026262028282875696E5D
:10B97000747074725F74292874696D656F757429A9
:10B9800029202D20282875696E747074725F7429BF
:10B9900028736C6963655F74696D656F757473296D
:10B9A000292920252073697A656F662828736C69B8
:10B9B00063655F74696D656F757473295B305D29AC
:10B9C000203D3D2030290000574553545F544F50CF
:10B9D0004449522F7A65706879722F6B65726E6573
:10B9E0006C2F7468726561645F6D6F6E69746F72DD
:10B9F0002E630000757365725F636220213D20280D
:10BA000028766F6964202A2930290000097573653A
:10BA1000725F63622063616E206E6F7420626520C6
:10BA20004E554C4C0A000000574553545F544F503C
:10BA30004449522F7A65706879722F6B65726E6512
:10BA40006C2F74696D656F75742E63002173797343
:10BA50005F646E6F64655F69735F6C696E6B65646C
:10BA60002826746F2D3E6E6F646529005745535428
:10BA70005F544F504449522F7A65706879722F6B2A
:10BA800065726E656C2F706F6C6C2E630000000029
:10BA90006576656E742D3E73656D20213D202828E6
:10BAA000766F6964202A29302900000009696E76C2
:10BAB000616C69642073656D6170686F72650A0AF4
:10BAC000000000006576656E742D3E7175657565C4
:10BAD00020213D202828766F6964202A29302900FA
:10BAE00009696E76616C69642071756575650A0A0D
:10BAF000000000006576656E742D3E7369676E61A7
:10BB00006C20213D202828766F6964202A2930295D
:10BB10000000000009696E76616C696420706F6CCA
:10BB20006C207369676E616C0A0A00006576656E49
:10BB3000742D3E6D73677120213D202828766F6932
:10BB400064202A293029000009696E76616C6964D5
:10BB5000206D6573736167652071756575650A0A87
:10BB6000000000006576656E742D3E70697065207A
:10BB7000213D202828766F6964202A293029000079
:10BB800009696E76616C696420706970650A0A00E3
:10BB900009696E76616C6964206576656E742074DF
:10BBA0007970650A0A0000002A2A2A20426F6F7401
:10BBB000696E67205A6570687972204F53206275EC
:10BBC000696C642076342E332E30202A2A2A0A000B
:10BBD000574553545F544F504449522F7A6570680B
:10BBE00079722F6B65726E656C2F6B686561702E54
:10BBF0006300000021617263685F69735F696E5F53
:10BC00006973722829207C7C20282874696D656FEF
:10BC10007574292E7469636B73203D3D2028282894
:10BC20006B5F74696D656F75745F74297B307D29F6
:10BC3000292E7469636B73290000000068656170C8
:10BC4000203C3D205F6B5F686561705F6C69737459
:10BC50005F656E6400000000737973776F726B71BB
:10BC60000000000058BC0100000100008813000023
:10BC7000574553545F544F504449522F7A6570686A
:10BC800079722F6B65726E656C2F776F726B2E6396
:10BC90000000000068616E646C657220213D202800
:10BCA00028766F6964202A2930290000776F726B2B
:10BCB0002D3E717565756520213D202828766F69B8
:10BCC00064202A2930290000776F726B20213D20E3
:10BCD0002828766F6964202A29302900776F726BD3
:10BCE0002D3E68616E646C657220213D20282876A7
:10BCF0006F6964202A2930290000000021666C61E8
:10BD0000675F74657374282671756575652D3E6669
:10BD10006C6167732C204B5F574F524B5F515545F9
:10BD200055455F535441525445445F42495429009C
:10BD30007175657565000000737461636B000020A8
:10BD400020202020202020202828282828202020CB
:10BD5000202020202020202020202020202020887B
:10BD600010101010101010101010101010101004DF
:10BD7000040404040404040404101010101010102F
:10BD80004141414141410101010101010101010123
:10BD90000101010101010101010110101010101039
:10BDA00042424242424202020202020202020202F3
:10BDB000020202020202020202021010101020000F
:10BDC0000000000000000000000000000000000073
:10BDD0000000000000000000000000000000000063
:10BDE0000000000000000000000000000000000053
:10BDF0000000000000000000000000000000000043
:10BE00000000000000000000000000000000000032
:10BE10000000000000000000000000000000000022
:10BE20000000000000000000000000000000000012
:10BE300000000000000000000000000000000023DF
:10BE40002D302B2000686C4C006566674546470026
:10BE50003031323334353637383941424344454640
:10BE600000303132333435363738396162636465D6
:04BE70006600000068
:10BE74000000000067000000000000000000000057
:10BE840000000000000000000000000000000000AE
:10BE9400000000000000000000000000000000009E
:10BEA400000000000000000000000000000000008E
:10BEB400000000000000000000000000000000007E
:10BEC400000000000000000000000000000000006E
:10BED400000000000000000000000000000000005E
:10BEE400000000000000000000000000000000004E
:10BEF400000000000000000000000000000000003E
:10BF0400C0CA89360214000021204C5300000000EE
:10BF1400252000008942000000000000000000000D
:10BF2400E54C0000000000000000000000000000DC
:10BF3400E54C0000000000000000000000000000CC
:10BF4400E54C0000000000000000000000000000BC
:10BF54000D60000000000000F4000020000000005C
:10BF6400000000000000000000000000D0BF01201D
:10BF7400200000000000000000000000000000009D
:10BF8400000000000D6000000000000028010020F7
:10BF9400000000000000000000000000000000009D
:10BFA400F0BF01202000000000000000000000009D
:10BFB40000000000000000004D61000000000000CF
:10BFC4000000000000000000687101000100000092
:10BFD400600100206001002000000000010000005A
:10BFE40070010020700100207801002078010020F9
:10BFF40000000000010000008801002088010020EA
:10C00400000000000000000000000000000000002C
:10C01400000000000000000000000000000000001C
:10C0240000000000F05201000000000000000000C9
:10C0340018C0012010C00120196C0000000000008D
:10C04400FF00000000000000398800005188000053
:10C054005988000055880000158A0000318A0000C4
:10C06400418A0000458A00004D8A0000818A000050
:10C07400858A0000958A0000998A0000A18A000040
:10C08400A58A0000AD8A0000510F0000B58A0000A7
:10C09400E98A0000ED8A0000298B0000358B00003E
:10C0A400458B0000498B00004D8B0000518B000034
:10C0B400558B0000918B0000C58B0000E98B0000BC
:10C0C4001D8C0000418C0000598C00007D8C000008
:10C0D400158D00004D8D0000618D0000998D0000CC
:10C0E400218E00004D8E0000518E00006D8E0000E8
:10C0F400B18E0000198F00001D8F0000658F0000B5
:10C104008D8F0000B58F0000E18F000021900000AA
:10C114002990000071900000E59000002591000036
:10C12400699100006D910000819100008D910000E3
:10C13400A1910000A9910000C1910000C5910000E7
:10C1440025920000299200000D9300003D93000009
:10C15400359300006192000089920000C1920000B2
:10C16400E59200002D920000599200005D920000BB
:10C174006193000099930000B5930000B993000007
:10C18400BD930000C19300001D940000AD94000015
:10C1940019950000B19500000000000000000000A7
:10C1A40045D9000000000000050202000000000064
:10C1B40000000000000000001E0000000602030052
:10C1C4000000000000000000000000001E0000004D
:10C1D40008010000FF07FFFF885101000400200050
:10C1E400000000008025DB330016D63640B47E9173
:10C1F400922C0000322D00002E310000F82F000098
:10C20400983500007C330000962D0000BE2D000000
:10C2140050320000103100000A370000BC34000026
:10C22400082A00008A2A00005E2E0000782D0000F3
:10C234004A330000D4300000CC2400006C250000F8
:10C244005429000000280000FA2D00007A2B000079
:10C25400541A0000C21A0000DA1B00000C1C000073
:10C264004A1F00000A1E0000081B00004E1B0000AD
:10C274006A1D0000CA1C0000E01F00008C1E0000A4
:10C28400001900006E190000801B0000CC1A000089
:10C29400E01A0000B61C0000441600009E160000C0
:10C2A400B0180000FC170000B81A0000C8190000FC
:10C2B400B12100004F220000AA2200002623000022
:10C2C400B92300004924000009250000AE25000020
:10C2D4007026000059270000282800006529000066
:10C2E4000F290000C02B00007F2C00006E2D0000E1
:10C2F400602C0000732D0000D22E00007E3100005F
:10C30400EC330000233600007535000025390000A9
:10C314001C3C0000BC3D000076430000FF490000C7
:10C3240031520000FC570000E8030000E80300005D
:10C33400E8030000E8030000E8030000E80300004D
:10C34400E8030000E8030000E8030000E80300003D
:10C35400E8030000E8030000E8030000E80300002D
:10C36400E8030000E8030000E8030000E80300001D
:10C37400E8030000E8030000E8030000E80300000D
:10C38400E8030000E8030000E8030000E8030000FD
:10C39400E8030000E8030000E8030000E8030000ED
:10C3A400E8030000E8030000E8030000A028000000
:10C3B400742700002823000028230000D020000058
:10C3C400FC21000074270000F0230000682900000D
:10C3D4001027000010270000442F0000942A0000BA
:10C3E400E02E00002C330000F43300005834000029
:10C3F40008390000C43B0000A0410000B44600001E
:10C40400E84E00008C550000006400008C6E0000B3
:10C41400C87D0000E0920000B0B3000058CA0000DC
:10C4240074EF000074210100385D0100A8A601002A
:10C43400D91D07D91007DD1307E01307E31307E538
:10C444001007E81107EA1007ED1207EF1007F215BD
:10C4540007F41207F91E07F81007FB1807FE1B075D
:10C46400011D07041E07061E07071C070819070AF3
:10C4740019070F1F07101E07121E07151F07161E88
:10C4840007181E07181A071810070000EE0306F312
:10C494000205F30601FA0600040100040200020189
:10C4A400030E00000900030B03001001000B07003A
:10C4B40012020010050011070015010219030020E3
:10C4C40000012002001B03012002011C05011E05BE
:10C4D400012204011F050422040422050627030582
:10C4E4002506062805052907042B07042C07070041
:10C4F400145301000090D00300000000000000006D
:10C504000000000000000000000000000000000027
:10C514000000000000000000000000000000000017
:10C524000000000000000000000000000000000007
:10C5340000000000000000000000000000000000F7
:10C5440000000000000000000000000000000000E7
:10C5540008000000FF0000000000000002000000CE
:10C5640000000000000000000000000000000000C7
:10C5740000000000000000000000000000000000B7
:10C5840000000000000000000000000000000000A7
:10C594000000000000000000000000000000000097
:10C5A4000000000000000000000000000000000087
:10C5B4000000000000000000000000000400000073
:10C5C4000F00000000000000010000000000000057
:10C5D4007102000064070020640700207007002037
:10C5E4000000000000000000000000000000000047
:10C5F4000000000000000000000000000000000037
:10C604000000000000000000000000000000000026
:10C614000000000000000000000000000000000016
:10C624000000000000000000000000000000000006
:10C6340000000000000000000000000000000000F6
:02C64400FF01F4
:10C6460000000000000000000000000000000000E4
:0EC656000000000000000000000000000000D6
:10C664000000000000000000ED3C0100000000009C
:10C674000000000000000000080800200808002056
:10C68400C5D600000000000000000000000000000B
:08C6940000000000000000009E
:10C69C0000000000D0F3012000400000000000006A
:08C6AC00000000000000000086
:10C6B40040080020400800200000000000000000A6
:04C6C4000E00000064
:10C6C8005408002054080020000000000100000069
:08C6D800640800206408002042
:04C6E00015E015E06C
:040000030000398D33
:00000001FF
